SwiftPM standard and compatibility tests	Run Pane standard tests	﻿2026-08-03T15:33:27.3852000Z ##[group]Run mkdir -p .ci/p2-artifacts
SwiftPM standard and compatibility tests	Run Pane standard tests	2026-08-03T15:33:27.3852630Z ^[[36;1mmkdir -p .ci/p2-artifacts^[[0m
SwiftPM standard and compatibility tests	Run Pane standard tests	2026-08-03T15:33:27.3853130Z ^[[36;1mset -o pipefail^[[0m
SwiftPM standard and compatibility tests	Run Pane standard tests	2026-08-03T15:33:27.3853430Z ^[[36;1mswift test --filter PaneTests \^[[0m
SwiftPM standard and compatibility tests	Run Pane standard tests	2026-08-03T15:33:27.3853990Z ^[[36;1m  2>&1 | tee .ci/p2-artifacts/swiftpm-standard.log^[[0m
SwiftPM standard and compatibility tests	Run Pane standard tests	2026-08-03T15:33:27.4226880Z shell: /bin/bash -e {0}
SwiftPM standard and compatibility tests	Run Pane standard tests	2026-08-03T15:33:27.4227240Z env:
SwiftPM standard and compatibility tests	Run Pane standard tests	2026-08-03T15:33:27.4227690Z   DEVELOPER_DIR: /Applications/Xcode_26.4.app/Contents/Developer
SwiftPM standard and compatibility tests	Run Pane standard tests	2026-08-03T15:33:27.4228220Z   PANE_FIXTURE_STARTUP_TIMEOUT_SECONDS: 5
SwiftPM standard and compatibility tests	Run Pane standard tests	2026-08-03T15:33:27.4228590Z   PANE_FIXTURE_READINESS_TIMEOUT_SECONDS: 5
SwiftPM standard and compatibility tests	Run Pane standard tests	2026-08-03T15:33:27.4228960Z   PANE_FIXTURE_ACTION_TIMEOUT_SECONDS: 5
SwiftPM standard and compatibility tests	Run Pane standard tests	2026-08-03T15:33:27.4229260Z   PANE_FIXTURE_CLEANUP_TIMEOUT_SECONDS: 2
SwiftPM standard and compatibility tests	Run Pane standard tests	2026-08-03T15:33:27.4229620Z   PANE_FIXTURE_TOTAL_TIMEOUT_SECONDS: 20
SwiftPM standard and compatibility tests	Run Pane standard tests	2026-08-03T15:33:27.4230600Z   pythonLocation: /Users/runner/hostedtoolcache/Python/3.12.10/arm64
SwiftPM standard and compatibility tests	Run Pane standard tests	2026-08-03T15:33:27.4232080Z   PKG_CONFIG_PATH: /Users/runner/hostedtoolcache/Python/3.12.10/arm64/lib/pkgconfig
SwiftPM standard and compatibility tests	Run Pane standard tests	2026-08-03T15:33:27.4234210Z   Python_ROOT_DIR: /Users/runner/hostedtoolcache/Python/3.12.10/arm64
SwiftPM standard and compatibility tests	Run Pane standard tests	2026-08-03T15:33:27.4236070Z   Python2_ROOT_DIR: /Users/runner/hostedtoolcache/Python/3.12.10/arm64
SwiftPM standard and compatibility tests	Run Pane standard tests	2026-08-03T15:33:27.4239230Z   Python3_ROOT_DIR: /Users/runner/hostedtoolcache/Python/3.12.10/arm64
SwiftPM standard and compatibility tests	Run Pane standard tests	2026-08-03T15:33:27.4242010Z   PANE_FIXTURE_PYTHON: /Library/Frameworks/Python.framework/Versions/3.12/bin/python3
SwiftPM standard and compatibility tests	Run Pane standard tests	2026-08-03T15:33:27.4244120Z ##[endgroup]
SwiftPM standard and compatibility tests	Run Pane standard tests	2026-08-03T15:33:30.9732760Z [0/1] Planning build
SwiftPM standard and compatibility tests	Run Pane standard tests	2026-08-03T15:33:32.0926510Z [1/1] Compiling plugin GenerateManual
SwiftPM standard and compatibility tests	Run Pane standard tests	2026-08-03T15:33:33.1723520Z [2/2] Compiling plugin GenerateDoccReference
SwiftPM standard and compatibility tests	Run Pane standard tests	2026-08-03T15:33:33.1752410Z Building for debugging...
SwiftPM standard and compatibility tests	Run Pane standard tests	2026-08-03T15:33:33.1828670Z [2/7] Copying Fixtures
SwiftPM standard and compatibility tests	Run Pane standard tests	2026-08-03T15:33:33.1832310Z [2/7] Write sources
SwiftPM standard and compatibility tests	Run Pane standard tests	2026-08-03T15:33:33.3720190Z [5/7] Write swift-version-3EF66BD97523F833.txt
SwiftPM standard and compatibility tests	Run Pane standard tests	2026-08-03T15:33:35.5530340Z [7/35] Emitting module PaneTests
SwiftPM standard and compatibility tests	Run Pane standard tests	2026-08-03T15:33:36.7377230Z [8/45] Compiling PaneTests BlockOutputSanitizerTests.swift
SwiftPM standard and compatibility tests	Run Pane standard tests	2026-08-03T15:33:36.7479970Z [9/45] Compiling PaneTests BlockStreamParserTests.swift
SwiftPM standard and compatibility tests	Run Pane standard tests	2026-08-03T15:33:36.7580210Z [10/45] Compiling PaneTests BlocksViewScrollTests.swift
SwiftPM standard and compatibility tests	Run Pane standard tests	2026-08-03T15:33:37.5708410Z [11/47] Emitting module PaneCompatibilityTests
SwiftPM standard and compatibility tests	Run Pane standard tests	2026-08-03T15:33:37.5813120Z [12/47] Compiling PaneTests AlternateScreenTranscriptFilterTests.swift
SwiftPM standard and compatibility tests	Run Pane standard tests	2026-08-03T15:33:37.5916180Z [13/47] Compiling PaneTests AutocompleteRequestGateTests.swift
SwiftPM standard and compatibility tests	Run Pane standard tests	2026-08-03T15:33:37.6018150Z [14/47] Compiling PaneTests BlockLifecycleControllerTests.swift
SwiftPM standard and compatibility tests	Run Pane standard tests	2026-08-03T15:33:38.4308470Z [15/47] Compiling PaneCompatibilityTests WorkspaceStressRunner.swift
SwiftPM standard and compatibility tests	Run Pane standard tests	2026-08-03T15:33:38.4410350Z [16/47] Compiling PaneCompatibilityTests WorkspaceStressRunnerTests.swift
SwiftPM standard and compatibility tests	Run Pane standard tests	2026-08-03T15:33:38.7024970Z [25/47] Compiling PaneTests CommandClickableTextViewTests.swift
SwiftPM standard and compatibility tests	Run Pane standard tests	2026-08-03T15:33:38.7129460Z [26/47] Compiling PaneTests CommandHistoryTests.swift
SwiftPM standard and compatibility tests	Run Pane standard tests	2026-08-03T15:33:38.7243870Z [27/47] Compiling PaneTests CommandSerializerTests.swift
SwiftPM standard and compatibility tests	Run Pane standard tests	2026-08-03T15:33:38.7345900Z [28/47] Compiling PaneTests CompletionInteractionTests.swift
SwiftPM standard and compatibility tests	Run Pane standard tests	2026-08-03T15:33:38.7447350Z [29/47] Compiling PaneTests CompletionRankerTests.swift
SwiftPM standard and compatibility tests	Run Pane standard tests	2026-08-03T15:33:38.7549420Z [30/47] Compiling PaneTests CompletionServiceTests.swift
SwiftPM standard and compatibility tests	Run Pane standard tests	2026-08-03T15:33:38.7650920Z [31/47] Compiling PaneTests ComposerContextTests.swift
SwiftPM standard and compatibility tests	Run Pane standard tests	2026-08-03T15:33:38.7752290Z [32/47] Compiling PaneTests InputModeTests.swift
SwiftPM standard and compatibility tests	Run Pane standard tests	2026-08-03T15:33:38.7854330Z [33/47] Compiling PaneTests LargeOutputHardeningTests.swift
SwiftPM standard and compatibility tests	Run Pane standard tests	2026-08-03T15:33:38.7956550Z [34/47] Compiling PaneTests ProjectContextProviderTests.swift
SwiftPM standard and compatibility tests	Run Pane standard tests	2026-08-03T15:33:38.8058290Z [35/47] Compiling PaneTests ResourceLifecycleHardeningTests.swift
SwiftPM standard and compatibility tests	Run Pane standard tests	2026-08-03T15:33:38.8160410Z [36/47] Compiling PaneTests ResourcePerformanceTests.swift
SwiftPM standard and compatibility tests	Run Pane standard tests	2026-08-03T15:33:45.8427180Z [37/47] Compiling PaneTests RuntimeStateStoreTests.swift
SwiftPM standard and compatibility tests	Run Pane standard tests	2026-08-03T15:33:45.8428920Z [38/47] Compiling PaneTests SensitiveDataSanitizerTests.swift
SwiftPM standard and compatibility tests	Run Pane standard tests	2026-08-03T15:33:45.8430290Z [39/47] Compiling PaneTests SessionRecoveryTests.swift
SwiftPM standard and compatibility tests	Run Pane standard tests	2026-08-03T15:33:45.8436350Z [40/47] Compiling PaneTests ShellConfigurationTests.swift
SwiftPM standard and compatibility tests	Run Pane standard tests	2026-08-03T15:33:45.8437620Z [41/47] Compiling PaneTests TerminalInteractionControllerTests.swift
SwiftPM standard and compatibility tests	Run Pane standard tests	2026-08-03T15:33:45.8439300Z [42/47] Compiling PaneTests TerminalReplaySanitizerTests.swift
SwiftPM standard and compatibility tests	Run Pane standard tests	2026-08-03T15:33:45.8441060Z [43/47] Compiling PaneTests TerminalSessionHardeningTests.swift
SwiftPM standard and compatibility tests	Run Pane standard tests	2026-08-03T15:33:45.8444690Z [44/47] Compiling PaneTests TerminalSessionIntegrationTests.swift
SwiftPM standard and compatibility tests	Run Pane standard tests	2026-08-03T15:33:45.8445580Z [45/47] Compiling PaneTests TerminalWorkspaceControllerTests.swift
SwiftPM standard and compatibility tests	Run Pane standard tests	2026-08-03T15:33:45.8446230Z [46/47] Compiling PaneTests WorkspaceSnapshotStoreTests.swift
SwiftPM standard and compatibility tests	Run Pane standard tests	2026-08-03T15:33:46.1044520Z [46/48] Write Objects.LinkFileList
SwiftPM standard and compatibility tests	Run Pane standard tests	2026-08-03T15:33:48.3323500Z [47/48] Linking PanePackageTests
SwiftPM standard and compatibility tests	Run Pane standard tests	2026-08-03T15:33:48.3361950Z Build complete! (19.26s)
SwiftPM standard and compatibility tests	Run Pane standard tests	2026-08-03T15:33:58.1722960Z Test Suite 'Selected tests' started at 2026-08-03 15:33:49.669.
SwiftPM standard and compatibility tests	Run Pane standard tests	2026-08-03T15:33:58.1725360Z Test Suite 'PanePackageTests.xctest' started at 2026-08-03 15:33:49.676.
SwiftPM standard and compatibility tests	Run Pane standard tests	2026-08-03T15:33:58.1726350Z Test Suite 'AlternateScreenTranscriptFilterTests' started at 2026-08-03 15:33:49.676.
SwiftPM standard and compatibility tests	Run Pane standard tests	2026-08-03T15:33:58.1727860Z Test Case '-[PaneTests.AlternateScreenTranscriptFilterTests testAllSupportedPrivateModesToggleAcrossSingleByteChunks]' started.
SwiftPM standard and compatibility tests	Run Pane standard tests	2026-08-03T15:33:58.1729830Z Test Case '-[PaneTests.AlternateScreenTranscriptFilterTests testAllSupportedPrivateModesToggleAcrossSingleByteChunks]' passed (0.006 seconds).
SwiftPM standard and compatibility tests	Run Pane standard tests	2026-08-03T15:33:58.1732250Z Test Case '-[PaneTests.AlternateScreenTranscriptFilterTests testAlternateScreenFramesAreReplacedWithoutMergingNormalContent]' started.
SwiftPM standard and compatibility tests	Run Pane standard tests	2026-08-03T15:33:58.1755970Z Test Case '-[PaneTests.AlternateScreenTranscriptFilterTests testAlternateScreenFramesAreReplacedWithoutMergingNormalContent]' passed (0.000 seconds).
SwiftPM standard and compatibility tests	Run Pane standard tests	2026-08-03T15:33:58.1760480Z Test Case '-[PaneTests.AlternateScreenTranscriptFilterTests testCombinedPrivateModeSequenceIsRecognized]' started.
SwiftPM standard and compatibility tests	Run Pane standard tests	2026-08-03T15:33:58.1764350Z Test Case '-[PaneTests.AlternateScreenTranscriptFilterTests testCombinedPrivateModeSequenceIsRecognized]' passed (0.000 seconds).
SwiftPM standard and compatibility tests	Run Pane standard tests	2026-08-03T15:33:58.1768130Z Test Case '-[PaneTests.AlternateScreenTranscriptFilterTests testLifecycleMarkerPassesThroughWhileAlternateScreenIsActive]' started.
SwiftPM standard and compatibility tests	Run Pane standard tests	2026-08-03T15:33:58.1770960Z Test Case '-[PaneTests.AlternateScreenTranscriptFilterTests testLifecycleMarkerPassesThroughWhileAlternateScreenIsActive]' passed (0.000 seconds).
SwiftPM standard and compatibility tests	Run Pane standard tests	2026-08-03T15:33:58.1774650Z Test Case '-[PaneTests.AlternateScreenTranscriptFilterTests testOversizedSequenceDoesNotResetAlternateScreenState]' started.
SwiftPM standard and compatibility tests	Run Pane standard tests	2026-08-03T15:33:58.1776850Z Test Case '-[PaneTests.AlternateScreenTranscriptFilterTests testOversizedSequenceDoesNotResetAlternateScreenState]' passed (0.005 seconds).
SwiftPM standard and compatibility tests	Run Pane standard tests	2026-08-03T15:33:58.1778180Z Test Case '-[PaneTests.AlternateScreenTranscriptFilterTests testOversizedUnterminatedOSCIsDiscardedAndNormalParsingRecovers]' started.
SwiftPM standard and compatibility tests	Run Pane standard tests	2026-08-03T15:33:58.1820820Z Test Case '-[PaneTests.AlternateScreenTranscriptFilterTests testOversizedUnterminatedOSCIsDiscardedAndNormalParsingRecovers]' passed (0.004 seconds).
SwiftPM standard and compatibility tests	Run Pane standard tests	2026-08-03T15:33:58.1822310Z Test Case '-[PaneTests.AlternateScreenTranscriptFilterTests testRepeatedEnterEmitsOnePlaceholderPerInactiveToActiveTransition]' started.
SwiftPM standard and compatibility tests	Run Pane standard tests	2026-08-03T15:33:58.1823710Z Test Case '-[PaneTests.AlternateScreenTranscriptFilterTests testRepeatedEnterEmitsOnePlaceholderPerInactiveToActiveTransition]' passed (0.001 seconds).
SwiftPM standard and compatibility tests	Run Pane standard tests	2026-08-03T15:33:58.1825760Z Test Case '-[PaneTests.AlternateScreenTranscriptFilterTests testUnrelatedEscapeSequencesRemainByteForByteIdentical]' started.
SwiftPM standard and compatibility tests	Run Pane standard tests	2026-08-03T15:33:58.1826750Z Test Case '-[PaneTests.AlternateScreenTranscriptFilterTests testUnrelatedEscapeSequencesRemainByteForByteIdentical]' passed (0.001 seconds).
SwiftPM standard and compatibility tests	Run Pane standard tests	2026-08-03T15:33:58.1827770Z Test Suite 'AlternateScreenTranscriptFilterTests' passed at 2026-08-03 15:33:49.696.
SwiftPM standard and compatibility tests	Run Pane standard tests	2026-08-03T15:33:58.1828440Z 	 Executed 8 tests, with 0 failures (0 unexpected) in 0.018 (0.020) seconds
SwiftPM standard and compatibility tests	Run Pane standard tests	2026-08-03T15:33:58.1829250Z Test Suite 'AutocompleteRequestGateTests' started at 2026-08-03 15:33:49.696.
SwiftPM standard and compatibility tests	Run Pane standard tests	2026-08-03T15:33:58.1840570Z Test Case '-[PaneTests.AutocompleteRequestGateTests testClearInvalidatesRequestAndStartsNoEmptyRequest]' started.
SwiftPM standard and compatibility tests	Run Pane standard tests	2026-08-03T15:33:58.1843000Z Test Case '-[PaneTests.AutocompleteRequestGateTests testClearInvalidatesRequestAndStartsNoEmptyRequest]' passed (0.001 seconds).
SwiftPM standard and compatibility tests	Run Pane standard tests	2026-08-03T15:33:58.1845090Z Test Case '-[PaneTests.AutocompleteRequestGateTests testOlderGenerationCannotPublishOverNewerInput]' started.
SwiftPM standard and compatibility tests	Run Pane standard tests	2026-08-03T15:33:58.1847340Z Test Case '-[PaneTests.AutocompleteRequestGateTests testOlderGenerationCannotPublishOverNewerInput]' passed (0.000 seconds).
SwiftPM standard and compatibility tests	Run Pane standard tests	2026-08-03T15:33:58.1849650Z Test Case '-[PaneTests.AutocompleteRequestGateTests testQueryValidationIsTrimmedButCaseSensitive]' started.
SwiftPM standard and compatibility tests	Run Pane standard tests	2026-08-03T15:33:58.1851650Z Test Case '-[PaneTests.AutocompleteRequestGateTests testQueryValidationIsTrimmedButCaseSensitive]' passed (0.000 seconds).
SwiftPM standard and compatibility tests	Run Pane standard tests	2026-08-03T15:33:58.1853630Z Test Case '-[PaneTests.AutocompleteRequestGateTests testRequestIsScopedToSessionAndTab]' started.
SwiftPM standard and compatibility tests	Run Pane standard tests	2026-08-03T15:33:58.1855570Z Test Case '-[PaneTests.AutocompleteRequestGateTests testRequestIsScopedToSessionAndTab]' passed (0.000 seconds).
SwiftPM standard and compatibility tests	Run Pane standard tests	2026-08-03T15:33:58.1857660Z Test Case '-[PaneTests.AutocompleteRequestGateTests testSubmissionInvalidationRejectsPendingResult]' started.
SwiftPM standard and compatibility tests	Run Pane standard tests	2026-08-03T15:33:58.1859870Z Test Case '-[PaneTests.AutocompleteRequestGateTests testSubmissionInvalidationRejectsPendingResult]' passed (0.001 seconds).
SwiftPM standard and compatibility tests	Run Pane standard tests	2026-08-03T15:33:58.1861570Z Test Suite 'AutocompleteRequestGateTests' passed at 2026-08-03 15:33:49.700.
SwiftPM standard and compatibility tests	Run Pane standard tests	2026-08-03T15:33:58.1862790Z 	 Executed 5 tests, with 0 failures (0 unexpected) in 0.003 (0.004) seconds
SwiftPM standard and compatibility tests	Run Pane standard tests	2026-08-03T15:33:58.1865070Z Test Suite 'BlockLifecycleControllerTests' started at 2026-08-03 15:33:49.700.
SwiftPM standard and compatibility tests	Run Pane standard tests	2026-08-03T15:33:58.1867080Z Test Case '-[PaneTests.BlockLifecycleControllerTests testQueueStartAndCompletionHaveOneAuthoritativeLifecycle]' started.
SwiftPM standard and compatibility tests	Run Pane standard tests	2026-08-03T15:33:58.1869510Z Test Case '-[PaneTests.BlockLifecycleControllerTests testQueueStartAndCompletionHaveOneAuthoritativeLifecycle]' passed (0.002 seconds).
SwiftPM standard and compatibility tests	Run Pane standard tests	2026-08-03T15:33:58.1872080Z Test Case '-[PaneTests.BlockLifecycleControllerTests testRestartInterruptsRunningAndQueuedBlocksAndRetainsSanitizedReplay]' started.
SwiftPM standard and compatibility tests	Run Pane standard tests	2026-08-03T15:33:58.1875190Z Test Case '-[PaneTests.BlockLifecycleControllerTests testRestartInterruptsRunningAndQueuedBlocksAndRetainsSanitizedReplay]' passed (0.003 seconds).
SwiftPM standard and compatibility tests	Run Pane standard tests	2026-08-03T15:33:58.1877830Z Test Case '-[PaneTests.BlockLifecycleControllerTests testSecondCommandCannotStartWhileAnotherBlockIsRunning]' started.
SwiftPM standard and compatibility tests	Run Pane standard tests	2026-08-03T15:33:58.1880280Z Test Case '-[PaneTests.BlockLifecycleControllerTests testSecondCommandCannotStartWhileAnotherBlockIsRunning]' passed (0.001 seconds).
SwiftPM standard and compatibility tests	Run Pane standard tests	2026-08-03T15:33:58.1882450Z Test Suite 'BlockLifecycleControllerTests' passed at 2026-08-03 15:33:49.706.
SwiftPM standard and compatibility tests	Run Pane standard tests	2026-08-03T15:33:58.1883760Z 	 Executed 3 tests, with 0 failures (0 unexpected) in 0.006 (0.007) seconds
SwiftPM standard and compatibility tests	Run Pane standard tests	2026-08-03T15:33:58.1885310Z Test Suite 'BlockOutputSanitizerTests' started at 2026-08-03 15:33:49.707.
SwiftPM standard and compatibility tests	Run Pane standard tests	2026-08-03T15:33:58.1887220Z Test Case '-[PaneTests.BlockOutputSanitizerTests testCarriageReturnProgressKeepsOnlyTheLastFrame]' started.
SwiftPM standard and compatibility tests	Run Pane standard tests	2026-08-03T15:33:58.1889300Z Test Case '-[PaneTests.BlockOutputSanitizerTests testCarriageReturnProgressKeepsOnlyTheLastFrame]' passed (0.001 seconds).
SwiftPM standard and compatibility tests	Run Pane standard tests	2026-08-03T15:33:58.1891600Z Test Case '-[PaneTests.BlockOutputSanitizerTests testEraseLineRemovesLongerPreviousProgressFrame]' started.
SwiftPM standard and compatibility tests	Run Pane standard tests	2026-08-03T15:33:58.1893700Z Test Case '-[PaneTests.BlockOutputSanitizerTests testEraseLineRemovesLongerPreviousProgressFrame]' passed (0.001 seconds).
SwiftPM standard and compatibility tests	Run Pane standard tests	2026-08-03T15:33:58.1895710Z Test Case '-[PaneTests.BlockOutputSanitizerTests testRemovesANSIAndNormalizesCarriageReturns]' started.
SwiftPM standard and compatibility tests	Run Pane standard tests	2026-08-03T15:33:58.1898160Z Test Case '-[PaneTests.BlockOutputSanitizerTests testRemovesANSIAndNormalizesCarriageReturns]' passed (0.000 seconds).
SwiftPM standard and compatibility tests	Run Pane standard tests	2026-08-03T15:33:58.1900220Z Test Case '-[PaneTests.BlockOutputSanitizerTests testRemovesOperatingSystemCommands]' started.
SwiftPM standard and compatibility tests	Run Pane standard tests	2026-08-03T15:33:58.1903530Z Test Case '-[PaneTests.BlockOutputSanitizerTests testRemovesOperatingSystemCommands]' passed (0.001 seconds).
SwiftPM standard and compatibility tests	Run Pane standard tests	2026-08-03T15:33:58.1905190Z Test Suite 'BlockOutputSanitizerTests' passed at 2026-08-03 15:33:49.710.
SwiftPM standard and compatibility tests	Run Pane standard tests	2026-08-03T15:33:58.1906470Z 	 Executed 4 tests, with 0 failures (0 unexpected) in 0.002 (0.003) seconds
SwiftPM standard and compatibility tests	Run Pane standard tests	2026-08-03T15:33:58.1907740Z Test Suite 'BlockStreamParserTests' started at 2026-08-03 15:33:49.710.
SwiftPM standard and compatibility tests	Run Pane standard tests	2026-08-03T15:33:58.1909600Z Test Case '-[PaneTests.BlockStreamParserTests testMalformedMarkerIsConsumedWithoutCreatingLifecycleEvent]' started.
SwiftPM standard and compatibility tests	Run Pane standard tests	2026-08-03T15:33:58.1912020Z Test Case '-[PaneTests.BlockStreamParserTests testMalformedMarkerIsConsumedWithoutCreatingLifecycleEvent]' passed (0.000 seconds).
SwiftPM standard and compatibility tests	Run Pane standard tests	2026-08-03T15:33:58.1914300Z Test Case '-[PaneTests.BlockStreamParserTests testOnlyAPossiblePartialMarkerIsRetainedAcrossChunks]' started.
SwiftPM standard and compatibility tests	Run Pane standard tests	2026-08-03T15:33:58.1916710Z Test Case '-[PaneTests.BlockStreamParserTests testOnlyAPossiblePartialMarkerIsRetainedAcrossChunks]' passed (0.001 seconds).
SwiftPM standard and compatibility tests	Run Pane standard tests	2026-08-03T15:33:58.1918820Z Test Case '-[PaneTests.BlockStreamParserTests testOrdinaryShortOutputIsEmittedImmediately]' started.
SwiftPM standard and compatibility tests	Run Pane standard tests	2026-08-03T15:33:58.1921010Z Test Case '-[PaneTests.BlockStreamParserTests testOrdinaryShortOutputIsEmittedImmediately]' passed (0.000 seconds).
SwiftPM standard and compatibility tests	Run Pane standard tests	2026-08-03T15:33:58.1923320Z Test Case '-[PaneTests.BlockStreamParserTests testOversizedTerminatedMarkerDoesNotHideFollowingValidMarker]' started.
SwiftPM standard and compatibility tests	Run Pane standard tests	2026-08-03T15:33:58.1925650Z Test Case '-[PaneTests.BlockStreamParserTests testOversizedTerminatedMarkerDoesNotHideFollowingValidMarker]' passed (0.001 seconds).
SwiftPM standard and compatibility tests	Run Pane standard tests	2026-08-03T15:33:58.1930350Z Test Case '-[PaneTests.BlockStreamParserTests testOversizedUnterminatedMarkerIsDiscardedAndParserRecovers]' started.
SwiftPM standard and compatibility tests	Run Pane standard tests	2026-08-03T15:33:58.1934670Z Test Case '-[PaneTests.BlockStreamParserTests testOversizedUnterminatedMarkerIsDiscardedAndParserRecovers]' passed (0.001 seconds).
SwiftPM standard and compatibility tests	Run Pane standard tests	2026-08-03T15:33:58.1936600Z Test Case '-[PaneTests.BlockStreamParserTests testParsesMarkersAcrossChunkBoundariesAndPreservesOutput]' started.
SwiftPM standard and compatibility tests	Run Pane standard tests	2026-08-03T15:33:58.1939070Z Test Case '-[PaneTests.BlockStreamParserTests testParsesMarkersAcrossChunkBoundariesAndPreservesOutput]' passed (0.001 seconds).
SwiftPM standard and compatibility tests	Run Pane standard tests	2026-08-03T15:33:58.1940430Z Test Case '-[PaneTests.BlockStreamParserTests testStartMarkerDecodesDirectTerminalCommand]' started.
SwiftPM standard and compatibility tests	Run Pane standard tests	2026-08-03T15:33:58.1942870Z Test Case '-[PaneTests.BlockStreamParserTests testStartMarkerDecodesDirectTerminalCommand]' passed (0.000 seconds).
SwiftPM standard and compatibility tests	Run Pane standard tests	2026-08-03T15:33:58.1944320Z Test Suite 'BlockStreamParserTests' passed at 2026-08-03 15:33:49.716.
SwiftPM standard and compatibility tests	Run Pane standard tests	2026-08-03T15:33:58.1945060Z 	 Executed 7 tests, with 0 failures (0 unexpected) in 0.005 (0.006) seconds
SwiftPM standard and compatibility tests	Run Pane standard tests	2026-08-03T15:33:58.1946300Z Test Suite 'BlocksViewScrollTests' started at 2026-08-03 15:33:49.716.
SwiftPM standard and compatibility tests	Run Pane standard tests	2026-08-03T15:33:58.1947140Z Test Case '-[PaneTests.BlocksViewScrollTests testBulkTimelineMountsNewestBlockWithLargeOutputCards]' started.
SwiftPM standard and compatibility tests	Run Pane standard tests	2026-08-03T15:33:58.1952370Z Test Case '-[PaneTests.BlocksViewScrollTests testBulkTimelineMountsNewestBlockWithLargeOutputCards]' passed (3.078 seconds).
SwiftPM standard and compatibility tests	Run Pane standard tests	2026-08-03T15:33:58.1955600Z Test Case '-[PaneTests.BlocksViewScrollTests testCompletedCommandPinsTimelineToItsTrueBottom]' started.
SwiftPM standard and compatibility tests	Run Pane standard tests	2026-08-03T15:33:58.1961610Z Test Case '-[PaneTests.BlocksViewScrollTests testCompletedCommandPinsTimelineToItsTrueBottom]' passed (0.805 seconds).
SwiftPM standard and compatibility tests	Run Pane standard tests	2026-08-03T15:33:58.1971360Z Test Case '-[PaneTests.BlocksViewScrollTests testHugeOutputUsesCappedInlineScroller]' started.
SwiftPM standard and compatibility tests	Run Pane standard tests	2026-08-03T15:33:58.1972050Z Test Case '-[PaneTests.BlocksViewScrollTests testHugeOutputUsesCappedInlineScroller]' passed (3.560 seconds).
SwiftPM standard and compatibility tests	Run Pane standard tests	2026-08-03T15:33:58.1972600Z Test Suite 'BlocksViewScrollTests' passed at 2026-08-03 15:33:57.160.
SwiftPM standard and compatibility tests	Run Pane standard tests	2026-08-03T15:33:58.1973040Z 	 Executed 3 tests, with 0 failures (0 unexpected) in 7.443 (7.444) seconds
SwiftPM standard and compatibility tests	Run Pane standard tests	2026-08-03T15:33:58.1973560Z Test Suite 'CommandAutocompleteTests' started at 2026-08-03 15:33:57.160.
SwiftPM standard and compatibility tests	Run Pane standard tests	2026-08-03T15:33:58.1974170Z Test Case '-[PaneTests.CommandAutocompleteTests testAcceptEscapesPathSpaces]' started.
SwiftPM standard and compatibility tests	Run Pane standard tests	2026-08-03T15:33:58.1975270Z Test Case '-[PaneTests.CommandAutocompleteTests testAcceptEscapesPathSpaces]' passed (0.005 seconds).
SwiftPM standard and compatibility tests	Run Pane standard tests	2026-08-03T15:33:58.1976180Z Test Case '-[PaneTests.CommandAutocompleteTests testAcceptingFullCommandHistoryReplacesDraftInsteadOfDuplicatingPrefix]' started.
SwiftPM standard and compatibility tests	Run Pane standard tests	2026-08-03T15:33:58.1977220Z Test Case '-[PaneTests.CommandAutocompleteTests testAcceptingFullCommandHistoryReplacesDraftInsteadOfDuplicatingPrefix]' passed (0.001 seconds).
SwiftPM standard and compatibility tests	Run Pane standard tests	2026-08-03T15:33:58.1978150Z Test Case '-[PaneTests.CommandAutocompleteTests testAcceptingTokenHistoryStillReplacesOnlyCurrentToken]' started.
SwiftPM standard and compatibility tests	Run Pane standard tests	2026-08-03T15:33:58.1978960Z Test Case '-[PaneTests.CommandAutocompleteTests testAcceptingTokenHistoryStillReplacesOnlyCurrentToken]' passed (0.002 seconds).
SwiftPM standard and compatibility tests	Run Pane standard tests	2026-08-03T15:33:58.1979750Z Test Case '-[PaneTests.CommandAutocompleteTests testAcceptReplacesOnlyCurrentTokenAndPreservesMultilineDraft]' started.
SwiftPM standard and compatibility tests	Run Pane standard tests	2026-08-03T15:33:58.1980720Z Test Case '-[PaneTests.CommandAutocompleteTests testAcceptReplacesOnlyCurrentTokenAndPreservesMultilineDraft]' passed (0.001 seconds).
SwiftPM standard and compatibility tests	Run Pane standard tests	2026-08-03T15:33:58.1981700Z Test Case '-[PaneTests.CommandAutocompleteTests testBoundedProcessOutputStopsMonitoringAtEOF]' started.
SwiftPM standard and compatibility tests	Run Pane standard tests	2026-08-03T15:33:58.1982560Z Test Case '-[PaneTests.CommandAutocompleteTests testBoundedProcessOutputStopsMonitoringAtEOF]' passed (0.003 seconds).
SwiftPM standard and compatibility tests	Run Pane standard tests	2026-08-03T15:33:58.1983380Z Test Case '-[PaneTests.CommandAutocompleteTests testBuiltInsAreDeterministicAndResultCountIsCapped]' started.
SwiftPM standard and compatibility tests	Run Pane standard tests	2026-08-03T15:33:58.1985090Z Test Case '-[PaneTests.CommandAutocompleteTests testBuiltInsAreDeterministicAndResultCountIsCapped]' passed (0.002 seconds).
SwiftPM standard and compatibility tests	Run Pane standard tests	2026-08-03T15:33:58.1988100Z Test Case '-[PaneTests.CommandAutocompleteTests testCanonicalDeduplicationMeetsThousandCandidateLatencyTarget]' started.
SwiftPM standard and compatibility tests	Run Pane standard tests	2026-08-03T15:33:58.1992240Z /Users/runner/work/Pane-Terminal/Pane-Terminal/Tests/PaneTests/CompletionRankerTests.swift:191: error: -[PaneTests.CommandAutocompleteTests testCanonicalDeduplicationMeetsThousandCandidateLatencyTarget] : XCTAssertLessThan failed: ("0.017226625 seconds") is not less than ("0.015 seconds")
SwiftPM standard and compatibility tests	Run Pane standard tests	2026-08-03T15:33:58.1994220Z Test Case '-[PaneTests.CommandAutocompleteTests testCanonicalDeduplicationMeetsThousandCandidateLatencyTarget]' failed (0.757 seconds).
SwiftPM standard and compatibility tests	Run Pane standard tests	2026-08-03T15:33:58.1995120Z Test Case '-[PaneTests.CommandAutocompleteTests testCanonicalIdentityHandlesUnicodeAndRejectsSplitSurrogateRange]' started.
SwiftPM standard and compatibility tests	Run Pane standard tests	2026-08-03T15:33:58.1996080Z Test Case '-[PaneTests.CommandAutocompleteTests testCanonicalIdentityHandlesUnicodeAndRejectsSplitSurrogateRange]' passed (0.001 seconds).
SwiftPM standard and compatibility tests	Run Pane standard tests	2026-08-03T15:33:58.1996920Z Test Case '-[PaneTests.CommandAutocompleteTests testCanonicalIdentityPreservesSemanticDifferences]' started.
SwiftPM standard and compatibility tests	Run Pane standard tests	2026-08-03T15:33:58.1997640Z Test Case '-[PaneTests.CommandAutocompleteTests testCanonicalIdentityPreservesSemanticDifferences]' passed (0.001 seconds).
SwiftPM standard and compatibility tests	Run Pane standard tests	2026-08-03T15:33:58.2001250Z Test Case '-[PaneTests.CommandAutocompleteTests testCapturedSuggestionsAreDeduplicatedAndCappedWithoutReordering]' started.
SwiftPM standard and compatibility tests	Run Pane standard tests	2026-08-03T15:33:58.2004350Z Test Case '-[PaneTests.CommandAutocompleteTests testCapturedSuggestionsAreDeduplicatedAndCappedWithoutReordering]' passed (0.002 seconds).
SwiftPM standard and compatibility tests	Run Pane standard tests	2026-08-03T15:33:58.2005340Z Test Case '-[PaneTests.CommandAutocompleteTests testCapturedSuggestionsPreserveCompsysContext]' started.
SwiftPM standard and compatibility tests	Run Pane standard tests	2026-08-03T15:33:58.2006350Z Test Case '-[PaneTests.CommandAutocompleteTests testCapturedSuggestionsPreserveCompsysContext]' passed (0.001 seconds).
SwiftPM standard and compatibility tests	Run Pane standard tests	2026-08-03T15:33:58.2007200Z Test Case '-[PaneTests.CommandAutocompleteTests testCompletionRankerMergesEvidenceAndPrefersProjectProvider]' started.
SwiftPM standard and compatibility tests	Run Pane standard tests	2026-08-03T15:33:58.2008130Z Test Case '-[PaneTests.CommandAutocompleteTests testCompletionRankerMergesEvidenceAndPrefersProjectProvider]' passed (0.002 seconds).
SwiftPM standard and compatibility tests	Run Pane standard tests	2026-08-03T15:33:58.2009130Z Test Case '-[PaneTests.CommandAutocompleteTests testCompletionServiceDoesNotPublishAfterContextBecomesInvalid]' started.
SwiftPM standard and compatibility tests	Run Pane standard tests	2026-08-03T15:33:58.2009940Z Test Case '-[PaneTests.CommandAutocompleteTests testCompletionServiceDoesNotPublishAfterContextBecomesInvalid]' passed (0.017 seconds).
SwiftPM standard and compatibility tests	Run Pane standard tests	2026-08-03T15:33:58.2011660Z Test Case '-[PaneTests.CommandAutocompleteTests testCompletionServicePreservesWholeDraftEditForPartialHistoryPrefix]' started.
SwiftPM standard and compatibility tests	Run Pane standard tests	2026-08-03T15:33:58.2012620Z Test Case '-[PaneTests.CommandAutocompleteTests testCompletionServicePreservesWholeDraftEditForPartialHistoryPrefix]' passed (0.007 seconds).
SwiftPM standard and compatibility tests	Run Pane standard tests	2026-08-03T15:33:58.2014190Z Test Case '-[PaneTests.CommandAutocompleteTests testCompletionServicePublishesLocalThenMergesValidZsh]' started.
SwiftPM standard and compatibility tests	Run Pane standard tests	2026-08-03T15:33:58.2015630Z Test Case '-[PaneTests.CommandAutocompleteTests testCompletionServicePublishesLocalThenMergesValidZsh]' passed (0.178 seconds).
SwiftPM standard and compatibility tests	Run Pane standard tests	2026-08-03T15:33:58.2016590Z Test Case '-[PaneTests.CommandAutocompleteTests testCompletionServiceTreatsValidEmptyZshAsAnEmptyContribution]' started.
SwiftPM standard and compatibility tests	Run Pane standard tests	2026-08-03T15:33:58.2018120Z Test Case '-[PaneTests.CommandAutocompleteTests testCompletionServiceTreatsValidEmptyZshAsAnEmptyContribution]' passed (0.006 seconds).
SwiftPM standard and compatibility tests	Run Pane standard tests	2026-08-03T15:33:58.2018990Z Test Case '-[PaneTests.CommandAutocompleteTests testCompletionSourceMappingCoversEverySource]' started.
SwiftPM standard and compatibility tests	Run Pane standard tests	2026-08-03T15:33:58.2019930Z Test Case '-[PaneTests.CommandAutocompleteTests testCompletionSourceMappingCoversEverySource]' passed (0.001 seconds).
SwiftPM standard and compatibility tests	Run Pane standard tests	2026-08-03T15:33:58.2020830Z Test Case '-[PaneTests.CommandAutocompleteTests testComposerContextResponsiveLayoutStillShowsNameAt320Points]' started.
SwiftPM standard and compatibility tests	Run Pane standard tests	2026-08-03T15:33:58.2021660Z Test Case '-[PaneTests.CommandAutocompleteTests testComposerContextResponsiveLayoutStillShowsNameAt320Points]' passed (0.001 seconds).
SwiftPM standard and compatibility tests	Run Pane standard tests	2026-08-03T15:33:58.2022670Z Test Case '-[PaneTests.CommandAutocompleteTests testComposerContextResponsiveLayoutUsesIconOnlyBelow320Points]' started.
SwiftPM standard and compatibility tests	Run Pane standard tests	2026-08-03T15:33:58.2024250Z Test Case '-[PaneTests.CommandAutocompleteTests testComposerContextResponsiveLayoutUsesIconOnlyBelow320Points]' passed (0.000 seconds).
SwiftPM standard and compatibility tests	Run Pane standard tests	2026-08-03T15:33:58.2025290Z Test Case '-[PaneTests.CommandAutocompleteTests testComposerContextResponsiveLayoutUsesLargeTextCapAt500Points]' started.
SwiftPM standard and compatibility tests	Run Pane standard tests	2026-08-03T15:33:58.2026170Z Test Case '-[PaneTests.CommandAutocompleteTests testComposerContextResponsiveLayoutUsesLargeTextCapAt500Points]' passed (0.000 seconds).
SwiftPM standard and compatibility tests	Run Pane standard tests	2026-08-03T15:33:58.2027390Z Test Case '-[PaneTests.CommandAutocompleteTests testComposerContextResponsiveLayoutUsesMediumTextCapBelow500Points]' started.
SwiftPM standard and compatibility tests	Run Pane standard tests	2026-08-03T15:33:58.2028440Z Test Case '-[PaneTests.CommandAutocompleteTests testComposerContextResponsiveLayoutUsesMediumTextCapBelow500Points]' passed (0.000 seconds).
SwiftPM standard and compatibility tests	Run Pane standard tests	2026-08-03T15:33:58.2029270Z Test Case '-[PaneTests.CommandAutocompleteTests testComposerIdleLayoutIsACompactTwoStoryStack]' started.
SwiftPM standard and compatibility tests	Run Pane standard tests	2026-08-03T15:33:58.2030080Z Test Case '-[PaneTests.CommandAutocompleteTests testComposerIdleLayoutIsACompactTwoStoryStack]' passed (0.000 seconds).
SwiftPM standard and compatibility tests	Run Pane standard tests	2026-08-03T15:33:58.2031180Z Test Case '-[PaneTests.CommandAutocompleteTests testCopyBranchCopiesOnlyBranchName]' started.
SwiftPM standard and compatibility tests	Run Pane standard tests	2026-08-03T15:33:58.2032370Z Test Case '-[PaneTests.CommandAutocompleteTests testCopyBranchCopiesOnlyBranchName]' passed (0.000 seconds).
SwiftPM standard and compatibility tests	Run Pane standard tests	2026-08-03T15:33:58.2033190Z Test Case '-[PaneTests.CommandAutocompleteTests testCopyBranchHiddenWithoutBranch]' started.
SwiftPM standard and compatibility tests	Run Pane standard tests	2026-08-03T15:33:58.2033840Z Test Case '-[PaneTests.CommandAutocompleteTests testCopyBranchHiddenWithoutBranch]' passed (0.000 seconds).
SwiftPM standard and compatibility tests	Run Pane standard tests	2026-08-03T15:33:58.2034800Z Test Case '-[PaneTests.CommandAutocompleteTests testCopyPathCopiesAbsolutePath]' started.
SwiftPM standard and compatibility tests	Run Pane standard tests	2026-08-03T15:33:58.2035560Z Test Case '-[PaneTests.CommandAutocompleteTests testCopyPathCopiesAbsolutePath]' passed (0.000 seconds).
SwiftPM standard and compatibility tests	Run Pane standard tests	2026-08-03T15:33:58.2036180Z Test Case '-[PaneTests.CommandAutocompleteTests testDetachedHeadTooltip]' started.
SwiftPM standard and compatibility tests	Run Pane standard tests	2026-08-03T15:33:58.2037600Z Test Case '-[PaneTests.CommandAutocompleteTests testDetachedHeadTooltip]' passed (0.000 seconds).
SwiftPM standard and compatibility tests	Run Pane standard tests	2026-08-03T15:33:58.2038330Z Test Case '-[PaneTests.CommandAutocompleteTests testDifferentReplacementRangesProducingSameResultMerge]' started.
SwiftPM standard and compatibility tests	Run Pane standard tests	2026-08-03T15:33:58.2039450Z Test Case '-[PaneTests.CommandAutocompleteTests testDifferentReplacementRangesProducingSameResultMerge]' passed (0.001 seconds).
SwiftPM standard and compatibility tests	Run Pane standard tests	2026-08-03T15:33:58.2040950Z Test Case '-[PaneTests.CommandAutocompleteTests testExecutableIndexDoesNotReuseRelativePATHAcrossDirectories]' started.
SwiftPM standard and compatibility tests	Run Pane standard tests	2026-08-03T15:33:58.2041900Z Test Case '-[PaneTests.CommandAutocompleteTests testExecutableIndexDoesNotReuseRelativePATHAcrossDirectories]' passed (0.005 seconds).
SwiftPM standard and compatibility tests	Run Pane standard tests	2026-08-03T15:33:58.2043460Z Test Case '-[PaneTests.CommandAutocompleteTests testExecutableIndexInvalidatesWhenPATHChanges]' started.
SwiftPM standard and compatibility tests	Run Pane standard tests	2026-08-03T15:33:58.2044240Z Test Case '-[PaneTests.CommandAutocompleteTests testExecutableIndexInvalidatesWhenPATHChanges]' passed (0.004 seconds).
SwiftPM standard and compatibility tests	Run Pane standard tests	2026-08-03T15:33:58.2045100Z Test Case '-[PaneTests.CommandAutocompleteTests testExecutablesAreOnlySuggestedAtACommandPosition]' started.
SwiftPM standard and compatibility tests	Run Pane standard tests	2026-08-03T15:33:58.2046010Z Test Case '-[PaneTests.CommandAutocompleteTests testExecutablesAreOnlySuggestedAtACommandPosition]' passed (0.003 seconds).
SwiftPM standard and compatibility tests	Run Pane standard tests	2026-08-03T15:34:01.0399580Z Test Case '-[PaneTests.CommandAutocompleteTests testFileSystemSuggestionsResolveAgainstProvidedCurrentDirectory]' started.
SwiftPM standard and compatibility tests	Run Pane standard tests	2026-08-03T15:34:01.0402930Z Test Case '-[PaneTests.CommandAutocompleteTests testFileSystemSuggestionsResolveAgainstProvidedCurrentDirectory]' passed (0.005 seconds).
SwiftPM standard and compatibility tests	Run Pane standard tests	2026-08-03T15:34:01.0405680Z Test Case '-[PaneTests.CommandAutocompleteTests testFolderNameUsedWithoutProject]' started.
SwiftPM standard and compatibility tests	Run Pane standard tests	2026-08-03T15:34:01.0406860Z Test Case '-[PaneTests.CommandAutocompleteTests testFolderNameUsedWithoutProject]' passed (0.001 seconds).
SwiftPM standard and compatibility tests	Run Pane standard tests	2026-08-03T15:34:01.0407700Z Test Case '-[PaneTests.CommandAutocompleteTests testFullCommandHistoryCarriesWholeDraftReplacementRange]' started.
SwiftPM standard and compatibility tests	Run Pane standard tests	2026-08-03T15:34:01.0408650Z Test Case '-[PaneTests.CommandAutocompleteTests testFullCommandHistoryCarriesWholeDraftReplacementRange]' passed (0.008 seconds).
SwiftPM standard and compatibility tests	Run Pane standard tests	2026-08-03T15:34:01.0411490Z Test Case '-[PaneTests.CommandAutocompleteTests testFullPathUsesTildeForDisplay]' started.
SwiftPM standard and compatibility tests	Run Pane standard tests	2026-08-03T15:34:01.0412180Z Test Case '-[PaneTests.CommandAutocompleteTests testFullPathUsesTildeForDisplay]' passed (0.001 seconds).
SwiftPM standard and compatibility tests	Run Pane standard tests	2026-08-03T15:34:01.0413320Z Test Case '-[PaneTests.CommandAutocompleteTests testGitContextStopsReadingWhenEmptyRemoteOutputReachesEOF]' started.
SwiftPM standard and compatibility tests	Run Pane standard tests	2026-08-03T15:34:01.0414390Z Test Case '-[PaneTests.CommandAutocompleteTests testGitContextStopsReadingWhenEmptyRemoteOutputReachesEOF]' passed (2.636 seconds).
SwiftPM standard and compatibility tests	Run Pane standard tests	2026-08-03T15:34:01.0415640Z Test Case '-[PaneTests.CommandAutocompleteTests testHistorySuggestionsSupportMultilineDrafts]' started.
SwiftPM standard and compatibility tests	Run Pane standard tests	2026-08-03T15:34:01.0417270Z Test Case '-[PaneTests.CommandAutocompleteTests testHistorySuggestionsSupportMultilineDrafts]' passed (0.004 seconds).
SwiftPM standard and compatibility tests	Run Pane standard tests	2026-08-03T15:34:01.0418480Z Test Case '-[PaneTests.CommandAutocompleteTests testHistorySuggestionsUseCurrentSessionRecencyAndCommandContext]' started.
SwiftPM standard and compatibility tests	Run Pane standard tests	2026-08-03T15:34:01.0421000Z Test Case '-[PaneTests.CommandAutocompleteTests testHistorySuggestionsUseCurrentSessionRecencyAndCommandContext]' passed (0.004 seconds).
SwiftPM standard and compatibility tests	Run Pane standard tests	2026-08-03T15:34:01.0421780Z Test Case '-[PaneTests.CommandAutocompleteTests testHomeDirectoryDisplaysHome]' started.
SwiftPM standard and compatibility tests	Run Pane standard tests	2026-08-03T15:34:01.0422590Z Test Case '-[PaneTests.CommandAutocompleteTests testHomeDirectoryDisplaysHome]' passed (0.001 seconds).
SwiftPM standard and compatibility tests	Run Pane standard tests	2026-08-03T15:34:01.0423650Z Test Case '-[PaneTests.CommandAutocompleteTests testKeyboardSelectionCyclesWithoutChangingSuggestionOrder]' started.
SwiftPM standard and compatibility tests	Run Pane standard tests	2026-08-03T15:34:01.0424760Z Test Case '-[PaneTests.CommandAutocompleteTests testKeyboardSelectionCyclesWithoutChangingSuggestionOrder]' passed (0.001 seconds).
SwiftPM standard and compatibility tests	Run Pane standard tests	2026-08-03T15:34:01.0426200Z Test Case '-[PaneTests.CommandAutocompleteTests testKeyboardSelectionMovesBackwardAndResetsForEmptyResults]' started.
SwiftPM standard and compatibility tests	Run Pane standard tests	2026-08-03T15:34:01.0427440Z Test Case '-[PaneTests.CommandAutocompleteTests testKeyboardSelectionMovesBackwardAndResetsForEmptyResults]' passed (0.001 seconds).
SwiftPM standard and compatibility tests	Run Pane standard tests	2026-08-03T15:34:01.0428440Z Test Case '-[PaneTests.CommandAutocompleteTests testLateProviderResponseCannotOverwriteNewRequest]' started.
SwiftPM standard and compatibility tests	Run Pane standard tests	2026-08-03T15:34:01.0429330Z Test Case '-[PaneTests.CommandAutocompleteTests testLateProviderResponseCannotOverwriteNewRequest]' passed (0.016 seconds).
SwiftPM standard and compatibility tests	Run Pane standard tests	2026-08-03T15:34:01.0431110Z Test Case '-[PaneTests.CommandAutocompleteTests testLocalProviderCompletesProjectScriptWithoutDuplicatingCommandPrefix]' started.
SwiftPM standard and compatibility tests	Run Pane standard tests	2026-08-03T15:34:01.0434600Z Test Case '-[PaneTests.CommandAutocompleteTests testLocalProviderCompletesProjectScriptWithoutDuplicatingCommandPrefix]' passed (0.005 seconds).
SwiftPM standard and compatibility tests	Run Pane standard tests	2026-08-03T15:34:01.0437480Z Test Case '-[PaneTests.CommandAutocompleteTests testLongBranchIsTruncatedOnlyInTooltip]' started.
SwiftPM standard and compatibility tests	Run Pane standard tests	2026-08-03T15:34:01.0439400Z Test Case '-[PaneTests.CommandAutocompleteTests testLongBranchIsTruncatedOnlyInTooltip]' passed (0.000 seconds).
SwiftPM standard and compatibility tests	Run Pane standard tests	2026-08-03T15:34:01.0442030Z Test Case '-[PaneTests.CommandAutocompleteTests testNextCommandAndDirectoryRemainDistinct]' started.
SwiftPM standard and compatibility tests	Run Pane standard tests	2026-08-03T15:34:01.0448390Z Test Case '-[PaneTests.CommandAutocompleteTests testNextCommandAndDirectoryRemainDistinct]' passed (0.001 seconds).
SwiftPM standard and compatibility tests	Run Pane standard tests	2026-08-03T15:34:01.0450820Z Test Case '-[PaneTests.CommandAutocompleteTests testNormalizedCommandFrequencyDoesNotUseSubstringMatching]' started.
SwiftPM standard and compatibility tests	Run Pane standard tests	2026-08-03T15:34:01.0453910Z Test Case '-[PaneTests.CommandAutocompleteTests testNormalizedCommandFrequencyDoesNotUseSubstringMatching]' passed (0.013 seconds).
SwiftPM standard and compatibility tests	Run Pane standard tests	2026-08-03T15:34:01.0456670Z Test Case '-[PaneTests.CommandAutocompleteTests testOpenInFinderDisabledForMissingDirectory]' started.
SwiftPM standard and compatibility tests	Run Pane standard tests	2026-08-03T15:34:01.0459020Z Test Case '-[PaneTests.CommandAutocompleteTests testOpenInFinderDisabledForMissingDirectory]' passed (0.000 seconds).
SwiftPM standard and compatibility tests	Run Pane standard tests	2026-08-03T15:34:01.0461270Z Test Case '-[PaneTests.CommandAutocompleteTests testPATHSuggestionsIncludeOnlyExecutableFilesAndDeduplicateNames]' started.
SwiftPM standard and compatibility tests	Run Pane standard tests	2026-08-03T15:34:01.0464170Z Test Case '-[PaneTests.CommandAutocompleteTests testPATHSuggestionsIncludeOnlyExecutableFilesAndDeduplicateNames]' passed (0.005 seconds).
SwiftPM standard and compatibility tests	Run Pane standard tests	2026-08-03T15:34:01.0472680Z Test Case '-[PaneTests.CommandAutocompleteTests testProjectContextFindsNestedPackageScriptsAndMakeTargets]' started.
SwiftPM standard and compatibility tests	Run Pane standard tests	2026-08-03T15:34:01.0476690Z Test Case '-[PaneTests.CommandAutocompleteTests testProjectContextFindsNestedPackageScriptsAndMakeTargets]' passed (0.008 seconds).
SwiftPM standard and compatibility tests	Run Pane standard tests	2026-08-03T15:34:01.0503550Z Test Case '-[PaneTests.CommandAutocompleteTests testProjectDefinitionAndGitCachesHaveIndependentFreshness]' started.
SwiftPM standard and compatibility tests	Run Pane standard tests	2026-08-03T15:34:01.0505130Z Test Case '-[PaneTests.CommandAutocompleteTests testProjectDefinitionAndGitCachesHaveIndependentFreshness]' passed (0.003 seconds).
SwiftPM standard and compatibility tests	Run Pane standard tests	2026-08-03T15:34:01.0506020Z Test Case '-[PaneTests.CommandAutocompleteTests testProjectNameTakesPriorityOverFolderName]' started.
SwiftPM standard and compatibility tests	Run Pane standard tests	2026-08-03T15:34:01.0507370Z Test Case '-[PaneTests.CommandAutocompleteTests testProjectNameTakesPriorityOverFolderName]' passed (0.000 seconds).
SwiftPM standard and compatibility tests	Run Pane standard tests	2026-08-03T15:34:01.0508210Z Test Case '-[PaneTests.CommandAutocompleteTests testProjectScriptAndHistoryProducingSameCommandMerge]' started.
SwiftPM standard and compatibility tests	Run Pane standard tests	2026-08-03T15:34:01.0509200Z Test Case '-[PaneTests.CommandAutocompleteTests testProjectScriptAndHistoryProducingSameCommandMerge]' passed (0.001 seconds).
SwiftPM standard and compatibility tests	Run Pane standard tests	2026-08-03T15:34:01.0509990Z Test Case '-[PaneTests.CommandAutocompleteTests testRecentCommandOutranksOlderCommandUsingTimestamps]' started.
SwiftPM standard and compatibility tests	Run Pane standard tests	2026-08-03T15:34:01.0510770Z Test Case '-[PaneTests.CommandAutocompleteTests testRecentCommandOutranksOlderCommandUsingTimestamps]' passed (0.001 seconds).
SwiftPM standard and compatibility tests	Run Pane standard tests	2026-08-03T15:34:01.0511540Z Test Case '-[PaneTests.CommandAutocompleteTests testRootDirectoryDisplaysSlash]' started.
SwiftPM standard and compatibility tests	Run Pane standard tests	2026-08-03T15:34:01.0512170Z Test Case '-[PaneTests.CommandAutocompleteTests testRootDirectoryDisplaysSlash]' passed (0.000 seconds).
SwiftPM standard and compatibility tests	Run Pane standard tests	2026-08-03T15:34:01.0512980Z Test Case '-[PaneTests.CommandAutocompleteTests testSameReplacementAtDifferentRangesDoesNotMergeWhenResultsDiffer]' started.
SwiftPM standard and compatibility tests	Run Pane standard tests	2026-08-03T15:34:01.0514020Z Test Case '-[PaneTests.CommandAutocompleteTests testSameReplacementAtDifferentRangesDoesNotMergeWhenResultsDiffer]' passed (0.000 seconds).
SwiftPM standard and compatibility tests	Run Pane standard tests	2026-08-03T15:34:01.0514920Z Test Case '-[PaneTests.CommandAutocompleteTests testSecureEligibilityRejectsProviderWork]' started.
SwiftPM standard and compatibility tests	Run Pane standard tests	2026-08-03T15:34:01.0515670Z Test Case '-[PaneTests.CommandAutocompleteTests testSecureEligibilityRejectsProviderWork]' passed (0.000 seconds).
SwiftPM standard and compatibility tests	Run Pane standard tests	2026-08-03T15:34:01.0517180Z Test Case '-[PaneTests.CommandAutocompleteTests testSingleSuggestionRequiresTwoTabsBeforeAccepting]' started.
SwiftPM standard and compatibility tests	Run Pane standard tests	2026-08-03T15:34:01.0518020Z Test Case '-[PaneTests.CommandAutocompleteTests testSingleSuggestionRequiresTwoTabsBeforeAccepting]' passed (0.000 seconds).
SwiftPM standard and compatibility tests	Run Pane standard tests	2026-08-03T15:34:01.0518860Z Test Case '-[PaneTests.CommandAutocompleteTests testSlowProviderTimesOutWithoutBlockingUsefulResults]' started.
SwiftPM standard and compatibility tests	Run Pane standard tests	2026-08-03T15:34:01.0519800Z Test Case '-[PaneTests.CommandAutocompleteTests testSlowProviderTimesOutWithoutBlockingUsefulResults]' passed (0.009 seconds).
SwiftPM standard and compatibility tests	Run Pane standard tests	2026-08-03T15:34:01.0520820Z Test Case '-[PaneTests.CommandAutocompleteTests testStagedProvidersNeverPublishDuplicateRowsAndKeepStableIdentity]' started.
SwiftPM standard and compatibility tests	Run Pane standard tests	2026-08-03T15:34:01.0521830Z Test Case '-[PaneTests.CommandAutocompleteTests testStagedProvidersNeverPublishDuplicateRowsAndKeepStableIdentity]' passed (0.051 seconds).
SwiftPM standard and compatibility tests	Run Pane standard tests	2026-08-03T15:34:01.0522790Z Test Case '-[PaneTests.CommandAutocompleteTests testTooltipIncludesBranch]' started.
SwiftPM standard and compatibility tests	Run Pane standard tests	2026-08-03T15:34:01.0523490Z Test Case '-[PaneTests.CommandAutocompleteTests testTooltipIncludesBranch]' passed (0.000 seconds).
SwiftPM standard and compatibility tests	Run Pane standard tests	2026-08-03T15:34:01.0524400Z Test Case '-[PaneTests.CommandAutocompleteTests testTooltipOmitsBranchOutsideGitRepository]' started.
SwiftPM standard and compatibility tests	Run Pane standard tests	2026-08-03T15:34:01.0525450Z Test Case '-[PaneTests.CommandAutocompleteTests testTooltipOmitsBranchOutsideGitRepository]' passed (0.000 seconds).
SwiftPM standard and compatibility tests	Run Pane standard tests	2026-08-03T15:34:01.0526320Z Test Case '-[PaneTests.CommandAutocompleteTests testTrailingWhitespaceDoesNotCreateDuplicate]' started.
SwiftPM standard and compatibility tests	Run Pane standard tests	2026-08-03T15:34:01.0527220Z Test Case '-[PaneTests.CommandAutocompleteTests testTrailingWhitespaceDoesNotCreateDuplicate]' passed (0.001 seconds).
SwiftPM standard and compatibility tests	Run Pane standard tests	2026-08-03T15:34:01.0528450Z Test Case '-[PaneTests.CommandAutocompleteTests testValidEmptyCapturedResultDoesNotBecomeLocalHeuristicSuggestions]' started.
SwiftPM standard and compatibility tests	Run Pane standard tests	2026-08-03T15:34:01.0529410Z Test Case '-[PaneTests.CommandAutocompleteTests testValidEmptyCapturedResultDoesNotBecomeLocalHeuristicSuggestions]' passed (0.001 seconds).
SwiftPM standard and compatibility tests	Run Pane standard tests	2026-08-03T15:34:01.0533130Z Test Case '-[PaneTests.CommandAutocompleteTests testWarmZshRequestFramePreservesBufferCursorAndDeadline]' started.
SwiftPM standard and compatibility tests	Run Pane standard tests	2026-08-03T15:34:01.0535460Z Test Case '-[PaneTests.CommandAutocompleteTests testWarmZshRequestFramePreservesBufferCursorAndDeadline]' passed (0.000 seconds).
SwiftPM standard and compatibility tests	Run Pane standard tests	2026-08-03T15:34:01.0537990Z Test Case '-[PaneTests.CommandAutocompleteTests testWarmZshResponseFrameDecodesLengthPrefixedCandidate]' started.
SwiftPM standard and compatibility tests	Run Pane standard tests	2026-08-03T15:34:01.0540060Z Test Case '-[PaneTests.CommandAutocompleteTests testWarmZshResponseFrameDecodesLengthPrefixedCandidate]' passed (0.001 seconds).
SwiftPM standard and compatibility tests	Run Pane standard tests	2026-08-03T15:34:01.0541900Z Test Suite 'CommandAutocompleteTests' failed at 2026-08-03 15:34:00.958.
SwiftPM standard and compatibility tests	Run Pane standard tests	2026-08-03T15:34:01.0545750Z 	 Executed 64 tests, with 1 failure (0 unexpected) in 3.781 (3.798) seconds
SwiftPM standard and compatibility tests	Run Pane standard tests	2026-08-03T15:34:01.0547290Z Test Suite 'CommandBlockTimelineTests' started at 2026-08-03 15:34:00.958.
SwiftPM standard and compatibility tests	Run Pane standard tests	2026-08-03T15:34:01.0549060Z Test Case '-[PaneTests.CommandBlockTimelineTests testBlockPresentationKeepsSuccessQuietAndFailureExplicit]' started.
SwiftPM standard and compatibility tests	Run Pane standard tests	2026-08-03T15:34:01.0551500Z Test Case '-[PaneTests.CommandBlockTimelineTests testBlockPresentationKeepsSuccessQuietAndFailureExplicit]' passed (0.000 seconds).
SwiftPM standard and compatibility tests	Run Pane standard tests	2026-08-03T15:34:01.0553850Z Test Case '-[PaneTests.CommandBlockTimelineTests testClearFinalizedPreservesRunningAndQueuedCommands]' started.
SwiftPM standard and compatibility tests	Run Pane standard tests	2026-08-03T15:34:01.0556020Z Test Case '-[PaneTests.CommandBlockTimelineTests testClearFinalizedPreservesRunningAndQueuedCommands]' passed (0.003 seconds).
SwiftPM standard and compatibility tests	Run Pane standard tests	2026-08-03T15:34:01.0557780Z Test Case '-[PaneTests.CommandBlockTimelineTests testCommandsStartInSubmissionOrder]' started.
SwiftPM standard and compatibility tests	Run Pane standard tests	2026-08-03T15:34:01.0559690Z Test Case '-[PaneTests.CommandBlockTimelineTests testCommandsStartInSubmissionOrder]' passed (0.001 seconds).
SwiftPM standard and compatibility tests	Run Pane standard tests	2026-08-03T15:34:01.0561310Z Test Case '-[PaneTests.CommandBlockTimelineTests testCompletionStatusLabelsAreHonest]' started.
SwiftPM standard and compatibility tests	Run Pane standard tests	2026-08-03T15:34:01.0562910Z Test Case '-[PaneTests.CommandBlockTimelineTests testCompletionStatusLabelsAreHonest]' passed (0.001 seconds).
SwiftPM standard and compatibility tests	Run Pane standard tests	2026-08-03T15:34:01.0566110Z Test Case '-[PaneTests.CommandBlockTimelineTests testFinalOutputIsCommittedOnlyWhenTheActiveCommandFinishes]' started.
SwiftPM standard and compatibility tests	Run Pane standard tests	2026-08-03T15:34:01.0568200Z Test Case '-[PaneTests.CommandBlockTimelineTests testFinalOutputIsCommittedOnlyWhenTheActiveCommandFinishes]' passed (0.001 seconds).
SwiftPM standard and compatibility tests	Run Pane standard tests	2026-08-03T15:34:01.0570450Z Test Case '-[PaneTests.CommandBlockTimelineTests testInterruptedRunningCommandRetainsMemoryOnlyTerminalSnapshot]' started.
SwiftPM standard and compatibility tests	Run Pane standard tests	2026-08-03T15:34:01.0572620Z Test Case '-[PaneTests.CommandBlockTimelineTests testInterruptedRunningCommandRetainsMemoryOnlyTerminalSnapshot]' passed (0.000 seconds).
SwiftPM standard and compatibility tests	Run Pane standard tests	2026-08-03T15:34:01.0574710Z Test Case '-[PaneTests.CommandBlockTimelineTests testInterruptUnfinishedLeavesCompletedBlocksUntouched]' started.
SwiftPM standard and compatibility tests	Run Pane standard tests	2026-08-03T15:34:01.0576710Z Test Case '-[PaneTests.CommandBlockTimelineTests testInterruptUnfinishedLeavesCompletedBlocksUntouched]' passed (0.000 seconds).
SwiftPM standard and compatibility tests	Run Pane standard tests	2026-08-03T15:34:01.0578740Z Test Case '-[PaneTests.CommandBlockTimelineTests testQueuedCommandAcceptsContinuationAndCanBeInterrupted]' started.
SwiftPM standard and compatibility tests	Run Pane standard tests	2026-08-03T15:34:01.0580800Z Test Case '-[PaneTests.CommandBlockTimelineTests testQueuedCommandAcceptsContinuationAndCanBeInterrupted]' passed (0.000 seconds).
SwiftPM standard and compatibility tests	Run Pane standard tests	2026-08-03T15:34:01.0582710Z Test Case '-[PaneTests.CommandBlockTimelineTests testQueuedCommandBecomesRunningAndCompletes]' started.
SwiftPM standard and compatibility tests	Run Pane standard tests	2026-08-03T15:34:01.0584520Z Test Case '-[PaneTests.CommandBlockTimelineTests testQueuedCommandBecomesRunningAndCompletes]' passed (0.000 seconds).
SwiftPM standard and compatibility tests	Run Pane standard tests	2026-08-03T15:34:01.0586670Z Test Case '-[PaneTests.CommandBlockTimelineTests testRestoredCollapsedStateIsPreserved]' started.
SwiftPM standard and compatibility tests	Run Pane standard tests	2026-08-03T15:34:01.0588360Z Test Case '-[PaneTests.CommandBlockTimelineTests testRestoredCollapsedStateIsPreserved]' passed (0.000 seconds).
SwiftPM standard and compatibility tests	Run Pane standard tests	2026-08-03T15:34:01.0591530Z Test Case '-[PaneTests.CommandBlockTimelineTests testSearchMatchesCommandOutputDirectoryAndFailureState]' started.
SwiftPM standard and compatibility tests	Run Pane standard tests	2026-08-03T15:34:01.0593560Z Test Case '-[PaneTests.CommandBlockTimelineTests testSearchMatchesCommandOutputDirectoryAndFailureState]' passed (0.000 seconds).
SwiftPM standard and compatibility tests	Run Pane standard tests	2026-08-03T15:34:01.0595490Z Test Case '-[PaneTests.CommandBlockTimelineTests testStatusScopeSearchesOnlyStatusPresentation]' started.
SwiftPM standard and compatibility tests	Run Pane standard tests	2026-08-03T15:34:01.0597330Z Test Case '-[PaneTests.CommandBlockTimelineTests testStatusScopeSearchesOnlyStatusPresentation]' passed (0.000 seconds).
SwiftPM standard and compatibility tests	Run Pane standard tests	2026-08-03T15:34:01.0598890Z Test Suite 'CommandBlockTimelineTests' passed at 2026-08-03 15:34:00.968.
SwiftPM standard and compatibility tests	Run Pane standard tests	2026-08-03T15:34:01.0600990Z 	 Executed 12 tests, with 0 failures (0 unexpected) in 0.008 (0.010) seconds
SwiftPM standard and compatibility tests	Run Pane standard tests	2026-08-03T15:34:01.0602930Z Test Suite 'CommandClickableTextViewTests' started at 2026-08-03 15:34:00.968.
SwiftPM standard and compatibility tests	Run Pane standard tests	2026-08-03T15:34:01.0605810Z Test Case '-[PaneTests.CommandClickableTextViewTests testCompletedSnapshotUsesPlainBlockOutputPresentation]' started.
SwiftPM standard and compatibility tests	Run Pane standard tests	2026-08-03T15:34:01.0608580Z Test Case '-[PaneTests.CommandClickableTextViewTests testCompletedSnapshotUsesPlainBlockOutputPresentation]' passed (0.049 seconds).
SwiftPM standard and compatibility tests	Run Pane standard tests	2026-08-03T15:34:01.0626480Z Test Case '-[PaneTests.CommandClickableTextViewTests testHeightUsesTheProposedWidthInsteadOfTheInitialZeroWidth]' started.
SwiftPM standard and compatibility tests	Run Pane standard tests	2026-08-03T15:34:01.0628990Z Test Case '-[PaneTests.CommandClickableTextViewTests testHeightUsesTheProposedWidthInsteadOfTheInitialZeroWidth]' passed (0.007 seconds).
SwiftPM standard and compatibility tests	Run Pane standard tests	2026-08-03T15:34:01.0630860Z Test Suite 'CommandClickableTextViewTests' passed at 2026-08-03 15:34:01.024.
SwiftPM standard and compatibility tests	Run Pane standard tests	2026-08-03T15:34:01.0632160Z 	 Executed 2 tests, with 0 failures (0 unexpected) in 0.056 (0.056) seconds
SwiftPM standard and compatibility tests	Run Pane standard tests	2026-08-03T15:34:01.0632670Z Test Suite 'CommandHistoryTests' started at 2026-08-03 15:34:01.024.
SwiftPM standard and compatibility tests	Run Pane standard tests	2026-08-03T15:34:01.0633150Z Test Case '-[PaneTests.CommandHistoryTests testConsecutiveDuplicateIsStoredOnce]' started.
SwiftPM standard and compatibility tests	Run Pane standard tests	2026-08-03T15:34:01.0633770Z Test Case '-[PaneTests.CommandHistoryTests testConsecutiveDuplicateIsStoredOnce]' passed (0.000 seconds).
SwiftPM standard and compatibility tests	Run Pane standard tests	2026-08-03T15:34:01.0634370Z Test Case '-[PaneTests.CommandHistoryTests testContinuationCanReplaceMostRecentEntry]' started.
SwiftPM standard and compatibility tests	Run Pane standard tests	2026-08-03T15:34:01.0634990Z Test Case '-[PaneTests.CommandHistoryTests testContinuationCanReplaceMostRecentEntry]' passed (0.000 seconds).
SwiftPM standard and compatibility tests	Run Pane standard tests	2026-08-03T15:34:01.0636100Z Test Case '-[PaneTests.CommandHistoryTests testEmptyCommandIsNotStored]' started.
SwiftPM standard and compatibility tests	Run Pane standard tests	2026-08-03T15:34:01.0636610Z Test Case '-[PaneTests.CommandHistoryTests testEmptyCommandIsNotStored]' passed (0.000 seconds).
SwiftPM standard and compatibility tests	Run Pane standard tests	2026-08-03T15:34:01.0637180Z Test Case '-[PaneTests.CommandHistoryTests testHistoryRetainsOnlyNewestConfiguredEntries]' started.
SwiftPM standard and compatibility tests	Run Pane standard tests	2026-08-03T15:34:01.0637820Z Test Case '-[PaneTests.CommandHistoryTests testHistoryRetainsOnlyNewestConfiguredEntries]' passed (0.000 seconds).
SwiftPM standard and compatibility tests	Run Pane standard tests	2026-08-03T15:34:01.0638470Z Test Case '-[PaneTests.CommandHistoryTests testNavigatesBackwardAndForwardAndRestoresDraft]' started.
SwiftPM standard and compatibility tests	Run Pane standard tests	2026-08-03T15:34:01.0639130Z Test Case '-[PaneTests.CommandHistoryTests testNavigatesBackwardAndForwardAndRestoresDraft]' passed (0.000 seconds).
SwiftPM standard and compatibility tests	Run Pane standard tests	2026-08-03T15:34:01.0639670Z Test Suite 'CommandHistoryTests' passed at 2026-08-03 15:34:01.026.
SwiftPM standard and compatibility tests	Run Pane standard tests	2026-08-03T15:34:01.0640060Z 	 Executed 5 tests, with 0 failures (0 unexpected) in 0.001 (0.002) seconds
SwiftPM standard and compatibility tests	Run Pane standard tests	2026-08-03T15:34:01.0640450Z Test Suite 'CommandSerializerTests' started at 2026-08-03 15:34:01.026.
SwiftPM standard and compatibility tests	Run Pane standard tests	2026-08-03T15:34:01.0640990Z Test Case '-[PaneTests.CommandSerializerTests testActiveInputDoesNotInjectBracketedPasteMarkers]' started.
SwiftPM standard and compatibility tests	Run Pane standard tests	2026-08-03T15:34:01.0641680Z Test Case '-[PaneTests.CommandSerializerTests testActiveInputDoesNotInjectBracketedPasteMarkers]' passed (0.000 seconds).
SwiftPM standard and compatibility tests	Run Pane standard tests	2026-08-03T15:34:01.0642320Z Test Case '-[PaneTests.CommandSerializerTests testAppendsExactlyOneCarriageReturn]' started.
SwiftPM standard and compatibility tests	Run Pane standard tests	2026-08-03T15:34:01.0642950Z Test Case '-[PaneTests.CommandSerializerTests testAppendsExactlyOneCarriageReturn]' passed (0.000 seconds).
SwiftPM standard and compatibility tests	Run Pane standard tests	2026-08-03T15:34:01.0643810Z Test Case '-[PaneTests.CommandSerializerTests testDoesNotNormalizeExistingLineEndings]' started.
SwiftPM standard and compatibility tests	Run Pane standard tests	2026-08-03T15:34:01.0644440Z Test Case '-[PaneTests.CommandSerializerTests testDoesNotNormalizeExistingLineEndings]' passed (0.000 seconds).
SwiftPM standard and compatibility tests	Run Pane standard tests	2026-08-03T15:34:01.0645060Z Test Case '-[PaneTests.CommandSerializerTests testEmptyCommandSerializesAsBlankShellLine]' started.
SwiftPM standard and compatibility tests	Run Pane standard tests	2026-08-03T15:34:01.0645710Z Test Case '-[PaneTests.CommandSerializerTests testEmptyCommandSerializesAsBlankShellLine]' passed (0.000 seconds).
SwiftPM standard and compatibility tests	Run Pane standard tests	2026-08-03T15:34:01.0646300Z Test Case '-[PaneTests.CommandSerializerTests testPreservesMultilineCommand]' started.
SwiftPM standard and compatibility tests	Run Pane standard tests	2026-08-03T15:34:01.0646960Z Test Case '-[PaneTests.CommandSerializerTests testPreservesMultilineCommand]' passed (0.000 seconds).
SwiftPM standard and compatibility tests	Run Pane standard tests	2026-08-03T15:34:01.0647470Z Test Suite 'CommandSerializerTests' passed at 2026-08-03 15:34:01.028.
SwiftPM standard and compatibility tests	Run Pane standard tests	2026-08-03T15:34:01.0647930Z 	 Executed 5 tests, with 0 failures (0 unexpected) in 0.001 (0.002) seconds
SwiftPM standard and compatibility tests	Run Pane standard tests	2026-08-03T15:34:01.0648310Z Test Suite 'InputModeTests' started at 2026-08-03 15:34:01.028.
SwiftPM standard and compatibility tests	Run Pane standard tests	2026-08-03T15:34:01.0648890Z Test Case '-[PaneTests.InputModeTests testForegroundSnapshotCarriesEchoStateForSecureInputDetection]' started.
SwiftPM standard and compatibility tests	Run Pane standard tests	2026-08-03T15:34:01.0649680Z Test Case '-[PaneTests.InputModeTests testForegroundSnapshotCarriesEchoStateForSecureInputDetection]' passed (0.002 seconds).
SwiftPM standard and compatibility tests	Run Pane standard tests	2026-08-03T15:34:01.0650450Z Test Case '-[PaneTests.InputModeTests testForegroundSnapshotRecognizesInteractivePrograms]' started.
SwiftPM standard and compatibility tests	Run Pane standard tests	2026-08-03T15:34:01.0651110Z Test Case '-[PaneTests.InputModeTests testForegroundSnapshotRecognizesInteractivePrograms]' passed (0.001 seconds).
SwiftPM standard and compatibility tests	Run Pane standard tests	2026-08-03T15:34:01.0651810Z Test Case '-[PaneTests.InputModeTests testForegroundSnapshotRecognizesShellForeground]' started.
SwiftPM standard and compatibility tests	Run Pane standard tests	2026-08-03T15:34:01.0652440Z Test Case '-[PaneTests.InputModeTests testForegroundSnapshotRecognizesShellForeground]' passed (0.001 seconds).
SwiftPM standard and compatibility tests	Run Pane standard tests	2026-08-03T15:34:01.0653090Z Test Case '-[PaneTests.InputModeTests testForegroundSnapshotUsesRawTermiosAsTerminalSignal]' started.
SwiftPM standard and compatibility tests	Run Pane standard tests	2026-08-03T15:34:01.0653760Z Test Case '-[PaneTests.InputModeTests testForegroundSnapshotUsesRawTermiosAsTerminalSignal]' passed (0.001 seconds).
SwiftPM standard and compatibility tests	Run Pane standard tests	2026-08-03T15:34:01.0654450Z Test Case '-[PaneTests.InputModeTests testKnownInteractiveFallbackRecognizesNormalBufferAgentTUIs]' started.
SwiftPM standard and compatibility tests	Run Pane standard tests	2026-08-03T15:34:01.0655160Z Test Case '-[PaneTests.InputModeTests testKnownInteractiveFallbackRecognizesNormalBufferAgentTUIs]' passed (0.001 seconds).
SwiftPM standard and compatibility tests	Run Pane standard tests	2026-08-03T15:34:01.0656080Z Test Case '-[PaneTests.InputModeTests testModeAttributionExplanationsAreUserFacing]' started.
SwiftPM standard and compatibility tests	Run Pane standard tests	2026-08-03T15:34:01.0656670Z Test Case '-[PaneTests.InputModeTests testModeAttributionExplanationsAreUserFacing]' passed (0.001 seconds).
SwiftPM standard and compatibility tests	Run Pane standard tests	2026-08-03T15:34:01.0657330Z Test Case '-[PaneTests.InputModeTests testModeSwitcherPresentationExposesSelectionToAccessibility]' started.
SwiftPM standard and compatibility tests	Run Pane standard tests	2026-08-03T15:34:01.0658140Z Test Case '-[PaneTests.InputModeTests testModeSwitcherPresentationExposesSelectionToAccessibility]' passed (0.001 seconds).
SwiftPM standard and compatibility tests	Run Pane standard tests	2026-08-03T15:34:01.0658830Z Test Case '-[PaneTests.InputModeTests testModeSwitcherPresentationRespectsReducedMotion]' started.
SwiftPM standard and compatibility tests	Run Pane standard tests	2026-08-03T15:34:01.0659470Z Test Case '-[PaneTests.InputModeTests testModeSwitcherPresentationRespectsReducedMotion]' passed (0.001 seconds).
SwiftPM standard and compatibility tests	Run Pane standard tests	2026-08-03T15:34:01.0660120Z Test Case '-[PaneTests.InputModeTests testModeSwitcherPresentationRestoresSliderGeometry]' started.
SwiftPM standard and compatibility tests	Run Pane standard tests	2026-08-03T15:34:01.5616410Z Test Case '-[PaneTests.InputModeTests testModeSwitcherPresentationRestoresSliderGeometry]' passed (0.001 seconds).
SwiftPM standard and compatibility tests	Run Pane standard tests	2026-08-03T15:34:01.5719040Z Test Case '-[PaneTests.InputModeTests testModeTitlesAreUserFacing]' started.
SwiftPM standard and compatibility tests	Run Pane standard tests	2026-08-03T15:34:01.5725620Z Test Case '-[PaneTests.InputModeTests testModeTitlesAreUserFacing]' passed (0.001 seconds).
SwiftPM standard and compatibility tests	Run Pane standard tests	2026-08-03T15:34:01.5727900Z Test Case '-[PaneTests.InputModeTests testRawInteractiveInputIsNotMistakenForSecureInput]' started.
SwiftPM standard and compatibility tests	Run Pane standard tests	2026-08-03T15:34:01.5729320Z Test Case '-[PaneTests.InputModeTests testRawInteractiveInputIsNotMistakenForSecureInput]' passed (0.000 seconds).
SwiftPM standard and compatibility tests	Run Pane standard tests	2026-08-03T15:34:01.5731140Z Test Case '-[PaneTests.InputModeTests testSecureInputAttributionIsExplicit]' started.
SwiftPM standard and compatibility tests	Run Pane standard tests	2026-08-03T15:34:01.5733090Z Test Case '-[PaneTests.InputModeTests testSecureInputAttributionIsExplicit]' passed (0.000 seconds).
SwiftPM standard and compatibility tests	Run Pane standard tests	2026-08-03T15:34:01.5734940Z Test Case '-[PaneTests.InputModeTests testTerminalInputRequirementModelsBlockFirstStates]' started.
SwiftPM standard and compatibility tests	Run Pane standard tests	2026-08-03T15:34:01.5736740Z Test Case '-[PaneTests.InputModeTests testTerminalInputRequirementModelsBlockFirstStates]' passed (0.001 seconds).
SwiftPM standard and compatibility tests	Run Pane standard tests	2026-08-03T15:34:01.5738590Z Test Case '-[PaneTests.InputModeTests testTerminalPresentationIsIndependentFromInputRequirement]' started.
SwiftPM standard and compatibility tests	Run Pane standard tests	2026-08-03T15:34:01.5740520Z Test Case '-[PaneTests.InputModeTests testTerminalPresentationIsIndependentFromInputRequirement]' passed (0.001 seconds).
SwiftPM standard and compatibility tests	Run Pane standard tests	2026-08-03T15:34:01.5742290Z Test Case '-[PaneTests.InputModeTests testTerminalSecurityStateReflectsDisabledEcho]' started.
SwiftPM standard and compatibility tests	Run Pane standard tests	2026-08-03T15:34:01.5743910Z Test Case '-[PaneTests.InputModeTests testTerminalSecurityStateReflectsDisabledEcho]' passed (0.001 seconds).
SwiftPM standard and compatibility tests	Run Pane standard tests	2026-08-03T15:34:01.5745520Z Test Case '-[PaneTests.InputModeTests testToggleMovesBetweenBlocksAndTerminalModes]' started.
SwiftPM standard and compatibility tests	Run Pane standard tests	2026-08-03T15:34:01.5747180Z Test Case '-[PaneTests.InputModeTests testToggleMovesBetweenBlocksAndTerminalModes]' passed (0.001 seconds).
SwiftPM standard and compatibility tests	Run Pane standard tests	2026-08-03T15:34:01.5748600Z Test Suite 'InputModeTests' passed at 2026-08-03 15:34:01.045.
SwiftPM standard and compatibility tests	Run Pane standard tests	2026-08-03T15:34:01.5749600Z 	 Executed 16 tests, with 0 failures (0 unexpected) in 0.012 (0.017) seconds
SwiftPM standard and compatibility tests	Run Pane standard tests	2026-08-03T15:34:01.5750670Z Test Suite 'LargeOutputHardeningTests' started at 2026-08-03 15:34:01.045.
SwiftPM standard and compatibility tests	Run Pane standard tests	2026-08-03T15:34:01.5752360Z Test Case '-[PaneTests.LargeOutputHardeningTests testCompletedOutputUsesBoundedUTF8SafeHeadTailExcerpt]' started.
SwiftPM standard and compatibility tests	Run Pane standard tests	2026-08-03T15:34:01.5754370Z Test Case '-[PaneTests.LargeOutputHardeningTests testCompletedOutputUsesBoundedUTF8SafeHeadTailExcerpt]' passed (0.103 seconds).
SwiftPM standard and compatibility tests	Run Pane standard tests	2026-08-03T15:34:01.5756370Z Test Case '-[PaneTests.LargeOutputHardeningTests testIndexedSearchHandlesTenThousandBlocksAtSessionScope]' started.
SwiftPM standard and compatibility tests	Run Pane standard tests	2026-08-03T15:34:01.5758460Z Test Case '-[PaneTests.LargeOutputHardeningTests testIndexedSearchHandlesTenThousandBlocksAtSessionScope]' passed (0.134 seconds).
SwiftPM standard and compatibility tests	Run Pane standard tests	2026-08-03T15:34:01.5760580Z Test Case '-[PaneTests.LargeOutputHardeningTests testIndexedSearchRejectsStaleDebouncedGeneration]' started.
SwiftPM standard and compatibility tests	Run Pane standard tests	2026-08-03T15:34:01.5762560Z Test Case '-[PaneTests.LargeOutputHardeningTests testIndexedSearchRejectsStaleDebouncedGeneration]' passed (0.112 seconds).
SwiftPM standard and compatibility tests	Run Pane standard tests	2026-08-03T15:34:01.5765670Z Test Case '-[PaneTests.LargeOutputHardeningTests testLifecyclePublishesSessionLevelPruningNotice]' started.
SwiftPM standard and compatibility tests	Run Pane standard tests	2026-08-03T15:34:01.5767580Z Test Case '-[PaneTests.LargeOutputHardeningTests testLifecyclePublishesSessionLevelPruningNotice]' passed (0.001 seconds).
SwiftPM standard and compatibility tests	Run Pane standard tests	2026-08-03T15:34:01.5769780Z Test Case '-[PaneTests.LargeOutputHardeningTests testPolicyPrunesByCombinedOutputAndReplayBytesDeterministically]' started.
SwiftPM standard and compatibility tests	Run Pane standard tests	2026-08-03T15:34:01.5772010Z Test Case '-[PaneTests.LargeOutputHardeningTests testPolicyPrunesByCombinedOutputAndReplayBytesDeterministically]' passed (0.003 seconds).
SwiftPM standard and compatibility tests	Run Pane standard tests	2026-08-03T15:34:01.5774230Z Test Case '-[PaneTests.LargeOutputHardeningTests testPolicyPrunesOldestFinalizedBlocksButNeverRunningOrQueued]' started.
SwiftPM standard and compatibility tests	Run Pane standard tests	2026-08-03T15:34:01.5778380Z Test Case '-[PaneTests.LargeOutputHardeningTests testPolicyPrunesOldestFinalizedBlocksButNeverRunningOrQueued]' passed (0.001 seconds).
SwiftPM standard and compatibility tests	Run Pane standard tests	2026-08-03T15:34:01.5781130Z Test Case '-[PaneTests.LargeOutputHardeningTests testRichReplayAndPlainOutputShareOneBoundedCapture]' started.
SwiftPM standard and compatibility tests	Run Pane standard tests	2026-08-03T15:34:01.5783220Z Test Case '-[PaneTests.LargeOutputHardeningTests testRichReplayAndPlainOutputShareOneBoundedCapture]' passed (0.149 seconds).
SwiftPM standard and compatibility tests	Run Pane standard tests	2026-08-03T15:34:01.5784830Z Test Suite 'LargeOutputHardeningTests' passed at 2026-08-03 15:34:01.552.
SwiftPM standard and compatibility tests	Run Pane standard tests	2026-08-03T15:34:01.5785860Z 	 Executed 7 tests, with 0 failures (0 unexpected) in 0.503 (0.507) seconds
SwiftPM standard and compatibility tests	Run Pane standard tests	2026-08-03T15:34:01.5786850Z Test Suite 'PTYControllerTests' started at 2026-08-03 15:34:01.552.
SwiftPM standard and compatibility tests	Run Pane standard tests	2026-08-03T15:34:01.5788120Z Test Case '-[PaneTests.PTYControllerTests testOneHundredProcessGenerationsReturnToBaseline]' started.
SwiftPM standard and compatibility tests	Run Pane standard tests	2026-08-03T15:34:01.5790300Z Pane lifecycle session[34C844AF-BC65-4090-9944-3B27A9AA68A4] created
SwiftPM standard and compatibility tests	Run Pane standard tests	2026-08-03T15:34:01.5791380Z Pane lifecycle PTY[35B785CC-7817-4069-9A2F-B0D6011E5A44] process started generation=1
SwiftPM standard and compatibility tests	Run Pane standard tests	2026-08-03T15:34:01.5792550Z Pane lifecycle session[34C844AF-BC65-4090-9944-3B27A9AA68A4] shutdown started
SwiftPM standard and compatibility tests	Run Pane standard tests	2026-08-03T15:34:01.5793810Z Pane lifecycle PTY[35B785CC-7817-4069-9A2F-B0D6011E5A44] process termination requested pid=4263
SwiftPM standard and compatibility tests	Run Pane standard tests	2026-08-03T15:34:01.5795100Z Pane lifecycle session[F86329F4-8815-4FF6-804A-94926EF8D7B6] created
SwiftPM standard and compatibility tests	Run Pane standard tests	2026-08-03T15:34:01.5796230Z Pane lifecycle PTY[DAEFB8EA-3F96-4983-AD02-F289EC2CE559] process started generation=1
SwiftPM standard and compatibility tests	Run Pane standard tests	2026-08-03T15:34:01.5797430Z Pane lifecycle session[F86329F4-8815-4FF6-804A-94926EF8D7B6] shutdown started
SwiftPM standard and compatibility tests	Run Pane standard tests	2026-08-03T15:34:01.5798670Z Pane lifecycle PTY[DAEFB8EA-3F96-4983-AD02-F289EC2CE559] process termination requested pid=4271
SwiftPM standard and compatibility tests	Run Pane standard tests	2026-08-03T15:34:01.5799910Z Pane lifecycle session[2E01C9A1-915E-4A72-BA7B-39EE19F16756] created
SwiftPM standard and compatibility tests	Run Pane standard tests	2026-08-03T15:34:01.5801150Z Pane lifecycle PTY[35B785CC-7817-4069-9A2F-B0D6011E5A44] process terminated pid=4263 outcome=killed
SwiftPM standard and compatibility tests	Run Pane standard tests	2026-08-03T15:34:01.5802480Z Pane lifecycle PTY[9C6BF77B-4863-4395-8251-9F6C024A9787] process started generation=1
SwiftPM standard and compatibility tests	Run Pane standard tests	2026-08-03T15:34:01.5803660Z Pane lifecycle autocomplete[E8E8AC2D-C5F9-4D9A-A3E8-AC63A7AB280B] stopped
SwiftPM standard and compatibility tests	Run Pane standard tests	2026-08-03T15:34:01.5804970Z Pane lifecycle PTY[DAEFB8EA-3F96-4983-AD02-F289EC2CE559] process terminated pid=4271 outcome=killed
SwiftPM standard and compatibility tests	Run Pane standard tests	2026-08-03T15:34:01.5806340Z Pane lifecycle session[F86329F4-8815-4FF6-804A-94926EF8D7B6] shutdown completed
SwiftPM standard and compatibility tests	Run Pane standard tests	2026-08-03T15:34:01.5807770Z Pane lifecycle session[2E01C9A1-915E-4A72-BA7B-39EE19F16756] shutdown started
SwiftPM standard and compatibility tests	Run Pane standard tests	2026-08-03T15:34:01.5810140Z Pane lifecycle PTY[9C6BF77B-4863-4395-8251-9F6C024A9787] process termination requested pid=4283
SwiftPM standard and compatibility tests	Run Pane standard tests	2026-08-03T15:34:01.5811510Z Pane lifecycle autocomplete[4E0FE73A-FE37-4F2D-88DD-BE769D3ADA80] request started
SwiftPM standard and compatibility tests	Run Pane standard tests	2026-08-03T15:34:01.5812670Z Pane lifecycle autocomplete[6CB28019-4BF9-4E7E-9A80-CA530E6B65E6] stopped
SwiftPM standard and compatibility tests	Run Pane standard tests	2026-08-03T15:34:01.5813870Z Pane lifecycle session[34C844AF-BC65-4090-9944-3B27A9AA68A4] shutdown completed
SwiftPM standard and compatibility tests	Run Pane standard tests	2026-08-03T15:34:01.5815070Z Pane lifecycle autocomplete[40245F0E-D4A9-455F-B0C9-FD9C4BB9F933] stopped
SwiftPM standard and compatibility tests	Run Pane standard tests	2026-08-03T15:34:01.5816250Z Pane lifecycle autocomplete[2F575125-3D20-467A-BB18-E80A275E98AA] request started
SwiftPM standard and compatibility tests	Run Pane standard tests	2026-08-03T15:34:01.5818710Z Pane lifecycle autocomplete[982F45F0-EBB8-4368-93B7-A2B13358FB59] request started
SwiftPM standard and compatibility tests	Run Pane standard tests	2026-08-03T15:34:01.5820080Z Pane lifecycle autocomplete[4C119729-9026-47CB-8ABA-874C86FAAE1A] request started
SwiftPM standard and compatibility tests	Run Pane standard tests	2026-08-03T15:34:01.5821380Z Pane lifecycle PTY[9C6BF77B-4863-4395-8251-9F6C024A9787] process terminated pid=4283 outcome=killed
SwiftPM standard and compatibility tests	Run Pane standard tests	2026-08-03T15:34:01.5822660Z Pane lifecycle session[2E01C9A1-915E-4A72-BA7B-39EE19F16756] shutdown completed
SwiftPM standard and compatibility tests	Run Pane standard tests	2026-08-03T15:34:01.5823840Z Pane lifecycle autocomplete[C46BE2B6-41C7-4397-9D7F-D291D4F8CCBE] request started
SwiftPM standard and compatibility tests	Run Pane standard tests	2026-08-03T15:34:01.5825020Z Pane lifecycle autocomplete[C46BE2B6-41C7-4397-9D7F-D291D4F8CCBE] request started
SwiftPM standard and compatibility tests	Run Pane standard tests	2026-08-03T15:34:01.5826230Z Pane lifecycle autocomplete[CBBAFD3B-9D23-44B2-A372-214E337B0D3B] request started
SwiftPM standard and compatibility tests	Run Pane standard tests	2026-08-03T15:34:01.5827450Z Pane lifecycle autocomplete[C63DB6EE-C27E-45F6-B567-911A596BAAF3] request started
SwiftPM standard and compatibility tests	Run Pane standard tests	2026-08-03T15:34:01.5829160Z Pane lifecycle session[6B8566E4-596A-4636-8B27-87661045710E] created
SwiftPM standard and compatibility tests	Run Pane standard tests	2026-08-03T15:34:01.5830290Z Pane lifecycle session[6B8566E4-596A-4636-8B27-87661045710E] shutdown started
SwiftPM standard and compatibility tests	Run Pane standard tests	2026-08-03T15:34:01.5831720Z Pane lifecycle autocomplete[66E975A0-EC35-4D06-9743-1DAA05756607] stopped
SwiftPM standard and compatibility tests	Run Pane standard tests	2026-08-03T15:34:01.5832840Z Pane lifecycle session[6B8566E4-596A-4636-8B27-87661045710E] shutdown completed
SwiftPM standard and compatibility tests	Run Pane standard tests	2026-08-03T15:34:01.5833920Z Pane lifecycle session[6B8566E4-596A-4636-8B27-87661045710E] deallocated
SwiftPM standard and compatibility tests	Run Pane standard tests	2026-08-03T15:34:01.5836480Z Pane lifecycle PTY[C45F7AE9-01F8-4DF6-B81D-820D3DDA25FA] process started generation=1
SwiftPM standard and compatibility tests	Run Pane standard tests	2026-08-03T15:34:01.5837890Z Pane lifecycle PTY[C45F7AE9-01F8-4DF6-B81D-820D3DDA25FA] process termination requested pid=0
SwiftPM standard and compatibility tests	Run Pane standard tests	2026-08-03T15:34:01.5840300Z Pane lifecycle PTY[C45F7AE9-01F8-4DF6-B81D-820D3DDA25FA] process started generation=2
SwiftPM standard and compatibility tests	Run Pane standard tests	2026-08-03T15:34:01.5841600Z Pane lifecycle PTY[C45F7AE9-01F8-4DF6-B81D-820D3DDA25FA] process termination requested pid=0
SwiftPM standard and compatibility tests	Run Pane standard tests	2026-08-03T15:34:01.5842880Z Pane lifecycle PTY[C45F7AE9-01F8-4DF6-B81D-820D3DDA25FA] process started generation=3
SwiftPM standard and compatibility tests	Run Pane standard tests	2026-08-03T15:34:01.5844030Z Pane lifecycle PTY[C45F7AE9-01F8-4DF6-B81D-820D3DDA25FA] process termination requested pid=0
SwiftPM standard and compatibility tests	Run Pane standard tests	2026-08-03T15:34:01.5844610Z Pane lifecycle PTY[C45F7AE9-01F8-4DF6-B81D-820D3DDA25FA] process started generation=4
SwiftPM standard and compatibility tests	Run Pane standard tests	2026-08-03T15:34:01.5845120Z Pane lifecycle PTY[C45F7AE9-01F8-4DF6-B81D-820D3DDA25FA] process termination requested pid=0
SwiftPM standard and compatibility tests	Run Pane standard tests	2026-08-03T15:34:01.5845600Z Pane lifecycle PTY[C45F7AE9-01F8-4DF6-B81D-820D3DDA25FA] process started generation=5
SwiftPM standard and compatibility tests	Run Pane standard tests	2026-08-03T15:34:01.5846110Z Pane lifecycle PTY[C45F7AE9-01F8-4DF6-B81D-820D3DDA25FA] process termination requested pid=0
SwiftPM standard and compatibility tests	Run Pane standard tests	2026-08-03T15:34:01.5846600Z Pane lifecycle PTY[C45F7AE9-01F8-4DF6-B81D-820D3DDA25FA] process started generation=6
SwiftPM standard and compatibility tests	Run Pane standard tests	2026-08-03T15:34:01.5847370Z Pane lifecycle PTY[C45F7AE9-01F8-4DF6-B81D-820D3DDA25FA] process termination requested pid=0
SwiftPM standard and compatibility tests	Run Pane standard tests	2026-08-03T15:34:01.5847920Z Pane lifecycle PTY[C45F7AE9-01F8-4DF6-B81D-820D3DDA25FA] process started generation=7
SwiftPM standard and compatibility tests	Run Pane standard tests	2026-08-03T15:34:01.5848420Z Pane lifecycle PTY[C45F7AE9-01F8-4DF6-B81D-820D3DDA25FA] process termination requested pid=0
SwiftPM standard and compatibility tests	Run Pane standard tests	2026-08-03T15:34:01.5848940Z Pane lifecycle PTY[C45F7AE9-01F8-4DF6-B81D-820D3DDA25FA] process started generation=8
SwiftPM standard and compatibility tests	Run Pane standard tests	2026-08-03T15:34:01.5849420Z Pane lifecycle PTY[C45F7AE9-01F8-4DF6-B81D-820D3DDA25FA] process termination requested pid=0
SwiftPM standard and compatibility tests	Run Pane standard tests	2026-08-03T15:34:01.5850390Z Pane lifecycle PTY[C45F7AE9-01F8-4DF6-B81D-820D3DDA25FA] process started generation=9
SwiftPM standard and compatibility tests	Run Pane standard tests	2026-08-03T15:34:01.5850910Z Pane lifecycle PTY[C45F7AE9-01F8-4DF6-B81D-820D3DDA25FA] process termination requested pid=0
SwiftPM standard and compatibility tests	Run Pane standard tests	2026-08-03T15:34:01.5851450Z Pane lifecycle PTY[C45F7AE9-01F8-4DF6-B81D-820D3DDA25FA] process terminated pid=0 outcome=terminated
SwiftPM standard and compatibility tests	Run Pane standard tests	2026-08-03T15:34:01.5852000Z Pane lifecycle PTY[C45F7AE9-01F8-4DF6-B81D-820D3DDA25FA] process started generation=10
SwiftPM standard and compatibility tests	Run Pane standard tests	2026-08-03T15:34:01.5852530Z Pane lifecycle PTY[C45F7AE9-01F8-4DF6-B81D-820D3DDA25FA] process terminated pid=0 outcome=terminated
SwiftPM standard and compatibility tests	Run Pane standard tests	2026-08-03T15:34:01.5853280Z Pane lifecycle PTY[C45F7AE9-01F8-4DF6-B81D-820D3DDA25FA] process terminated pid=0 outcome=terminated
SwiftPM standard and compatibility tests	Run Pane standard tests	2026-08-03T15:34:01.5854330Z Pane lifecycle PTY[C45F7AE9-01F8-4DF6-B81D-820D3DDA25FA] process terminated pid=0 outcome=terminated
SwiftPM standard and compatibility tests	Run Pane standard tests	2026-08-03T15:34:01.5854880Z Pane lifecycle PTY[C45F7AE9-01F8-4DF6-B81D-820D3DDA25FA] process terminated pid=0 outcome=terminated
SwiftPM standard and compatibility tests	Run Pane standard tests	2026-08-03T15:34:01.5855440Z Pane lifecycle PTY[C45F7AE9-01F8-4DF6-B81D-820D3DDA25FA] process terminated pid=0 outcome=terminated
SwiftPM standard and compatibility tests	Run Pane standard tests	2026-08-03T15:34:01.5855980Z Pane lifecycle PTY[C45F7AE9-01F8-4DF6-B81D-820D3DDA25FA] process terminated pid=0 outcome=terminated
SwiftPM standard and compatibility tests	Run Pane standard tests	2026-08-03T15:34:01.5856510Z Pane lifecycle PTY[C45F7AE9-01F8-4DF6-B81D-820D3DDA25FA] process termination requested pid=0
SwiftPM standard and compatibility tests	Run Pane standard tests	2026-08-03T15:34:01.5857160Z Pane lifecycle PTY[C45F7AE9-01F8-4DF6-B81D-820D3DDA25FA] process terminated pid=0 outcome=terminated
SwiftPM standard and compatibility tests	Run Pane standard tests	2026-08-03T15:34:01.5858450Z Pane lifecycle PTY[C45F7AE9-01F8-4DF6-B81D-820D3DDA25FA] process terminated pid=0 outcome=terminated
SwiftPM standard and compatibility tests	Run Pane standard tests	2026-08-03T15:34:01.5859690Z Pane lifecycle PTY[C45F7AE9-01F8-4DF6-B81D-820D3DDA25FA] process terminated pid=0 outcome=terminated
SwiftPM standard and compatibility tests	Run Pane standard tests	2026-08-03T15:34:01.5860330Z Pane lifecycle PTY[C45F7AE9-01F8-4DF6-B81D-820D3DDA25FA] process started generation=11
SwiftPM standard and compatibility tests	Run Pane standard tests	2026-08-03T15:34:01.5860830Z Pane lifecycle PTY[C45F7AE9-01F8-4DF6-B81D-820D3DDA25FA] process termination requested pid=0
SwiftPM standard and compatibility tests	Run Pane standard tests	2026-08-03T15:34:01.5861330Z Pane lifecycle PTY[C45F7AE9-01F8-4DF6-B81D-820D3DDA25FA] process started generation=12
SwiftPM standard and compatibility tests	Run Pane standard tests	2026-08-03T15:34:01.5861820Z Pane lifecycle PTY[C45F7AE9-01F8-4DF6-B81D-820D3DDA25FA] process termination requested pid=0
SwiftPM standard and compatibility tests	Run Pane standard tests	2026-08-03T15:34:01.5862690Z Pane lifecycle PTY[C45F7AE9-01F8-4DF6-B81D-820D3DDA25FA] process started generation=13
SwiftPM standard and compatibility tests	Run Pane standard tests	2026-08-03T15:34:01.5863460Z Pane lifecycle PTY[C45F7AE9-01F8-4DF6-B81D-820D3DDA25FA] process termination requested pid=0
SwiftPM standard and compatibility tests	Run Pane standard tests	2026-08-03T15:34:01.5864180Z Pane lifecycle PTY[C45F7AE9-01F8-4DF6-B81D-820D3DDA25FA] process started generation=14
SwiftPM standard and compatibility tests	Run Pane standard tests	2026-08-03T15:34:01.5864700Z Pane lifecycle PTY[C45F7AE9-01F8-4DF6-B81D-820D3DDA25FA] process termination requested pid=0
SwiftPM standard and compatibility tests	Run Pane standard tests	2026-08-03T15:34:01.5865220Z Pane lifecycle PTY[C45F7AE9-01F8-4DF6-B81D-820D3DDA25FA] process started generation=15
SwiftPM standard and compatibility tests	Run Pane standard tests	2026-08-03T15:34:01.5865850Z Pane lifecycle PTY[C45F7AE9-01F8-4DF6-B81D-820D3DDA25FA] process termination requested pid=0
SwiftPM standard and compatibility tests	Run Pane standard tests	2026-08-03T15:34:01.5866560Z Pane lifecycle PTY[C45F7AE9-01F8-4DF6-B81D-820D3DDA25FA] process terminated pid=0 outcome=terminated
SwiftPM standard and compatibility tests	Run Pane standard tests	2026-08-03T15:34:01.5867150Z Pane lifecycle PTY[C45F7AE9-01F8-4DF6-B81D-820D3DDA25FA] process terminated pid=0 outcome=terminated
SwiftPM standard and compatibility tests	Run Pane standard tests	2026-08-03T15:34:01.5867660Z Pane lifecycle PTY[C45F7AE9-01F8-4DF6-B81D-820D3DDA25FA] process started generation=16
SwiftPM standard and compatibility tests	Run Pane standard tests	2026-08-03T15:34:01.5868170Z Pane lifecycle PTY[C45F7AE9-01F8-4DF6-B81D-820D3DDA25FA] process terminated pid=0 outcome=terminated
SwiftPM standard and compatibility tests	Run Pane standard tests	2026-08-03T15:34:01.5868740Z Pane lifecycle PTY[C45F7AE9-01F8-4DF6-B81D-820D3DDA25FA] process terminated pid=0 outcome=terminated
SwiftPM standard and compatibility tests	Run Pane standard tests	2026-08-03T15:34:01.5869300Z Pane lifecycle PTY[C45F7AE9-01F8-4DF6-B81D-820D3DDA25FA] process terminated pid=0 outcome=terminated
SwiftPM standard and compatibility tests	Run Pane standard tests	2026-08-03T15:34:01.5869880Z Pane lifecycle PTY[C45F7AE9-01F8-4DF6-B81D-820D3DDA25FA] process termination requested pid=0
SwiftPM standard and compatibility tests	Run Pane standard tests	2026-08-03T15:34:01.5870420Z Pane lifecycle PTY[C45F7AE9-01F8-4DF6-B81D-820D3DDA25FA] process started generation=17
SwiftPM standard and compatibility tests	Run Pane standard tests	2026-08-03T15:34:01.5870910Z Pane lifecycle PTY[C45F7AE9-01F8-4DF6-B81D-820D3DDA25FA] process termination requested pid=0
SwiftPM standard and compatibility tests	Run Pane standard tests	2026-08-03T15:34:01.5871390Z Pane lifecycle PTY[C45F7AE9-01F8-4DF6-B81D-820D3DDA25FA] process started generation=18
SwiftPM standard and compatibility tests	Run Pane standard tests	2026-08-03T15:34:01.5871880Z Pane lifecycle PTY[C45F7AE9-01F8-4DF6-B81D-820D3DDA25FA] process termination requested pid=0
SwiftPM standard and compatibility tests	Run Pane standard tests	2026-08-03T15:34:01.5872360Z Pane lifecycle PTY[C45F7AE9-01F8-4DF6-B81D-820D3DDA25FA] process started generation=19
SwiftPM standard and compatibility tests	Run Pane standard tests	2026-08-03T15:34:01.5872840Z Pane lifecycle PTY[C45F7AE9-01F8-4DF6-B81D-820D3DDA25FA] process termination requested pid=0
SwiftPM standard and compatibility tests	Run Pane standard tests	2026-08-03T15:34:01.5873320Z Pane lifecycle PTY[C45F7AE9-01F8-4DF6-B81D-820D3DDA25FA] process started generation=20
SwiftPM standard and compatibility tests	Run Pane standard tests	2026-08-03T15:34:01.5873940Z Pane lifecycle PTY[C45F7AE9-01F8-4DF6-B81D-820D3DDA25FA] process termination requested pid=0
SwiftPM standard and compatibility tests	Run Pane standard tests	2026-08-03T15:34:01.5874470Z Pane lifecycle PTY[C45F7AE9-01F8-4DF6-B81D-820D3DDA25FA] process terminated pid=0 outcome=terminated
SwiftPM standard and compatibility tests	Run Pane standard tests	2026-08-03T15:34:01.5875690Z Pane lifecycle PTY[C45F7AE9-01F8-4DF6-B81D-820D3DDA25FA] process terminated pid=0 outcome=terminated
SwiftPM standard and compatibility tests	Run Pane standard tests	2026-08-03T15:34:01.5876580Z Pane lifecycle PTY[C45F7AE9-01F8-4DF6-B81D-820D3DDA25FA] process terminated pid=0 outcome=terminated
SwiftPM standard and compatibility tests	Run Pane standard tests	2026-08-03T15:34:01.5877210Z Pane lifecycle PTY[C45F7AE9-01F8-4DF6-B81D-820D3DDA25FA] process terminated pid=0 outcome=terminated
SwiftPM standard and compatibility tests	Run Pane standard tests	2026-08-03T15:34:01.5877790Z Pane lifecycle PTY[C45F7AE9-01F8-4DF6-B81D-820D3DDA25FA] process terminated pid=0 outcome=terminated
SwiftPM standard and compatibility tests	Run Pane standard tests	2026-08-03T15:34:01.5878300Z Pane lifecycle PTY[C45F7AE9-01F8-4DF6-B81D-820D3DDA25FA] process started generation=21
SwiftPM standard and compatibility tests	Run Pane standard tests	2026-08-03T15:34:01.5878790Z Pane lifecycle PTY[C45F7AE9-01F8-4DF6-B81D-820D3DDA25FA] process termination requested pid=0
SwiftPM standard and compatibility tests	Run Pane standard tests	2026-08-03T15:34:01.5879270Z Pane lifecycle PTY[C45F7AE9-01F8-4DF6-B81D-820D3DDA25FA] process started generation=22
SwiftPM standard and compatibility tests	Run Pane standard tests	2026-08-03T15:34:01.5879770Z Pane lifecycle PTY[C45F7AE9-01F8-4DF6-B81D-820D3DDA25FA] process terminated pid=0 outcome=terminated
SwiftPM standard and compatibility tests	Run Pane standard tests	2026-08-03T15:34:01.5880300Z Pane lifecycle PTY[C45F7AE9-01F8-4DF6-B81D-820D3DDA25FA] process termination requested pid=0
SwiftPM standard and compatibility tests	Run Pane standard tests	2026-08-03T15:34:01.5880890Z Pane lifecycle PTY[C45F7AE9-01F8-4DF6-B81D-820D3DDA25FA] process started generation=23
SwiftPM standard and compatibility tests	Run Pane standard tests	2026-08-03T15:34:01.5881410Z Pane lifecycle PTY[C45F7AE9-01F8-4DF6-B81D-820D3DDA25FA] process termination requested pid=0
SwiftPM standard and compatibility tests	Run Pane standard tests	2026-08-03T15:34:01.5882050Z Pane lifecycle PTY[C45F7AE9-01F8-4DF6-B81D-820D3DDA25FA] process started generation=24
SwiftPM standard and compatibility tests	Run Pane standard tests	2026-08-03T15:34:01.5882580Z Pane lifecycle PTY[C45F7AE9-01F8-4DF6-B81D-820D3DDA25FA] process termination requested pid=0
SwiftPM standard and compatibility tests	Run Pane standard tests	2026-08-03T15:34:01.5883410Z Pane lifecycle PTY[C45F7AE9-01F8-4DF6-B81D-820D3DDA25FA] process started generation=25
SwiftPM standard and compatibility tests	Run Pane standard tests	2026-08-03T15:34:01.5884000Z Pane lifecycle PTY[C45F7AE9-01F8-4DF6-B81D-820D3DDA25FA] process termination requested pid=0
SwiftPM standard and compatibility tests	Run Pane standard tests	2026-08-03T15:34:01.5884490Z Pane lifecycle PTY[C45F7AE9-01F8-4DF6-B81D-820D3DDA25FA] process started generation=26
SwiftPM standard and compatibility tests	Run Pane standard tests	2026-08-03T15:34:01.5884980Z Pane lifecycle PTY[C45F7AE9-01F8-4DF6-B81D-820D3DDA25FA] process termination requested pid=0
SwiftPM standard and compatibility tests	Run Pane standard tests	2026-08-03T15:34:01.5885460Z Pane lifecycle PTY[C45F7AE9-01F8-4DF6-B81D-820D3DDA25FA] process started generation=27
SwiftPM standard and compatibility tests	Run Pane standard tests	2026-08-03T15:34:01.5885950Z Pane lifecycle PTY[C45F7AE9-01F8-4DF6-B81D-820D3DDA25FA] process termination requested pid=0
SwiftPM standard and compatibility tests	Run Pane standard tests	2026-08-03T15:34:01.5886430Z Pane lifecycle PTY[C45F7AE9-01F8-4DF6-B81D-820D3DDA25FA] process started generation=28
SwiftPM standard and compatibility tests	Run Pane standard tests	2026-08-03T15:34:01.5887020Z Pane lifecycle PTY[C45F7AE9-01F8-4DF6-B81D-820D3DDA25FA] process termination requested pid=0
SwiftPM standard and compatibility tests	Run Pane standard tests	2026-08-03T15:34:01.5887510Z Pane lifecycle PTY[C45F7AE9-01F8-4DF6-B81D-820D3DDA25FA] process started generation=29
SwiftPM standard and compatibility tests	Run Pane standard tests	2026-08-03T15:34:01.5888000Z Pane lifecycle PTY[C45F7AE9-01F8-4DF6-B81D-820D3DDA25FA] process termination requested pid=0
SwiftPM standard and compatibility tests	Run Pane standard tests	2026-08-03T15:34:01.5889690Z Pane lifecycle PTY[C45F7AE9-01F8-4DF6-B81D-820D3DDA25FA] process started generation=30
SwiftPM standard and compatibility tests	Run Pane standard tests	2026-08-03T15:34:01.5891090Z Pane lifecycle PTY[C45F7AE9-01F8-4DF6-B81D-820D3DDA25FA] process termination requested pid=0
SwiftPM standard and compatibility tests	Run Pane standard tests	2026-08-03T15:34:01.5892480Z Pane lifecycle PTY[C45F7AE9-01F8-4DF6-B81D-820D3DDA25FA] process started generation=31
SwiftPM standard and compatibility tests	Run Pane standard tests	2026-08-03T15:34:01.5893840Z Pane lifecycle PTY[C45F7AE9-01F8-4DF6-B81D-820D3DDA25FA] process termination requested pid=0
SwiftPM standard and compatibility tests	Run Pane standard tests	2026-08-03T15:34:01.5895150Z Pane lifecycle PTY[C45F7AE9-01F8-4DF6-B81D-820D3DDA25FA] process started generation=32
SwiftPM standard and compatibility tests	Run Pane standard tests	2026-08-03T15:34:01.5896470Z Pane lifecycle PTY[C45F7AE9-01F8-4DF6-B81D-820D3DDA25FA] process termination requested pid=0
SwiftPM standard and compatibility tests	Run Pane standard tests	2026-08-03T15:34:01.5897760Z Pane lifecycle PTY[C45F7AE9-01F8-4DF6-B81D-820D3DDA25FA] process started generation=33
SwiftPM standard and compatibility tests	Run Pane standard tests	2026-08-03T15:34:01.5899070Z Pane lifecycle PTY[C45F7AE9-01F8-4DF6-B81D-820D3DDA25FA] process termination requested pid=0
SwiftPM standard and compatibility tests	Run Pane standard tests	2026-08-03T15:34:01.5900420Z Pane lifecycle PTY[C45F7AE9-01F8-4DF6-B81D-820D3DDA25FA] process started generation=34
SwiftPM standard and compatibility tests	Run Pane standard tests	2026-08-03T15:34:01.5901730Z Pane lifecycle PTY[C45F7AE9-01F8-4DF6-B81D-820D3DDA25FA] process termination requested pid=0
SwiftPM standard and compatibility tests	Run Pane standard tests	2026-08-03T15:34:01.5903010Z Pane lifecycle PTY[C45F7AE9-01F8-4DF6-B81D-820D3DDA25FA] process started generation=35
SwiftPM standard and compatibility tests	Run Pane standard tests	2026-08-03T15:34:01.5905330Z Pane lifecycle PTY[C45F7AE9-01F8-4DF6-B81D-820D3DDA25FA] process termination requested pid=0
SwiftPM standard and compatibility tests	Run Pane standard tests	2026-08-03T15:34:01.5906640Z Pane lifecycle PTY[C45F7AE9-01F8-4DF6-B81D-820D3DDA25FA] process started generation=36
SwiftPM standard and compatibility tests	Run Pane standard tests	2026-08-03T15:34:01.5907930Z Pane lifecycle PTY[C45F7AE9-01F8-4DF6-B81D-820D3DDA25FA] process termination requested pid=0
SwiftPM standard and compatibility tests	Run Pane standard tests	2026-08-03T15:34:01.5909260Z Pane lifecycle PTY[C45F7AE9-01F8-4DF6-B81D-820D3DDA25FA] process started generation=37
SwiftPM standard and compatibility tests	Run Pane standard tests	2026-08-03T15:34:01.5910570Z Pane lifecycle PTY[C45F7AE9-01F8-4DF6-B81D-820D3DDA25FA] process termination requested pid=0
SwiftPM standard and compatibility tests	Run Pane standard tests	2026-08-03T15:34:01.5911890Z Pane lifecycle PTY[C45F7AE9-01F8-4DF6-B81D-820D3DDA25FA] process started generation=38
SwiftPM standard and compatibility tests	Run Pane standard tests	2026-08-03T15:34:01.5913320Z Pane lifecycle PTY[C45F7AE9-01F8-4DF6-B81D-820D3DDA25FA] process termination requested pid=0
SwiftPM standard and compatibility tests	Run Pane standard tests	2026-08-03T15:34:01.5914670Z Pane lifecycle PTY[C45F7AE9-01F8-4DF6-B81D-820D3DDA25FA] process started generation=39
SwiftPM standard and compatibility tests	Run Pane standard tests	2026-08-03T15:34:01.5916060Z Pane lifecycle PTY[C45F7AE9-01F8-4DF6-B81D-820D3DDA25FA] process termination requested pid=0
SwiftPM standard and compatibility tests	Run Pane standard tests	2026-08-03T15:34:01.5917930Z Pane lifecycle PTY[C45F7AE9-01F8-4DF6-B81D-820D3DDA25FA] process started generation=40
SwiftPM standard and compatibility tests	Run Pane standard tests	2026-08-03T15:34:01.5918480Z Pane lifecycle PTY[C45F7AE9-01F8-4DF6-B81D-820D3DDA25FA] process termination requested pid=0
SwiftPM standard and compatibility tests	Run Pane standard tests	2026-08-03T15:34:01.5919070Z Pane lifecycle PTY[C45F7AE9-01F8-4DF6-B81D-820D3DDA25FA] process started generation=41
SwiftPM standard and compatibility tests	Run Pane standard tests	2026-08-03T15:34:01.5919650Z Pane lifecycle PTY[C45F7AE9-01F8-4DF6-B81D-820D3DDA25FA] process termination requested pid=0
SwiftPM standard and compatibility tests	Run Pane standard tests	2026-08-03T15:34:01.5920240Z Pane lifecycle PTY[C45F7AE9-01F8-4DF6-B81D-820D3DDA25FA] process started generation=42
SwiftPM standard and compatibility tests	Run Pane standard tests	2026-08-03T15:34:01.5921210Z Pane lifecycle PTY[C45F7AE9-01F8-4DF6-B81D-820D3DDA25FA] process termination requested pid=0
SwiftPM standard and compatibility tests	Run Pane standard tests	2026-08-03T15:34:01.5921700Z Pane lifecycle PTY[C45F7AE9-01F8-4DF6-B81D-820D3DDA25FA] process started generation=43
SwiftPM standard and compatibility tests	Run Pane standard tests	2026-08-03T15:34:01.5922240Z Pane lifecycle PTY[C45F7AE9-01F8-4DF6-B81D-820D3DDA25FA] process termination requested pid=0
SwiftPM standard and compatibility tests	Run Pane standard tests	2026-08-03T15:34:12.5845260Z Pane lifecycle PTY[C45F7AE9-01F8-4DF6-B81D-820D3DDA25FA] process started generation=44
SwiftPM standard and compatibility tests	Run Pane standard tests	2026-08-03T15:34:12.5848540Z Pane lifecycle PTY[C45F7AE9-01F8-4DF6-B81D-820D3DDA25FA] process termination requested pid=0
SwiftPM standard and compatibility tests	Run Pane standard tests	2026-08-03T15:34:12.5850190Z Pane lifecycle PTY[C45F7AE9-01F8-4DF6-B81D-820D3DDA25FA] process started generation=45
SwiftPM standard and compatibility tests	Run Pane standard tests	2026-08-03T15:34:12.5853410Z Pane lifecycle PTY[C45F7AE9-01F8-4DF6-B81D-820D3DDA25FA] process termination requested pid=0
SwiftPM standard and compatibility tests	Run Pane standard tests	2026-08-03T15:34:12.5854150Z Pane lifecycle PTY[C45F7AE9-01F8-4DF6-B81D-820D3DDA25FA] process started generation=46
SwiftPM standard and compatibility tests	Run Pane standard tests	2026-08-03T15:34:12.5855290Z Pane lifecycle PTY[C45F7AE9-01F8-4DF6-B81D-820D3DDA25FA] process termination requested pid=0
SwiftPM standard and compatibility tests	Run Pane standard tests	2026-08-03T15:34:12.5855960Z Pane lifecycle PTY[C45F7AE9-01F8-4DF6-B81D-820D3DDA25FA] process started generation=47
SwiftPM standard and compatibility tests	Run Pane standard tests	2026-08-03T15:34:12.5856660Z Pane lifecycle PTY[C45F7AE9-01F8-4DF6-B81D-820D3DDA25FA] process termination requested pid=0
SwiftPM standard and compatibility tests	Run Pane standard tests	2026-08-03T15:34:12.5857350Z Pane lifecycle PTY[C45F7AE9-01F8-4DF6-B81D-820D3DDA25FA] process started generation=48
SwiftPM standard and compatibility tests	Run Pane standard tests	2026-08-03T15:34:12.5857960Z Pane lifecycle PTY[C45F7AE9-01F8-4DF6-B81D-820D3DDA25FA] process termination requested pid=0
SwiftPM standard and compatibility tests	Run Pane standard tests	2026-08-03T15:34:12.5858880Z Pane lifecycle PTY[C45F7AE9-01F8-4DF6-B81D-820D3DDA25FA] process started generation=49
SwiftPM standard and compatibility tests	Run Pane standard tests	2026-08-03T15:34:12.5862980Z Pane lifecycle PTY[C45F7AE9-01F8-4DF6-B81D-820D3DDA25FA] process termination requested pid=0
SwiftPM standard and compatibility tests	Run Pane standard tests	2026-08-03T15:34:12.5868110Z Pane lifecycle PTY[C45F7AE9-01F8-4DF6-B81D-820D3DDA25FA] process started generation=50
SwiftPM standard and compatibility tests	Run Pane standard tests	2026-08-03T15:34:12.5875870Z Pane lifecycle PTY[C45F7AE9-01F8-4DF6-B81D-820D3DDA25FA] process termination requested pid=0
SwiftPM standard and compatibility tests	Run Pane standard tests	2026-08-03T15:34:12.5883060Z Pane lifecycle PTY[C45F7AE9-01F8-4DF6-B81D-820D3DDA25FA] process started generation=51
SwiftPM standard and compatibility tests	Run Pane standard tests	2026-08-03T15:34:12.5883790Z Pane lifecycle PTY[C45F7AE9-01F8-4DF6-B81D-820D3DDA25FA] process termination requested pid=0
SwiftPM standard and compatibility tests	Run Pane standard tests	2026-08-03T15:34:12.5884470Z Pane lifecycle PTY[C45F7AE9-01F8-4DF6-B81D-820D3DDA25FA] process started generation=52
SwiftPM standard and compatibility tests	Run Pane standard tests	2026-08-03T15:34:12.5893330Z Pane lifecycle PTY[C45F7AE9-01F8-4DF6-B81D-820D3DDA25FA] process termination requested pid=0
SwiftPM standard and compatibility tests	Run Pane standard tests	2026-08-03T15:34:12.5894960Z Pane lifecycle PTY[C45F7AE9-01F8-4DF6-B81D-820D3DDA25FA] process started generation=53
SwiftPM standard and compatibility tests	Run Pane standard tests	2026-08-03T15:34:12.5896590Z Pane lifecycle PTY[C45F7AE9-01F8-4DF6-B81D-820D3DDA25FA] process termination requested pid=0
SwiftPM standard and compatibility tests	Run Pane standard tests	2026-08-03T15:34:12.5898250Z Pane lifecycle PTY[C45F7AE9-01F8-4DF6-B81D-820D3DDA25FA] process terminated pid=0 outcome=terminated
SwiftPM standard and compatibility tests	Run Pane standard tests	2026-08-03T15:34:12.5900160Z Pane lifecycle PTY[C45F7AE9-01F8-4DF6-B81D-820D3DDA25FA] process terminated pid=0 outcome=terminated
SwiftPM standard and compatibility tests	Run Pane standard tests	2026-08-03T15:34:12.5902030Z Pane lifecycle PTY[C45F7AE9-01F8-4DF6-B81D-820D3DDA25FA] process terminated pid=0 outcome=terminated
SwiftPM standard and compatibility tests	Run Pane standard tests	2026-08-03T15:34:12.5903720Z Pane lifecycle PTY[C45F7AE9-01F8-4DF6-B81D-820D3DDA25FA] process terminated pid=0 outcome=terminated
SwiftPM standard and compatibility tests	Run Pane standard tests	2026-08-03T15:34:12.5905600Z Pane lifecycle PTY[C45F7AE9-01F8-4DF6-B81D-820D3DDA25FA] process terminated pid=0 outcome=terminated
SwiftPM standard and compatibility tests	Run Pane standard tests	2026-08-03T15:34:12.5908320Z Pane lifecycle PTY[C45F7AE9-01F8-4DF6-B81D-820D3DDA25FA] process terminated pid=0 outcome=terminated
SwiftPM standard and compatibility tests	Run Pane standard tests	2026-08-03T15:34:12.5910770Z Pane lifecycle PTY[C45F7AE9-01F8-4DF6-B81D-820D3DDA25FA] process started generation=54
SwiftPM standard and compatibility tests	Run Pane standard tests	2026-08-03T15:34:12.5912550Z Pane lifecycle PTY[C45F7AE9-01F8-4DF6-B81D-820D3DDA25FA] process terminated pid=0 outcome=terminated
SwiftPM standard and compatibility tests	Run Pane standard tests	2026-08-03T15:34:12.5914410Z Pane lifecycle PTY[C45F7AE9-01F8-4DF6-B81D-820D3DDA25FA] process terminated pid=0 outcome=terminated
SwiftPM standard and compatibility tests	Run Pane standard tests	2026-08-03T15:34:12.5916400Z Pane lifecycle PTY[C45F7AE9-01F8-4DF6-B81D-820D3DDA25FA] process terminated pid=0 outcome=terminated
SwiftPM standard and compatibility tests	Run Pane standard tests	2026-08-03T15:34:12.5929010Z Pane lifecycle PTY[C45F7AE9-01F8-4DF6-B81D-820D3DDA25FA] process terminated pid=0 outcome=terminated
SwiftPM standard and compatibility tests	Run Pane standard tests	2026-08-03T15:34:12.5937520Z Pane lifecycle PTY[C45F7AE9-01F8-4DF6-B81D-820D3DDA25FA] process terminated pid=0 outcome=terminated
SwiftPM standard and compatibility tests	Run Pane standard tests	2026-08-03T15:34:12.5938400Z Pane lifecycle PTY[C45F7AE9-01F8-4DF6-B81D-820D3DDA25FA] process terminated pid=0 outcome=terminated
SwiftPM standard and compatibility tests	Run Pane standard tests	2026-08-03T15:34:12.5944790Z Pane lifecycle PTY[C45F7AE9-01F8-4DF6-B81D-820D3DDA25FA] process terminated pid=0 outcome=terminated
SwiftPM standard and compatibility tests	Run Pane standard tests	2026-08-03T15:34:12.5962140Z Pane lifecycle PTY[C45F7AE9-01F8-4DF6-B81D-820D3DDA25FA] process terminated pid=0 outcome=terminated
SwiftPM standard and compatibility tests	Run Pane standard tests	2026-08-03T15:34:12.5962950Z Pane lifecycle PTY[C45F7AE9-01F8-4DF6-B81D-820D3DDA25FA] process terminated pid=0 outcome=terminated
SwiftPM standard and compatibility tests	Run Pane standard tests	2026-08-03T15:34:12.5963740Z Pane lifecycle PTY[C45F7AE9-01F8-4DF6-B81D-820D3DDA25FA] process terminated pid=0 outcome=terminated
SwiftPM standard and compatibility tests	Run Pane standard tests	2026-08-03T15:34:12.5964420Z Pane lifecycle PTY[C45F7AE9-01F8-4DF6-B81D-820D3DDA25FA] process terminated pid=0 outcome=terminated
SwiftPM standard and compatibility tests	Run Pane standard tests	2026-08-03T15:34:12.5965150Z Pane lifecycle PTY[C45F7AE9-01F8-4DF6-B81D-820D3DDA25FA] process terminated pid=0 outcome=terminated
SwiftPM standard and compatibility tests	Run Pane standard tests	2026-08-03T15:34:12.5966100Z Pane lifecycle PTY[C45F7AE9-01F8-4DF6-B81D-820D3Test Case '-[PaneTests.PTYControllerTests testOneHundredProcessGenerationsReturnToBaseline]' passed (0.006 seconds).
SwiftPM standard and compatibility tests	Run Pane standard tests	2026-08-03T15:34:12.5967050Z Test Case '-[PaneTests.PTYControllerTests testStaleCallbacksAndDuplicateTerminationNeverReachConsumer]' started.
SwiftPM standard and compatibility tests	Run Pane standard tests	2026-08-03T15:34:12.5967950Z Test Case '-[PaneTests.PTYControllerTests testStaleCallbacksAndDuplicateTerminationNeverReachConsumer]' passed (0.001 seconds).
SwiftPM standard and compatibility tests	Run Pane standard tests	2026-08-03T15:34:12.5969210Z Test Case '-[PaneTests.PTYControllerTests testStartWriteResizeAndTerminateAreOwnedByController]' started.
SwiftPM standard and compatibility tests	Run Pane standard tests	2026-08-03T15:34:12.5970220Z Test Case '-[PaneTests.PTYControllerTests testStartWriteResizeAndTerminateAreOwnedByController]' passed (0.001 seconds).
SwiftPM standard and compatibility tests	Run Pane standard tests	2026-08-03T15:34:12.5970980Z Test Suite 'PTYControllerTests' passed at 2026-08-03 15:34:01.560.
SwiftPM standard and compatibility tests	Run Pane standard tests	2026-08-03T15:34:12.5971530Z 	 Executed 3 tests, with 0 failures (0 unexpected) in 0.007 (0.008) seconds
SwiftPM standard and compatibility tests	Run Pane standard tests	2026-08-03T15:34:12.5972140Z Test Suite 'PTYGenerationGateTests' started at 2026-08-03 15:34:01.560.
SwiftPM standard and compatibility tests	Run Pane standard tests	2026-08-03T15:34:12.5972900Z Test Case '-[PaneTests.PTYGenerationGateTests testStaleGenerationBytesAreRejectedAndTerminationIsExactlyOnce]' started.
SwiftPM standard and compatibility tests	Run Pane standard tests	2026-08-03T15:34:12.5974250Z Test Case '-[PaneTests.PTYGenerationGateTests testStaleGenerationBytesAreRejectedAndTerminationIsExactlyOnce]' passed (0.000 seconds).
SwiftPM standard and compatibility tests	Run Pane standard tests	2026-08-03T15:34:12.5975190Z Test Suite 'PTYGenerationGateTests' passed at 2026-08-03 15:34:01.561.
SwiftPM standard and compatibility tests	Run Pane standard tests	2026-08-03T15:34:12.5975680Z 	 Executed 1 test, with 0 failures (0 unexpected) in 0.000 (0.001) seconds
SwiftPM standard and compatibility tests	Run Pane standard tests	2026-08-03T15:34:12.5976270Z Test Suite 'ResourceLifecycleHardeningTests' started at 2026-08-03 15:34:01.561.
SwiftPM standard and compatibility tests	Run Pane standard tests	2026-08-03T15:34:12.5977030Z Test Case '-[PaneTests.ResourceLifecycleHardeningTests testGitLaunchFailureClosesPipeWithoutCreatingChild]' started.
SwiftPM standard and compatibility tests	Run Pane standard tests	2026-08-03T15:34:12.5980310Z Test Case '-[PaneTests.ResourceLifecycleHardeningTests testGitLaunchFailureClosesPipeWithoutCreatingChild]' passed (0.008 seconds).
SwiftPM standard and compatibility tests	Run Pane standard tests	2026-08-03T15:34:12.5984210Z Test Case '-[PaneTests.ResourceLifecycleHardeningTests testGitTimeoutAndCancellationKillChildAndClosePipe]' started.
SwiftPM standard and compatibility tests	Run Pane standard tests	2026-08-03T15:34:12.5987610Z Test Case '-[PaneTests.ResourceLifecycleHardeningTests testGitTimeoutAndCancellationKillChildAndClosePipe]' passed (0.914 seconds).
SwiftPM standard and compatibility tests	Run Pane standard tests	2026-08-03T15:34:12.5990110Z Test Case '-[PaneTests.ResourceLifecycleHardeningTests testHundredCreateCloseCyclesWhenNightlyEnabled]' started.
SwiftPM standard and compatibility tests	Run Pane standard tests	2026-08-03T15:34:12.5994410Z /Users/runner/work/Pane-Terminal/Pane-Terminal/Tests/PaneTests/ResourceLifecycleHardeningTests.swift:18: -[PaneTests.ResourceLifecycleHardeningTests testHundredCreateCloseCyclesWhenNightlyEnabled] : Test skipped - Nightly resource suite sets PANE_RUN_RESOURCE_STRESS=1
SwiftPM standard and compatibility tests	Run Pane standard tests	2026-08-03T15:34:12.6000130Z Test Case '-[PaneTests.ResourceLifecycleHardeningTests testHundredCreateCloseCyclesWhenNightlyEnabled]' skipped (0.005 seconds).
SwiftPM standard and compatibility tests	Run Pane standard tests	2026-08-03T15:34:12.6005880Z Test Case '-[PaneTests.ResourceLifecycleHardeningTests testHundredGitContextRefreshesConvergeProcessesAndDescriptors]' started.
SwiftPM standard and compatibility tests	Run Pane standard tests	2026-08-03T15:34:12.6007170Z Test Case '-[PaneTests.ResourceLifecycleHardeningTests testHundredGitContextRefreshesConvergeProcessesAndDescriptors]' passed (10.056 seconds).
SwiftPM standard and compatibility tests	Run Pane standard tests	2026-08-03T15:34:12.6009300Z Test Case '-[PaneTests.ResourceLifecycleHardeningTests testShortCreateCloseCycleConvergesResourcesAndDescriptors]' started.
SwiftPM standard and compatibility tests	Run Pane standard tests	2026-08-03T15:34:12.6011190Z DDA25FA] process terminated pid=0 outcome=terminated
SwiftPM standard and compatibility tests	Run Pane standard tests	2026-08-03T15:34:12.6012690Z Pane lifecycle PTY[C45F7AE9-01F8-4DF6-B81D-820D3DDA25FA] process terminated pid=0 outcome=terminated
SwiftPM standard and compatibility tests	Run Pane standard tests	2026-08-03T15:34:12.6014510Z Pane lifecycle PTY[C45F7AE9-01F8-4DF6-B81D-820D3DDA25FA] process terminated pid=0 outcome=terminated
SwiftPM standard and compatibility tests	Run Pane standard tests	2026-08-03T15:34:12.6016160Z Pane lifecycle PTY[C45F7AE9-01F8-4DF6-B81D-820D3DDA25FA] process terminated pid=0 outcome=terminated
SwiftPM standard and compatibility tests	Run Pane standard tests	2026-08-03T15:34:12.6018050Z Pane lifecycle PTY[C45F7AE9-01F8-4DF6-B81D-820D3DDA25FA] process terminated pid=0 outcome=terminated
SwiftPM standard and compatibility tests	Run Pane standard tests	2026-08-03T15:34:12.6020790Z Pane lifecycle PTY[C45F7AE9-01F8-4DF6-B81D-820D3DDA25FA] process terminated pid=0 outcome=terminated
SwiftPM standard and compatibility tests	Run Pane standard tests	2026-08-03T15:34:12.6021920Z Pane lifecycle PTY[C45F7AE9-01F8-4DF6-B81D-820D3DDA25FA] process terminated pid=0 outcome=terminated
SwiftPM standard and compatibility tests	Run Pane standard tests	2026-08-03T15:34:12.6023490Z Pane lifecycle PTY[C45F7AE9-01F8-4DF6-B81D-820D3DDA25FA] process terminated pid=0 outcome=terminated
SwiftPM standard and compatibility tests	Run Pane standard tests	2026-08-03T15:34:12.6024290Z Pane lifecycle PTY[C45F7AE9-01F8-4DF6-B81D-820D3DDA25FA] process terminated pid=0 outcome=terminated
SwiftPM standard and compatibility tests	Run Pane standard tests	2026-08-03T15:34:12.6025030Z Pane lifecycle PTY[C45F7AE9-01F8-4DF6-B81D-820D3DDA25FA] process terminated pid=0 outcome=terminated
SwiftPM standard and compatibility tests	Run Pane standard tests	2026-08-03T15:34:12.6025770Z Pane lifecycle PTY[C45F7AE9-01F8-4DF6-B81D-820D3DDA25FA] process terminated pid=0 outcome=terminated
SwiftPM standard and compatibility tests	Run Pane standard tests	2026-08-03T15:34:12.6026430Z Pane lifecycle PTY[C45F7AE9-01F8-4DF6-B81D-820D3DDA25FA] process terminated pid=0 outcome=terminated
SwiftPM standard and compatibility tests	Run Pane standard tests	2026-08-03T15:34:12.6027140Z Pane lifecycle PTY[C45F7AE9-01F8-4DF6-B81D-820D3DDA25FA] process termination requested pid=0
SwiftPM standard and compatibility tests	Run Pane standard tests	2026-08-03T15:34:12.6027740Z Pane lifecycle PTY[C45F7AE9-01F8-4DF6-B81D-820D3DDA25FA] process started generation=55
SwiftPM standard and compatibility tests	Run Pane standard tests	2026-08-03T15:34:12.6028380Z Pane lifecycle PTY[C45F7AE9-01F8-4DF6-B81D-820D3DDA25FA] process termination requested pid=0
SwiftPM standard and compatibility tests	Run Pane standard tests	2026-08-03T15:34:12.6029320Z Pane lifecycle PTY[C45F7AE9-01F8-4DF6-B81D-820D3DDA25FA] process started generation=56
SwiftPM standard and compatibility tests	Run Pane standard tests	2026-08-03T15:34:12.6030500Z Pane lifecycle PTY[C45F7AE9-01F8-4DF6-B81D-820D3DDA25FA] process termination requested pid=0
SwiftPM standard and compatibility tests	Run Pane standard tests	2026-08-03T15:34:12.6031210Z Pane lifecycle PTY[C45F7AE9-01F8-4DF6-B81D-820D3DDA25FA] process started generation=57
SwiftPM standard and compatibility tests	Run Pane standard tests	2026-08-03T15:34:12.6031900Z Pane lifecycle PTY[C45F7AE9-01F8-4DF6-B81D-820D3DDA25FA] process termination requested pid=0
SwiftPM standard and compatibility tests	Run Pane standard tests	2026-08-03T15:34:12.6032540Z Pane lifecycle PTY[C45F7AE9-01F8-4DF6-B81D-820D3DDA25FA] process started generation=58
SwiftPM standard and compatibility tests	Run Pane standard tests	2026-08-03T15:34:12.6033200Z Pane lifecycle PTY[C45F7AE9-01F8-4DF6-B81D-820D3DDA25FA] process termination requested pid=0
SwiftPM standard and compatibility tests	Run Pane standard tests	2026-08-03T15:34:12.6033890Z Pane lifecycle PTY[C45F7AE9-01F8-4DF6-B81D-820D3DDA25FA] process started generation=59
SwiftPM standard and compatibility tests	Run Pane standard tests	2026-08-03T15:34:12.6034480Z Pane lifecycle PTY[C45F7AE9-01F8-4DF6-B81D-820D3DDA25FA] process termination requested pid=0
SwiftPM standard and compatibility tests	Run Pane standard tests	2026-08-03T15:34:12.6035060Z Pane lifecycle PTY[C45F7AE9-01F8-4DF6-B81D-820D3DDA25FA] process started generation=60
SwiftPM standard and compatibility tests	Run Pane standard tests	2026-08-03T15:34:12.6037980Z Pane lifecycle PTY[C45F7AE9-01F8-4DF6-B81D-820D3DDA25FA] process termination requested pid=0
SwiftPM standard and compatibility tests	Run Pane standard tests	2026-08-03T15:34:12.6040230Z Pane lifecycle PTY[C45F7AE9-01F8-4DF6-B81D-820D3DDA25FA] process started generation=61
SwiftPM standard and compatibility tests	Run Pane standard tests	2026-08-03T15:34:12.6041770Z Pane lifecycle PTY[C45F7AE9-01F8-4DF6-B81D-820D3DDA25FA] process termination requested pid=0
SwiftPM standard and compatibility tests	Run Pane standard tests	2026-08-03T15:34:12.6043600Z Pane lifecycle PTY[C45F7AE9-01F8-4DF6-B81D-820D3DDA25FA] process started generation=62
SwiftPM standard and compatibility tests	Run Pane standard tests	2026-08-03T15:34:12.6050930Z Pane lifecycle PTY[C45F7AE9-01F8-4DF6-B81D-820D3DDA25FA] process termination requested pid=0
SwiftPM standard and compatibility tests	Run Pane standard tests	2026-08-03T15:34:12.6052730Z Pane lifecycle PTY[C45F7AE9-01F8-4DF6-B81D-820D3DDA25FA] process started generation=63
SwiftPM standard and compatibility tests	Run Pane standard tests	2026-08-03T15:34:12.6055270Z Pane lifecycle PTY[C45F7AE9-01F8-4DF6-B81D-820D3DDA25FA] process termination requested pid=0
SwiftPM standard and compatibility tests	Run Pane standard tests	2026-08-03T15:34:12.6057740Z Pane lifecycle PTY[C45F7AE9-01F8-4DF6-B81D-820D3DDA25FA] process started generation=64
SwiftPM standard and compatibility tests	Run Pane standard tests	2026-08-03T15:34:12.6058450Z Pane lifecycle PTY[C45F7AE9-01F8-4DF6-B81D-820D3DDA25FA] process termination requested pid=0
SwiftPM standard and compatibility tests	Run Pane standard tests	2026-08-03T15:34:12.6059310Z Pane lifecycle PTY[C45F7AE9-01F8-4DF6-B81D-820D3DDA25FA] process started generation=65
SwiftPM standard and compatibility tests	Run Pane standard tests	2026-08-03T15:34:12.6059940Z Pane lifecycle PTY[C45F7AE9-01F8-4DF6-B81D-820D3DDA25FA] process termination requested pid=0
SwiftPM standard and compatibility tests	Run Pane standard tests	2026-08-03T15:34:12.6060660Z Pane lifecycle PTY[C45F7AE9-01F8-4DF6-B81D-820D3DDA25FA] process started generation=66
SwiftPM standard and compatibility tests	Run Pane standard tests	2026-08-03T15:34:12.6061310Z Pane lifecycle PTY[C45F7AE9-01F8-4DF6-B81D-820D3DDA25FA] process termination requested pid=0
SwiftPM standard and compatibility tests	Run Pane standard tests	2026-08-03T15:34:12.6061980Z Pane lifecycle PTY[C45F7AE9-01F8-4DF6-B81D-820D3DDA25FA] process started generation=67
SwiftPM standard and compatibility tests	Run Pane standard tests	2026-08-03T15:34:12.6062620Z Pane lifecycle PTY[C45F7AE9-01F8-4DF6-B81D-820D3DDA25FA] process termination requested pid=0
SwiftPM standard and compatibility tests	Run Pane standard tests	2026-08-03T15:34:12.6063220Z Pane lifecycle PTY[C45F7AE9-01F8-4DF6-B81D-820D3DDA25FA] process started generation=68
SwiftPM standard and compatibility tests	Run Pane standard tests	2026-08-03T15:34:12.6063930Z Pane lifecycle PTY[C45F7AE9-01F8-4DF6-B81D-820D3DDA25FA] process termination requested pid=0
SwiftPM standard and compatibility tests	Run Pane standard tests	2026-08-03T15:34:12.6064550Z Pane lifecycle PTY[C45F7AE9-01F8-4DF6-B81D-820D3DDA25FA] process started generation=69
SwiftPM standard and compatibility tests	Run Pane standard tests	2026-08-03T15:34:12.6065200Z Pane lifecycle PTY[C45F7AE9-01F8-4DF6-B81D-820D3DDA25FA] process termination requested pid=0
SwiftPM standard and compatibility tests	Run Pane standard tests	2026-08-03T15:34:12.6065860Z Pane lifecycle PTY[C45F7AE9-01F8-4DF6-B81D-820D3DDA25FA] process started generation=70
SwiftPM standard and compatibility tests	Run Pane standard tests	2026-08-03T15:34:12.6066450Z Pane lifecycle PTY[C45F7AE9-01F8-4DF6-B81D-820D3DDA25FA] process termination requested pid=0
SwiftPM standard and compatibility tests	Run Pane standard tests	2026-08-03T15:34:12.6067070Z Pane lifecycle PTY[C45F7AE9-01F8-4DF6-B81D-820D3DDA25FA] process started generation=71
SwiftPM standard and compatibility tests	Run Pane standard tests	2026-08-03T15:34:12.6067650Z Pane lifecycle PTY[C45F7AE9-01F8-4DF6-B81D-820D3DDA25FA] process termination requested pid=0
SwiftPM standard and compatibility tests	Run Pane standard tests	2026-08-03T15:34:12.6068340Z Pane lifecycle PTY[C45F7AE9-01F8-4DF6-B81D-820D3DDA25FA] process started generation=72
SwiftPM standard and compatibility tests	Run Pane standard tests	2026-08-03T15:34:12.6069630Z Pane lifecycle PTY[C45F7AE9-01F8-4DF6-B81D-820D3DDA25FA] process termination requested pid=0
SwiftPM standard and compatibility tests	Run Pane standard tests	2026-08-03T15:34:12.6073400Z Pane lifecycle PTY[C45F7AE9-01F8-4DF6-B81D-820D3DDA25FA] process started generation=73
SwiftPM standard and compatibility tests	Run Pane standard tests	2026-08-03T15:34:12.6074480Z Pane lifecycle PTY[C45F7AE9-01F8-4DF6-B81D-820D3DDA25FA] process termination requested pid=0
SwiftPM standard and compatibility tests	Run Pane standard tests	2026-08-03T15:34:12.6075170Z Pane lifecycle PTY[C45F7AE9-01F8-4DF6-B81D-820D3DDA25FA] process started generation=74
SwiftPM standard and compatibility tests	Run Pane standard tests	2026-08-03T15:34:12.6075840Z Pane lifecycle PTY[C45F7AE9-01F8-4DF6-B81D-820D3DDA25FA] process termination requested pid=0
SwiftPM standard and compatibility tests	Run Pane standard tests	2026-08-03T15:34:12.6076520Z Pane lifecycle PTY[C45F7AE9-01F8-4DF6-B81D-820D3DDA25FA] process started generation=75
SwiftPM standard and compatibility tests	Run Pane standard tests	2026-08-03T15:34:12.6077310Z Pane lifecycle PTY[C45F7AE9-01F8-4DF6-B81D-820D3DDA25FA] process termination requested pid=0
SwiftPM standard and compatibility tests	Run Pane standard tests	2026-08-03T15:34:12.6077950Z Pane lifecycle PTY[C45F7AE9-01F8-4DF6-B81D-820D3DDA25FA] process started generation=76
SwiftPM standard and compatibility tests	Run Pane standard tests	2026-08-03T15:34:12.6078680Z Pane lifecycle PTY[C45F7AE9-01F8-4DF6-B81D-820D3DDA25FA] process termination requested pid=0
SwiftPM standard and compatibility tests	Run Pane standard tests	2026-08-03T15:34:12.6104730Z Pane lifecycle PTY[C45F7AE9-01F8-4DF6-B81D-820D3DDA25FA] process started generation=77
SwiftPM standard and compatibility tests	Run Pane standard tests	2026-08-03T15:34:12.6107630Z Pane lifecycle PTY[C45F7AE9-01F8-4DF6-B81D-820D3DDA25FA] process termination requested pid=0
SwiftPM standard and compatibility tests	Run Pane standard tests	2026-08-03T15:34:12.6109620Z Pane lifecycle PTY[C45F7AE9-01F8-4DF6-B81D-820D3DDA25FA] process started generation=78
SwiftPM standard and compatibility tests	Run Pane standard tests	2026-08-03T15:34:12.6111830Z Pane lifecycle PTY[C45F7AE9-01F8-4DF6-B81D-820D3DDA25FA] process termination requested pid=0
SwiftPM standard and compatibility tests	Run Pane standard tests	2026-08-03T15:34:12.6113640Z Pane lifecycle PTY[C45F7AE9-01F8-4DF6-B81D-820D3DDA25FA] process started generation=79
SwiftPM standard and compatibility tests	Run Pane standard tests	2026-08-03T15:34:12.6115270Z Pane lifecycle PTY[C45F7AE9-01F8-4DF6-B81D-820D3DDA25FA] process termination requested pid=0
SwiftPM standard and compatibility tests	Run Pane standard tests	2026-08-03T15:34:12.6117530Z Pane lifecycle PTY[C45F7AE9-01F8-4DF6-B81D-820D3DDA25FA] process terminated pid=0 outcome=terminated
SwiftPM standard and compatibility tests	Run Pane standard tests	2026-08-03T15:34:12.6120530Z Pane lifecycle PTY[C45F7AE9-01F8-4DF6-B81D-820D3DDA25FA] process terminated pid=0 outcome=terminated
SwiftPM standard and compatibility tests	Run Pane standard tests	2026-08-03T15:34:12.6124560Z Pane lifecycle PTY[C45F7AE9-01F8-4DF6-B81D-820D3DDA25FA] process terminated pid=0 outcome=terminated
SwiftPM standard and compatibility tests	Run Pane standard tests	2026-08-03T15:34:12.6125290Z Pane lifecycle PTY[C45F7AE9-01F8-4DF6-B81D-820D3DDA25FA] process terminated pid=0 outcome=terminated
SwiftPM standard and compatibility tests	Run Pane standard tests	2026-08-03T15:34:12.6126190Z Pane lifecycle PTY[C45F7AE9-01F8-4DF6-B81D-820D3DDA25FA] process terminated pid=0 outcome=terminated
SwiftPM standard and compatibility tests	Run Pane standard tests	2026-08-03T15:34:12.6126990Z Pane lifecycle PTY[C45F7AE9-01F8-4DF6-B81D-820D3DDA25FA] process terminated pid=0 outcome=terminated
SwiftPM standard and compatibility tests	Run Pane standard tests	2026-08-03T15:34:12.6128960Z Pane lifecycle PTY[C45F7AE9-01F8-4DF6-B81D-820D3DDA25FA] process terminated pid=0 outcome=terminated
SwiftPM standard and compatibility tests	Run Pane standard tests	2026-08-03T15:34:12.6129930Z Pane lifecycle PTY[C45F7AE9-01F8-4DF6-B81D-820D3DDA25FA] process terminated pid=0 outcome=terminated
SwiftPM standard and compatibility tests	Run Pane standard tests	2026-08-03T15:34:12.6131170Z Pane lifecycle PTY[C45F7AE9-01F8-4DF6-B81D-820D3DDA25FA] process terminated pid=0 outcome=terminated
SwiftPM standard and compatibility tests	Run Pane standard tests	2026-08-03T15:34:12.6132350Z Pane lifecycle PTY[C45F7AE9-01F8-4DF6-B81D-820D3DDA25FA] process terminated pid=0 outcome=terminated
SwiftPM standard and compatibility tests	Run Pane standard tests	2026-08-03T15:34:12.6133100Z Pane lifecycle PTY[C45F7AE9-01F8-4DF6-B81D-820D3DDA25FA] process terminated pid=0 outcome=terminated
SwiftPM standard and compatibility tests	Run Pane standard tests	2026-08-03T15:34:12.6133910Z Pane lifecycle PTY[C45F7AE9-01F8-4DF6-B81D-820D3DDA25FA] process terminated pid=0 outcome=terminated
SwiftPM standard and compatibility tests	Run Pane standard tests	2026-08-03T15:34:12.6134740Z Pane lifecycle PTY[C45F7AE9-01F8-4DF6-B81D-820D3DDA25FA] process terminated pid=0 outcome=terminated
SwiftPM standard and compatibility tests	Run Pane standard tests	2026-08-03T15:34:12.6135520Z Pane lifecycle PTY[C45F7AE9-01F8-4DF6-B81D-820D3DDA25FA] process terminated pid=0 outcome=terminated
SwiftPM standard and compatibility tests	Run Pane standard tests	2026-08-03T15:34:12.6136630Z Pane lifecycle PTY[C45F7AE9-01F8-4DF6-B81D-820D3DDA25FA] process terminated pid=0 outcome=terminated
SwiftPM standard and compatibility tests	Run Pane standard tests	2026-08-03T15:34:12.6137360Z Pane lifecycle PTY[C45F7AE9-01F8-4DF6-B81D-820D3DDA25FA] process terminated pid=0 outcome=terminated
SwiftPM standard and compatibility tests	Run Pane standard tests	2026-08-03T15:34:12.6138110Z Pane lifecycle PTY[C45F7AE9-01F8-4DF6-B81D-820D3DDA25FA] process terminated pid=0 outcome=terminated
SwiftPM standard and compatibility tests	Run Pane standard tests	2026-08-03T15:34:12.6138950Z Pane lifecycle PTY[C45F7AE9-01F8-4DF6-B81D-820D3DDA25FA] process terminated pid=0 outcome=terminated
SwiftPM standard and compatibility tests	Run Pane standard tests	2026-08-03T15:34:12.6139690Z Pane lifecycle PTY[C45F7AE9-01F8-4DF6-B81D-820D3DDA25FA] process terminated pid=0 outcome=terminated
SwiftPM standard and compatibility tests	Run Pane standard tests	2026-08-03T15:34:12.6140490Z Pane lifecycle PTY[C45F7AE9-01F8-4DF6-B81D-820D3DDA25FA] process terminated pid=0 outcome=terminated
SwiftPM standard and compatibility tests	Run Pane standard tests	2026-08-03T15:34:12.6141750Z Pane lifecycle PTY[C45F7AE9-01F8-4DF6-B81D-820D3DDA25FA] process terminated pid=0 outcome=terminated
SwiftPM standard and compatibility tests	Run Pane standard tests	2026-08-03T15:34:12.6142560Z Pane lifecycle PTY[C45F7AE9-01F8-4DF6-B81D-820D3DDA25FA] process terminated pid=0 outcome=terminated
SwiftPM standard and compatibility tests	Run Pane standard tests	2026-08-03T15:34:12.6143430Z Pane lifecycle PTY[C45F7AE9-01F8-4DF6-B81D-820D3DDA25FA] process terminated pid=0 outcome=terminated
SwiftPM standard and compatibility tests	Run Pane standard tests	2026-08-03T15:34:12.6144180Z Pane lifecycle PTY[C45F7AE9-01F8-4DF6-B81D-820D3DDA25FA] process terminated pid=0 outcome=terminated
SwiftPM standard and compatibility tests	Run Pane standard tests	2026-08-03T15:34:12.6144980Z Pane lifecycle PTY[C45F7AE9-01F8-4DF6-B81D-820D3DDA25FA] process terminated pid=0 outcome=terminated
SwiftPM standard and compatibility tests	Run Pane standard tests	2026-08-03T15:34:12.6145620Z Pane lifecycle PTY[C45F7AE9-01F8-4DF6-B81D-820D3DDA25FA] process terminated pid=0 outcome=terminated
SwiftPM standard and compatibility tests	Run Pane standard tests	2026-08-03T15:34:12.6146320Z Pane lifecycle PTY[C45F7AE9-01F8-4DF6-B81D-820D3DDA25FA] process terminated pid=0 outcome=terminated
SwiftPM standard and compatibility tests	Run Pane standard tests	2026-08-03T15:34:12.6147110Z Pane lifecycle PTY[C45F7AE9-01F8-4DF6-B81D-820D3DDA25FA] process terminated pid=0 outcome=terminated
SwiftPM standard and compatibility tests	Run Pane standard tests	2026-08-03T15:34:12.6147750Z Pane lifecycle PTY[C45F7AE9-01F8-4DF6-B81D-820D3DDA25FA] process started generation=80
SwiftPM standard and compatibility tests	Run Pane standard tests	2026-08-03T15:34:12.6148470Z Pane lifecycle PTY[C45F7AE9-01F8-4DF6-B81D-820D3DDA25FA] process termination requested pid=0
SwiftPM standard and compatibility tests	Run Pane standard tests	2026-08-03T15:34:12.6149200Z Pane lifecycle PTY[C45F7AE9-01F8-4DF6-B81D-820D3DDA25FA] process started generation=81
SwiftPM standard and compatibility tests	Run Pane standard tests	2026-08-03T15:34:12.6149870Z Pane lifecycle PTY[C45F7AE9-01F8-4DF6-B81D-820D3DDA25FA] process termination requested pid=0
SwiftPM standard and compatibility tests	Run Pane standard tests	2026-08-03T15:34:12.6150640Z Pane lifecycle PTY[C45F7AE9-01F8-4DF6-B81D-820D3DDA25FA] process started generation=82
SwiftPM standard and compatibility tests	Run Pane standard tests	2026-08-03T15:34:12.6151530Z Pane lifecycle PTY[C45F7AE9-01F8-4DF6-B81D-820D3DDA25FA] process termination requested pid=0
SwiftPM standard and compatibility tests	Run Pane standard tests	2026-08-03T15:34:12.6152270Z Pane lifecycle PTY[C45F7AE9-01F8-4DF6-B81D-820D3DDA25FA] process started generation=83
SwiftPM standard and compatibility tests	Run Pane standard tests	2026-08-03T15:34:12.6152980Z Pane lifecycle PTY[C45F7AE9-01F8-4DF6-B81D-820D3DDA25FA] process termination requested pid=0
SwiftPM standard and compatibility tests	Run Pane standard tests	2026-08-03T15:34:12.6153660Z Pane lifecycle PTY[C45F7AE9-01F8-4DF6-B81D-820D3DDA25FA] process started generation=84
SwiftPM standard and compatibility tests	Run Pane standard tests	2026-08-03T15:34:12.6154410Z Pane lifecycle PTY[C45F7AE9-01F8-4DF6-B81D-820D3DDA25FA] process termination requested pid=0
SwiftPM standard and compatibility tests	Run Pane standard tests	2026-08-03T15:34:12.6155040Z Pane lifecycle PTY[C45F7AE9-01F8-4DF6-B81D-820D3DDA25FA] process started generation=85
SwiftPM standard and compatibility tests	Run Pane standard tests	2026-08-03T15:34:12.6155870Z Pane lifecycle PTY[C45F7AE9-01F8-4DF6-B81D-820D3DDA25FA] process termination requested pid=0
SwiftPM standard and compatibility tests	Run Pane standard tests	2026-08-03T15:34:12.6156480Z Pane lifecycle PTY[C45F7AE9-01F8-4DF6-B81D-820D3DDA25FA] process started generation=86
SwiftPM standard and compatibility tests	Run Pane standard tests	2026-08-03T15:34:12.6157230Z Pane lifecycle PTY[C45F7AE9-01F8-4DF6-B81D-820D3DDA25FA] process termination requested pid=0
SwiftPM standard and compatibility tests	Run Pane standard tests	2026-08-03T15:34:12.6157940Z Pane lifecycle PTY[C45F7AE9-01F8-4DF6-B81D-820D3DDA25FA] process started generation=87
SwiftPM standard and compatibility tests	Run Pane standard tests	2026-08-03T15:34:13.3854920Z Pane lifecycle PTY[C45F7AE9-01F8-4DF6-B81D-820D3DDA25FA] process termination requested pid=0
SwiftPM standard and compatibility tests	Run Pane standard tests	2026-08-03T15:34:13.3958400Z Pane lifecycle PTY[C45F7AE9-01F8-4DF6-B81D-820D3DDA25FA] process started generation=88
SwiftPM standard and compatibility tests	Run Pane standard tests	2026-08-03T15:34:13.4062010Z Pane lifecycle PTY[C45F7AE9-01F8-4DF6-B81D-820D3DDA25FA] process termination requested pid=0
SwiftPM standard and compatibility tests	Run Pane standard tests	2026-08-03T15:34:13.4164910Z Pane lifecycle PTY[C45F7AE9-01F8-4DF6-B81D-820D3DDA25FA] process started generation=89
SwiftPM standard and compatibility tests	Run Pane standard tests	2026-08-03T15:34:13.4266820Z Pane lifecycle PTY[C45F7AE9-01F8-4DF6-B81D-820D3DDA25FA] process termination requested pid=0
SwiftPM standard and compatibility tests	Run Pane standard tests	2026-08-03T15:34:13.4369220Z Pane lifecycle PTY[C45F7AE9-01F8-4DF6-B81D-820D3DDA25FA] process started generation=90
SwiftPM standard and compatibility tests	Run Pane standard tests	2026-08-03T15:34:13.4473300Z Pane lifecycle PTY[C45F7AE9-01F8-4DF6-B81D-820D3DDA25FA] process termination requested pid=0
SwiftPM standard and compatibility tests	Run Pane standard tests	2026-08-03T15:34:13.4576120Z Pane lifecycle PTY[C45F7AE9-01F8-4DF6-B81D-820D3DDA25FA] process started generation=91
SwiftPM standard and compatibility tests	Run Pane standard tests	2026-08-03T15:34:13.4678310Z Pane lifecycle PTY[C45F7AE9-01F8-4DF6-B81D-820D3DDA25FA] process termination requested pid=0
SwiftPM standard and compatibility tests	Run Pane standard tests	2026-08-03T15:34:13.4781950Z Pane lifecycle PTY[C45F7AE9-01F8-4DF6-B81D-820D3DDA25FA] process started generation=92
SwiftPM standard and compatibility tests	Run Pane standard tests	2026-08-03T15:34:13.4884300Z Pane lifecycle PTY[C45F7AE9-01F8-4DF6-B81D-820D3DDA25FA] process termination requested pid=0
SwiftPM standard and compatibility tests	Run Pane standard tests	2026-08-03T15:34:13.4986810Z Pane lifecycle PTY[C45F7AE9-01F8-4DF6-B81D-820D3DDA25FA] process started generation=93
SwiftPM standard and compatibility tests	Run Pane standard tests	2026-08-03T15:34:13.5090770Z Pane lifecycle PTY[C45F7AE9-01F8-4DF6-B81D-820D3DDA25FA] process termination requested pid=0
SwiftPM standard and compatibility tests	Run Pane standard tests	2026-08-03T15:34:13.5128950Z Pane lifecycle PTY[C45F7AE9-01F8-4DF6-B81D-820D3DDA25FA] process started generation=94
SwiftPM standard and compatibility tests	Run Pane standard tests	2026-08-03T15:34:13.5131000Z Pane lifecycle PTY[C45F7AE9-01F8-4DF6-B81D-820D3DDA25FA] process termination requested pid=0
SwiftPM standard and compatibility tests	Run Pane standard tests	2026-08-03T15:34:13.5131670Z Pane lifecycle PTY[C45F7AE9-01F8-4DF6-B81D-820D3DDA25FA] process started generation=95
SwiftPM standard and compatibility tests	Run Pane standard tests	2026-08-03T15:34:13.5132390Z Pane lifecycle PTY[C45F7AE9-01F8-4DF6-B81D-820D3DDA25FA] process termination requested pid=0
SwiftPM standard and compatibility tests	Run Pane standard tests	2026-08-03T15:34:13.5449100Z Pane lifecycle PTY[C45F7AE9-01F8-4DF6-B81D-820D3DDA25FA] process started generation=96
SwiftPM standard and compatibility tests	Run Pane standard tests	2026-08-03T15:34:13.5556920Z Pane lifecycle PTY[C45F7AE9-01F8-4DF6-B81D-820D3DDA25FA] process termination requested pid=0
SwiftPM standard and compatibility tests	Run Pane standard tests	2026-08-03T15:34:13.5857850Z Pane lifecycle PTY[C45F7AE9-01F8-4DF6-B81D-820D3DDA25FA] process started generation=97
SwiftPM standard and compatibility tests	Run Pane standard tests	2026-08-03T15:34:13.5959380Z Pane lifecycle PTY[C45F7AE9-01F8-4DF6-B81D-820D3DDA25FA] process termination requested pid=0
SwiftPM standard and compatibility tests	Run Pane standard tests	2026-08-03T15:34:13.6063710Z Pane lifecycle PTY[C45F7AE9-01F8-4DF6-B81D-820D3DDA25FA] process started generation=98
SwiftPM standard and compatibility tests	Run Pane standard tests	2026-08-03T15:34:13.6166120Z Pane lifecycle PTY[C45F7AE9-01F8-4DF6-B81D-820D3DDA25FA] process termination requested pid=0
SwiftPM standard and compatibility tests	Run Pane standard tests	2026-08-03T15:34:13.6251720Z Pane lifecycle PTY[C45F7AE9-01F8-4DF6-B81D-820D3DDA25FA] process started generation=99
SwiftPM standard and compatibility tests	Run Pane standard tests	2026-08-03T15:34:13.6288820Z Pane lifecycle PTY[C45F7AE9-01F8-4DF6-B81D-820D3DDA25FA] process termination requested pid=0
SwiftPM standard and compatibility tests	Run Pane standard tests	2026-08-03T15:34:13.6291720Z Pane lifecycle PTY[C45F7AE9-01F8-4DF6-B81D-820D3DDA25FA] process started generation=100
SwiftPM standard and compatibility tests	Run Pane standard tests	2026-08-03T15:34:13.6327690Z Pane lifecycle PTY[C45F7AE9-01F8-4DF6-B81D-820D3DDA25FA] process termination requested pid=0
SwiftPM standard and compatibility tests	Run Pane standard tests	2026-08-03T15:34:13.6335010Z Pane lifecycle PTY[C45F7AE9-01F8-4DF6-B81D-820D3DDA25FA] process terminated pid=0 outcome=terminated
SwiftPM standard and compatibility tests	Run Pane standard tests	2026-08-03T15:34:13.6338400Z Pane lifecycle PTY[C45F7AE9-01F8-4DF6-B81D-820D3DDA25FA] process terminated pid=0 outcome=terminated
SwiftPM standard and compatibility tests	Run Pane standard tests	2026-08-03T15:34:13.6346030Z Pane lifecycle PTY[C45F7AE9-01F8-4DF6-B81D-820D3DDA25FA] process terminated pid=0 outcome=terminated
SwiftPM standard and compatibility tests	Run Pane standard tests	2026-08-03T15:34:13.6348330Z Pane lifecycle PTY[C45F7AE9-01F8-4DF6-B81D-820D3DDA25FA] process terminated pid=0 outcome=terminated
SwiftPM standard and compatibility tests	Run Pane standard tests	2026-08-03T15:34:13.6349860Z Pane lifecycle PTY[C45F7AE9-01F8-4DF6-B81D-820D3DDA25FA] process terminated pid=0 outcome=terminated
SwiftPM standard and compatibility tests	Run Pane standard tests	2026-08-03T15:34:13.6351040Z Pane lifecycle PTY[C45F7AE9-01F8-4DF6-B81D-820D3DDA25FA] process terminated pid=0 outcome=terminated
SwiftPM standard and compatibility tests	Run Pane standard tests	2026-08-03T15:34:13.6351910Z Pane lifecycle PTY[C45F7AE9-01F8-4DF6-B81D-820D3DDA25FA] process terminated pid=0 outcome=terminated
SwiftPM standard and compatibility tests	Run Pane standard tests	2026-08-03T15:34:13.6353160Z Pane lifecycle PTY[C45F7AE9-01F8-4DF6-B81D-820D3DDA25FA] process terminated pid=0 outcome=terminated
SwiftPM standard and compatibility tests	Run Pane standard tests	2026-08-03T15:34:13.6358580Z Pane lifecycle PTY[C45F7AE9-01F8-4DF6-B81D-820D3DDA25FA] process terminated pid=0 outcome=terminated
SwiftPM standard and compatibility tests	Run Pane standard tests	2026-08-03T15:34:13.6391480Z Pane lifecycle PTY[C45F7AE9-01F8-4DF6-B81D-820D3DDA25FA] process terminated pid=0 outcome=terminated
SwiftPM standard and compatibility tests	Run Pane standard tests	2026-08-03T15:34:13.6413910Z Pane lifecycle PTY[C45F7AE9-01F8-4DF6-B81D-820D3DDA25FA] process terminated pid=0 outcome=terminated
SwiftPM standard and compatibility tests	Run Pane standard tests	2026-08-03T15:34:13.6460830Z Pane lifecycle PTY[C45F7AE9-01F8-4DF6-B81D-820D3DDA25FA] process terminated pid=0 outcome=terminated
SwiftPM standard and compatibility tests	Run Pane standard tests	2026-08-03T15:34:13.6465110Z Pane lifecycle PTY[C45F7AE9-01F8-4DF6-B81D-820D3DDA25FA] process terminated pid=0 outcome=terminated
SwiftPM standard and compatibility tests	Run Pane standard tests	2026-08-03T15:34:13.6465990Z Pane lifecycle PTY[C45F7AE9-01F8-4DF6-B81D-820D3DDA25FA] process terminated pid=0 outcome=terminated
SwiftPM standard and compatibility tests	Run Pane standard tests	2026-08-03T15:34:13.6466870Z Pane lifecycle PTY[C45F7AE9-01F8-4DF6-B81D-820D3DDA25FA] process terminated pid=0 outcome=terminated
SwiftPM standard and compatibility tests	Run Pane standard tests	2026-08-03T15:34:13.6468620Z Pane lifecycle PTY[C45F7AE9-01F8-4DF6-B81D-820D3DDA25FA] process terminated pid=0 outcome=terminated
SwiftPM standard and compatibility tests	Run Pane standard tests	2026-08-03T15:34:13.6473490Z Pane lifecycle PTY[C45F7AE9-01F8-4DF6-B81D-820D3DDA25FA] process terminated pid=0 outcome=terminated
SwiftPM standard and compatibility tests	Run Pane standard tests	2026-08-03T15:34:13.6510780Z Pane lifecycle PTY[C45F7AE9-01F8-4DF6-B81D-820D3DDA25FA] process terminated pid=0 outcome=terminated
SwiftPM standard and compatibility tests	Run Pane standard tests	2026-08-03T15:34:13.6512780Z Pane lifecycle PTY[C45F7AE9-01F8-4DF6-B81D-820D3DDA25FA] process terminated pid=0 outcome=terminated
SwiftPM standard and compatibility tests	Run Pane standard tests	2026-08-03T15:34:13.6513430Z Pane lifecycle PTY[C45F7AE9-01F8-4DF6-B81D-820D3DDA25FA] process terminated pid=0 outcome=terminated
SwiftPM standard and compatibility tests	Run Pane standard tests	2026-08-03T15:34:13.6514070Z Pane lifecycle PTY[C45F7AE9-01F8-4DF6-B81D-820D3DDA25FA] process terminated pid=0 outcome=terminated
SwiftPM standard and compatibility tests	Run Pane standard tests	2026-08-03T15:34:13.6515880Z Pane lifecycle PTY[9103FB94-0B99-4E61-A6B8-DB691AF9B08F] process started generation=1
SwiftPM standard and compatibility tests	Run Pane standard tests	2026-08-03T15:34:13.6516840Z Pane lifecycle PTY[9103FB94-0B99-4E61-A6B8-DB691AF9B08F] process termination requested pid=0
SwiftPM standard and compatibility tests	Run Pane standard tests	2026-08-03T15:34:13.6517550Z Pane lifecycle PTY[9103FB94-0B99-4E61-A6B8-DB691AF9B08F] process started generation=2
SwiftPM standard and compatibility tests	Run Pane standard tests	2026-08-03T15:34:13.6518120Z Pane lifecycle PTY[9103FB94-0B99-4E61-A6B8-DB691AF9B08F] process terminated generation=2
SwiftPM standard and compatibility tests	Run Pane standard tests	2026-08-03T15:34:13.6518680Z Pane lifecycle PTY[81125BF8-AC4B-4F44-9782-75EB213A080A] process started generation=1
SwiftPM standard and compatibility tests	Run Pane standard tests	2026-08-03T15:34:13.6519250Z Pane lifecycle PTY[81125BF8-AC4B-4F44-9782-75EB213A080A] process termination requested pid=0
SwiftPM standard and compatibility tests	Run Pane standard tests	2026-08-03T15:34:13.6519830Z Pane lifecycle PTY[81125BF8-AC4B-4F44-9782-75EB213A080A] process started generation=2
SwiftPM standard and compatibility tests	Run Pane standard tests	2026-08-03T15:34:13.6520530Z Pane lifecycle PTY[9103FB94-0B99-4E61-A6B8-DB691AF9B08F] process terminated pid=0 outcome=terminated
SwiftPM standard and compatibility tests	Run Pane standard tests	2026-08-03T15:34:13.6521510Z Pane lifecycle PTY[81125BF8-AC4B-4F44-9782-75EB213A080A] process terminated pid=0 outcome=terminated
SwiftPM standard and compatibility tests	Run Pane standard tests	2026-08-03T15:34:13.6541190Z Pane lifecycle session[26C17DC7-9F1C-4844-8CF7-285846DA7D29] created
SwiftPM standard and compatibility tests	Run Pane standard tests	2026-08-03T15:34:13.6541720Z Pane lifecycle session[26C17DC7-9F1C-4844-8CF7-285846DA7D29] shutdown started
SwiftPM standard and compatibility tests	Run Pane standard tests	2026-08-03T15:34:13.6542130Z Pane lifecycle autocomplete[ECC53C67-67D4-4F49-A4E6-1F4CB038BE04] stopped
SwiftPM standard and compatibility tests	Run Pane standard tests	2026-08-03T15:34:13.6542640Z Pane lifecycle session[26C17DC7-9F1C-4844-8CF7-285846DA7D29] shutdown completed
SwiftPM standard and compatibility tests	Run Pane standard tests	2026-08-03T15:34:13.6543070Z Pane lifecycle session[26C17DC7-9F1C-4844-8CF7-285846DA7D29] deallocated
SwiftPM standard and compatibility tests	Run Pane standard tests	2026-08-03T15:34:13.6543460Z Pane lifecycle session[FE17BF33-CC28-40C9-9CEF-66F2619E4602] created
SwiftPM standard and compatibility tests	Run Pane standard tests	2026-08-03T15:34:13.6543890Z Pane lifecycle session[FE17BF33-CC28-40C9-9CEF-66F2619E4602] shutdown started
SwiftPM standard and compatibility tests	Run Pane standard tests	2026-08-03T15:34:13.6544340Z Pane lifecycle autocomplete[2D81E9DA-0116-467B-9B30-3AC1577458AE] stopped
SwiftPM standard and compatibility tests	Run Pane standard tests	2026-08-03T15:34:13.6544830Z Pane lifecycle session[FE17BF33-CC28-40C9-9CEF-66F2619E4602] shutdown completed
SwiftPM standard and compatibility tests	Run Pane standard tests	2026-08-03T15:34:13.6545240Z Pane lifecycle session[FE17BF33-CC28-40C9-9CEF-66F2619E4602] deallocated
SwiftPM standard and compatibility tests	Run Pane standard tests	2026-08-03T15:34:13.6545630Z Pane lifecycle session[9FD0938E-F248-4154-B831-B5114155CB62] created
SwiftPM standard and compatibility tests	Run Pane standard tests	2026-08-03T15:34:13.6546020Z Pane lifecycle session[9FD0938E-F248-4154-B831-B5114155CB62] shutdown started
SwiftPM standard and compatibility tests	Run Pane standard tests	2026-08-03T15:34:13.6546440Z Pane lifecycle autocomplete[542C5C14-76CE-44C1-88B6-FBED9FE7C92D] stopped
SwiftPM standard and compatibility tests	Run Pane standard tests	2026-08-03T15:34:13.6546950Z Pane lifecycle session[9FD0938E-F248-4154-B831-B5114155CB62] shutdown completed
SwiftPM standard and compatibility tests	Run Pane standard tests	2026-08-03T15:34:13.6547770Z Pane lifecycle session[9FD0Test Case '-[PaneTests.ResourceLifecycleHardeningTests testShortCreateCloseCycleConvergesResourcesAndDescriptors]' passed (0.196 seconds).
SwiftPM standard and compatibility tests	Run Pane standard tests	2026-08-03T15:34:13.6548620Z Test Suite 'ResourceLifecycleHardeningTests' passed at 2026-08-03 15:34:12.742.
SwiftPM standard and compatibility tests	Run Pane standard tests	2026-08-03T15:34:13.6549130Z 	 Executed 5 tests, with 1 test skipped and 0 failures (0 unexpected) in 11.179 (11.181) seconds
SwiftPM standard and compatibility tests	Run Pane standard tests	2026-08-03T15:34:13.6549580Z Test Suite 'ResourcePerformanceTests' started at 2026-08-03 15:34:12.742.
SwiftPM standard and compatibility tests	Run Pane standard tests	2026-08-03T15:34:13.6550170Z Test Case '-[PaneTests.ResourcePerformanceTests testCompletionCancellationWaitsForTrackedTaskCleanup]' started.
SwiftPM standard and compatibility tests	Run Pane standard tests	2026-08-03T15:34:13.6551010Z Test Case '-[PaneTests.ResourcePerformanceTests testCompletionCancellationWaitsForTrackedTaskCleanup]' passed (0.003 seconds).
SwiftPM standard and compatibility tests	Run Pane standard tests	2026-08-03T15:34:13.6551800Z Test Case '-[PaneTests.ResourcePerformanceTests testGitCacheUsesVisibilitySpecificTTL]' started.
SwiftPM standard and compatibility tests	Run Pane standard tests	2026-08-03T15:34:13.6552840Z Test Case '-[PaneTests.ResourcePerformanceTests testGitCacheUsesVisibilitySpecificTTL]' passed (0.001 seconds).
SwiftPM standard and compatibility tests	Run Pane standard tests	2026-08-03T15:34:13.6553500Z Test Case '-[PaneTests.ResourcePerformanceTests testLifecycleEventRingRetainsNewestEventsInOrder]' started.
SwiftPM standard and compatibility tests	Run Pane standard tests	2026-08-03T15:34:13.6554610Z Test Case '-[PaneTests.ResourcePerformanceTests testLifecycleEventRingRetainsNewestEventsInOrder]' passed (0.001 seconds).
SwiftPM standard and compatibility tests	Run Pane standard tests	2026-08-03T15:34:13.6555330Z Test Case '-[PaneTests.ResourcePerformanceTests testPerformanceThresholdsMatchP2ReleaseGuardrails]' started.
SwiftPM standard and compatibility tests	Run Pane standard tests	2026-08-03T15:34:13.6556130Z Test Case '-[PaneTests.ResourcePerformanceTests testPerformanceThresholdsMatchP2ReleaseGuardrails]' passed (0.000 seconds).
SwiftPM standard and compatibility tests	Run Pane standard tests	2026-08-03T15:34:13.6556930Z Test Case '-[PaneTests.ResourcePerformanceTests testProcessMetricsAndSoakSamplingAreBoundedAndPopulated]' started.
SwiftPM standard and compatibility tests	Run Pane standard tests	2026-08-03T15:34:13.6557730Z Test Case '-[PaneTests.ResourcePerformanceTests testProcessMetricsAndSoakSamplingAreBoundedAndPopulated]' passed (0.009 seconds).
SwiftPM standard and compatibility tests	Run Pane standard tests	2026-08-03T15:34:13.6558520Z Test Case '-[PaneTests.ResourcePerformanceTests testResourceCountersAreBalancedAndSnapshotIsCodable]' started.
SwiftPM standard and compatibility tests	Run Pane standard tests	2026-08-03T15:34:13.6559310Z Test Case '-[PaneTests.ResourcePerformanceTests testResourceCountersAreBalancedAndSnapshotIsCodable]' passed (0.002 seconds).
SwiftPM standard and compatibility tests	Run Pane standard tests	2026-08-03T15:34:13.6559880Z Test Suite 'ResourcePerformanceTests' passed at 2026-08-03 15:34:12.758.
SwiftPM standard and compatibility tests	Run Pane standard tests	2026-08-03T15:34:13.6560270Z 	 Executed 6 tests, with 0 failures (0 unexpected) in 0.015 (0.016) seconds
SwiftPM standard and compatibility tests	Run Pane standard tests	2026-08-03T15:34:13.6560720Z Test Suite 'RuntimeStateStoreTests' started at 2026-08-03 15:34:12.758.
SwiftPM standard and compatibility tests	Run Pane standard tests	2026-08-03T15:34:13.6561500Z Test Case '-[PaneTests.RuntimeStateStoreTests testActiveSessionsAreMarkedInterruptedOnRecovery]' started.
SwiftPM standard and compatibility tests	Run Pane standard tests	2026-08-03T15:34:13.6562190Z Test Case '-[PaneTests.RuntimeStateStoreTests testActiveSessionsAreMarkedInterruptedOnRecovery]' passed (0.004 seconds).
SwiftPM standard and compatibility tests	Run Pane standard tests	2026-08-03T15:34:13.6562920Z Test Case '-[PaneTests.RuntimeStateStoreTests testBehavioralAggregatesAreScopedTimestampedAndIdempotent]' started.
SwiftPM standard and compatibility tests	Run Pane standard tests	2026-08-03T15:34:13.6563840Z Test Case '-[PaneTests.RuntimeStateStoreTests testBehavioralAggregatesAreScopedTimestampedAndIdempotent]' passed (0.039 seconds).
SwiftPM standard and compatibility tests	Run Pane standard tests	2026-08-03T15:34:13.6564630Z Test Case '-[PaneTests.RuntimeStateStoreTests testBehavioralStoreLearnsBoundedTransitionAndFeedback]' started.
SwiftPM standard and compatibility tests	Run Pane standard tests	2026-08-03T15:34:13.6565470Z Test Case '-[PaneTests.RuntimeStateStoreTests testBehavioralStoreLearnsBoundedTransitionAndFeedback]' passed (0.035 seconds).
SwiftPM standard and compatibility tests	Run Pane standard tests	2026-08-03T15:34:13.6566170Z Test Case '-[PaneTests.RuntimeStateStoreTests testCollapsedStateUpdatePersistsForRestoration]' started.
SwiftPM standard and compatibility tests	Run Pane standard tests	2026-08-03T15:34:13.6566850Z Test Case '-[PaneTests.RuntimeStateStoreTests testCollapsedStateUpdatePersistsForRestoration]' passed (0.001 seconds).
SwiftPM standard and compatibility tests	Run Pane standard tests	2026-08-03T15:34:13.6567650Z Test Case '-[PaneTests.RuntimeStateStoreTests testCommandEventPersistenceNeverRegressesFinality]' started.
SwiftPM standard and compatibility tests	Run Pane standard tests	2026-08-03T15:34:13.6568400Z Test Case '-[PaneTests.RuntimeStateStoreTests testCommandEventPersistenceNeverRegressesFinality]' passed (0.016 seconds).
SwiftPM standard and compatibility tests	Run Pane standard tests	2026-08-03T15:34:13.6569190Z Test Case '-[PaneTests.RuntimeStateStoreTests testControllerDisabledPersistenceUsesMemoryWithoutCreatingDatabase]' started.
SwiftPM standard and compatibility tests	Run Pane standard tests	2026-08-03T15:34:13.6570200Z Test Case '-[PaneTests.RuntimeStateStoreTests testControllerDisabledPersistenceUsesMemoryWithoutCreatingDatabase]' passed (0.002 seconds).
SwiftPM standard and compatibility tests	Run Pane standard tests	2026-08-03T15:34:13.6571290Z Test Case '-[PaneTests.RuntimeStateStoreTests testControllerHonorsSummaryAndFilePathCollectionControls]' started.
SwiftPM standard and compatibility tests	Run Pane standard tests	2026-08-03T15:34:13.6572150Z Test Case '-[PaneTests.RuntimeStateStoreTests testControllerHonorsSummaryAndFilePathCollectionControls]' passed (0.012 seconds).
SwiftPM standard and compatibility tests	Run Pane standard tests	2026-08-03T15:34:13.6573010Z Test Case '-[PaneTests.RuntimeStateStoreTests testControllerReportsCommandHistoryAndVisibleRecoveryIndependently]' started.
SwiftPM standard and compatibility tests	Run Pane standard tests	2026-08-03T15:34:13.6574000Z Test Case '-[PaneTests.RuntimeStateStoreTests testControllerReportsCommandHistoryAndVisibleRecoveryIndependently]' passed (0.018 seconds).
SwiftPM standard and compatibility tests	Run Pane standard tests	2026-08-03T15:34:13.6575090Z Test Case '-[PaneTests.RuntimeStateStoreTests testControllerRestoreIsWorkspaceScopedGlobalOnlyByOptInAndDisabledWithoutPaths]' started.
SwiftPM standard and compatibility tests	Run Pane standard tests	2026-08-03T15:34:13.6576420Z Test Case '-[PaneTests.RuntimeStateStoreTests testControllerRestoreIsWorkspaceScopedGlobalOnlyByOptInAndDisabledWithoutPaths]' passed (0.020 seconds).
SwiftPM standard and compatibility tests	Run Pane standard tests	2026-08-03T15:34:13.6577310Z Test Case '-[PaneTests.RuntimeStateStoreTests testControllerRestoresDurableWorkspaceHistoryAcrossRecreation]' started.
SwiftPM standard and compatibility tests	Run Pane standard tests	2026-08-03T15:34:13.6578170Z Test Case '-[PaneTests.RuntimeStateStoreTests testControllerRestoresDurableWorkspaceHistoryAcrossRecreation]' passed (0.020 seconds).
SwiftPM standard and compatibility tests	Run Pane standard tests	2026-08-03T15:34:13.6579040Z Test Case '-[PaneTests.RuntimeStateStoreTests testCoordinatorShutdownClosesStoreDeterministically]' started.
SwiftPM standard and compatibility tests	Run Pane standard tests	2026-08-03T15:34:13.6579790Z Test Case '-[PaneTests.RuntimeStateStoreTests testCoordinatorShutdownClosesStoreDeterministically]' passed (0.014 seconds).
SwiftPM standard and compatibility tests	Run Pane standard tests	2026-08-03T15:34:13.6580560Z Test Case '-[PaneTests.RuntimeStateStoreTests testCorruptDatabaseIsMovedAsideWithoutStartupLoop]' started.
SwiftPM standard and compatibility tests	Run Pane standard tests	2026-08-03T15:34:13.6581250Z Test Case '-[PaneTests.RuntimeStateStoreTests testCorruptDatabaseIsMovedAsideWithoutStartupLoop]' passed (0.013 seconds).
SwiftPM standard and compatibility tests	Run Pane standard tests	2026-08-03T15:34:13.6581940Z Test Case '-[PaneTests.RuntimeStateStoreTests testDeletingWorkspaceOnlyRemovesMatchingSessions]' started.
SwiftPM standard and compatibility tests	Run Pane standard tests	2026-08-03T15:34:13.6582620Z Test Case '-[PaneTests.RuntimeStateStoreTests testDeletingWorkspaceOnlyRemovesMatchingSessions]' passed (0.001 seconds).
SwiftPM standard and compatibility tests	Run Pane standard tests	2026-08-03T15:34:13.6583360Z Test Case '-[PaneTests.RuntimeStateStoreTests testDisablingPredictionHistoryClearsLiveAutocompleteHistory]' started.
SwiftPM standard and compatibility tests	Run Pane standard tests	2026-08-03T15:34:13.6584210Z Test Case '-[PaneTests.RuntimeStateStoreTests testDisablingPredictionHistoryClearsLiveAutocompleteHistory]' passed (0.003 seconds).
SwiftPM standard and compatibility tests	Run Pane standard tests	2026-08-03T15:34:13.6585180Z Test Case '-[PaneTests.RuntimeStateStoreTests testEightConcurrentStoreOpensShareMigrationWithoutBusyFailure]' started.
SwiftPM standard and compatibility tests	Run Pane standard tests	2026-08-03T15:34:13.6586920Z /Users/runner/work/Pane-Terminal/Pane-Terminal/Tests/PaneTests/RuntimeStateStoreTests.swift:1181: error: -[PaneTests.RuntimeStateStoreTests testEightConcurrentStoreOpensShareMigrationWithoutBusyFailure] : failed: caught error: "databaseFailure(operation: "enable WAL", code: 5)"
SwiftPM standard and compatibility tests	Run Pane standard tests	2026-08-03T15:34:13.6588550Z Test Case '-[PaneTests.RuntimeStateStoreTests testEightConcurrentStoreOpensShareMigrationWithoutBusyFailure]' failed (0.187 seconds).
SwiftPM standard and compatibility tests	Run Pane standard tests	2026-08-03T15:34:13.6589330Z Test Case '-[PaneTests.RuntimeStateStoreTests testEphemeralStoreCreatesNoPersistenceFiles]' started.
SwiftPM standard and compatibility tests	Run Pane standard tests	2026-08-03T15:34:13.6590100Z Test Case '-[PaneTests.RuntimeStateStoreTests testEphemeralStoreCreatesNoPersistenceFiles]' passed (0.001 seconds).
SwiftPM standard and compatibility tests	Run Pane standard tests	2026-08-03T15:34:13.6590880Z Test Case '-[PaneTests.RuntimeStateStoreTests testFutureSchemaIsPreservedAndFallsBackToMemory]' started.
SwiftPM standard and compatibility tests	Run Pane standard tests	2026-08-03T15:34:13.6591560Z Test Case '-[PaneTests.RuntimeStateStoreTests testFutureSchemaIsPreservedAndFallsBackToMemory]' passed (0.003 seconds).
SwiftPM standard and compatibility tests	Run Pane standard tests	2026-08-03T15:34:13.6592340Z Test Case '-[PaneTests.RuntimeStateStoreTests testInjectedMigrationCommitFaultRollsBackAndCanRetry]' started.
SwiftPM standard and compatibility tests	Run Pane standard tests	2026-08-03T15:34:13.6593060Z Test Case '-[PaneTests.RuntimeStateStoreTests testInjectedMigrationCommitFaultRollsBackAndCanRetry]' passed (0.043 seconds).
SwiftPM standard and compatibility tests	Run Pane standard tests	2026-08-03T15:34:13.6593840Z Test Case '-[PaneTests.RuntimeStateStoreTests testInMemoryRestoreScopesWorkspacesUnlessGlobalRequested]' started.
SwiftPM standard and compatibility tests	Run Pane standard tests	2026-08-03T15:34:13.6594760Z Test Case '-[PaneTests.RuntimeStateStoreTests testInMemoryRestoreScopesWorkspacesUnlessGlobalRequested]' passed (0.001 seconds).
SwiftPM standard and compatibility tests	Run Pane standard tests	2026-08-03T15:34:13.6595580Z Test Case '-[PaneTests.RuntimeStateStoreTests testInMemoryStoreRestoresRecentWorkspaceContextWithoutTypedInput]' started.
SwiftPM standard and compatibility tests	Run Pane standard tests	2026-08-03T15:34:13.6596380Z Test Case '-[PaneTests.RuntimeStateStoreTests testInMemoryStoreRestoresRecentWorkspaceContextWithoutTypedInput]' passed (0.000 seconds).
SwiftPM standard and compatibility tests	Run Pane standard tests	2026-08-03T15:34:13.6597320Z Test Case '-[PaneTests.RuntimeStateStoreTests testPartiallyMigratedVersionThreeDatabaseFinishesSchemaFiveMigration]' started.
SwiftPM standard and compatibility tests	Run Pane standard tests	2026-08-03T15:34:13.6599370Z Test Case '-[PaneTests.RuntimeStateStoreTests testPartiallyMigratedVersionThreeDatabaseFinishesSchemaFiveMigration]' passed (0.057 seconds).
SwiftPM standard and compatibility tests	Run Pane standard tests	2026-08-03T15:34:13.6602170Z Test Case '-[PaneTests.RuntimeStateStoreTests testRestoreAcrossWorkspacesDefaultsOffInSettings]' started.
SwiftPM standard and compatibility tests	Run Pane standard tests	2026-08-03T15:34:13.6604230Z Test Case '-[PaneTests.RuntimeStateStoreTests testRestoreAcrossWorkspacesDefaultsOffInSettings]' passed (0.012 seconds).
SwiftPM standard and compatibility tests	Run Pane standard tests	2026-08-03T15:34:13.6606100Z Test Case '-[PaneTests.RuntimeStateStoreTests testRestoreLimitsPreferNewestSessionsCommandsAndOutput]' started.
SwiftPM standard and compatibility tests	Run Pane standard tests	2026-08-03T15:34:13.6608160Z Test Case '-[PaneTests.RuntimeStateStoreTests testRestoreLimitsPreferNewestSessionsCommandsAndOutput]' passed (0.006 seconds).
SwiftPM standard and compatibility tests	Run Pane standard tests	2026-08-03T15:34:13.6610100Z Test Case '-[PaneTests.RuntimeStateStoreTests testRuntimeSettingsMigratesLegacyPredictionHistoryOnce]' started.
SwiftPM standard and compatibility tests	Run Pane standard tests	2026-08-03T15:34:13.6612050Z Test Case '-[PaneTests.RuntimeStateStoreTests testRuntimeSettingsMigratesLegacyPredictionHistoryOnce]' passed (0.004 seconds).
SwiftPM standard and compatibility tests	Run Pane standard tests	2026-08-03T15:34:13.6614180Z Test Case '-[PaneTests.RuntimeStateStoreTests testRuntimeSettingsPersistOnlyPreferenceFlags]' started.
SwiftPM standard and compatibility tests	Run Pane standard tests	2026-08-03T15:34:13.6616030Z Test Case '-[PaneTests.RuntimeStateStoreTests testRuntimeSettingsPersistOnlyPreferenceFlags]' passed (0.011 seconds).
SwiftPM standard and compatibility tests	Run Pane standard tests	2026-08-03T15:34:13.6617720Z Test Case '-[PaneTests.RuntimeStateStoreTests testSensitiveBehavioralCommandIsExcluded]' started.
SwiftPM standard and compatibility tests	Run Pane standard tests	2026-08-03T15:34:13.6619420Z Test Case '-[PaneTests.RuntimeStateStoreTests testSensitiveBehavioralCommandIsExcluded]' passed (0.008 seconds).
SwiftPM standard and compatibility tests	Run Pane standard tests	2026-08-03T15:34:13.6621210Z Test Case '-[PaneTests.RuntimeStateStoreTests testSessionLifecycleDefaultsToActiveAndCanCloseCleanly]' started.
SwiftPM standard and compatibility tests	Run Pane standard tests	2026-08-03T15:34:13.6623660Z Test Case '-[PaneTests.RuntimeStateStoreTests testSessionLifecycleDefaultsToActiveAndCanCloseCleanly]' passed (0.000 seconds).
SwiftPM standard and compatibility tests	Run Pane standard tests	2026-08-03T15:34:13.6625530Z Test Case '-[PaneTests.RuntimeStateStoreTests testSharedCoordinatorRecoversPriorLaunchOnlyOnce]' started.
SwiftPM standard and compatibility tests	Run Pane standard tests	2026-08-03T15:34:13.6627470Z Test Case '-[PaneTests.RuntimeStateStoreTests testSharedCoordinatorRecoversPriorLaunchOnlyOnce]' passed (0.038 seconds).
SwiftPM standard and compatibility tests	Run Pane standard tests	2026-08-03T15:34:13.6629490Z Test Case '-[PaneTests.RuntimeStateStoreTests testSQLiteRetentionKeepsNewestBoundedCommandEvents]' started.
SwiftPM standard and compatibility tests	Run Pane standard tests	2026-08-03T15:34:13.6631420Z Test Case '-[PaneTests.RuntimeStateStoreTests testSQLiteRetentionKeepsNewestBoundedCommandEvents]' passed (0.013 seconds).
SwiftPM standard and compatibility tests	Run Pane standard tests	2026-08-03T15:34:13.6633510Z Test Case '-[PaneTests.RuntimeStateStoreTests testSQLiteSessionAndWorkspaceDeletionCascadeCommandEvents]' started.
SwiftPM standard and compatibility tests	Run Pane standard tests	2026-08-03T15:34:13.6635500Z Test Case '-[PaneTests.RuntimeStateStoreTests testSQLiteSessionAndWorkspaceDeletionCascadeCommandEvents]' passed (0.011 seconds).
SwiftPM standard and compatibility tests	Run Pane standard tests	2026-08-03T15:34:13.6637610Z Test Case '-[PaneTests.RuntimeStateStoreTests testSQLiteStoreSurvivesRecreationAndSanitizesAtStorageBoundary]' started.
SwiftPM standard and compatibility tests	Run Pane standard tests	2026-08-03T15:34:13.6639710Z Test Case '-[PaneTests.RuntimeStateStoreTests testSQLiteStoreSurvivesRecreationAndSanitizesAtStorageBoundary]' passed (0.021 seconds).
SwiftPM standard and compatibility tests	Run Pane standard tests	2026-08-03T15:34:13.6641320Z Test Suite 'RuntimeStateStoreTests' failed at 2026-08-03 15:34:13.378.
SwiftPM standard and compatibility tests	Run Pane standard tests	2026-08-03T15:34:13.6642360Z 	 Executed 31 tests, with 1 failure (1 unexpected) in 0.613 (0.620) seconds
SwiftPM standard and compatibility tests	Run Pane standard tests	2026-08-03T15:34:13.6643590Z Test Suite 'SensitiveDataSanitizerTests' started at 2026-08-03 15:34:13.378.
SwiftPM standard and compatibility tests	Run Pane standard tests	2026-08-03T15:34:33.1974960Z Test Case '-[PaneTests.SensitiveDataSanitizerTests testEnvironmentSanitizationUsesAllowlistAndDropsSensitiveValues]' started.
SwiftPM standard and compatibility tests	Run Pane standard tests	2026-08-03T15:34:33.1984290Z Test Case '-[PaneTests.SensitiveDataSanitizerTests testEnvironmentSanitizationUsesAllowlistAndDropsSensitiveValues]' passed (0.001 seconds).
SwiftPM standard and compatibility tests	Run Pane standard tests	2026-08-03T15:34:33.1986900Z Test Case '-[PaneTests.SensitiveDataSanitizerTests testOrdinaryCommandsArePreserved]' started.
SwiftPM standard and compatibility tests	Run Pane standard tests	2026-08-03T15:34:33.1989780Z Test Case '-[PaneTests.SensitiveDataSanitizerTests testOrdinaryCommandsArePreserved]' passed (0.000 seconds).
SwiftPM standard and compatibility tests	Run Pane standard tests	2026-08-03T15:34:33.1992210Z Test Case '-[PaneTests.SensitiveDataSanitizerTests testRedactsAuthorizationHeadersAndDatabaseURLs]' started.
SwiftPM standard and compatibility tests	Run Pane standard tests	2026-08-03T15:34:33.1994560Z Test Case '-[PaneTests.SensitiveDataSanitizerTests testRedactsAuthorizationHeadersAndDatabaseURLs]' passed (0.000 seconds).
SwiftPM standard and compatibility tests	Run Pane standard tests	2026-08-03T15:34:33.2038340Z Test Case '-[PaneTests.SensitiveDataSanitizerTests testRedactsPrivateKeys]' started.
SwiftPM standard and compatibility tests	Run Pane standard tests	2026-08-03T15:34:33.2039020Z Test Case '-[PaneTests.SensitiveDataSanitizerTests testRedactsPrivateKeys]' passed (0.001 seconds).
SwiftPM standard and compatibility tests	Run Pane standard tests	2026-08-03T15:34:33.2039850Z Test Case '-[PaneTests.SensitiveDataSanitizerTests testRedactsSecretCommandArgumentsAndEnvironmentAssignments]' started.
SwiftPM standard and compatibility tests	Run Pane standard tests	2026-08-03T15:34:33.2040800Z Test Case '-[PaneTests.SensitiveDataSanitizerTests testRedactsSecretCommandArgumentsAndEnvironmentAssignments]' passed (0.000 seconds).
SwiftPM standard and compatibility tests	Run Pane standard tests	2026-08-03T15:34:33.2041780Z Test Case '-[PaneTests.SensitiveDataSanitizerTests testTerminalSessionHistoryNeverRetainsSecretCommandArguments]' started.
SwiftPM standard and compatibility tests	Run Pane standard tests	2026-08-03T15:34:33.2043850Z Test Case '-[PaneTests.SensitiveDataSanitizerTests testTerminalSessionHistoryNeverRetainsSecretCommandArguments]' passed (0.002 seconds).
SwiftPM standard and compatibility tests	Run Pane standard tests	2026-08-03T15:34:33.2044710Z Test Suite 'SensitiveDataSanitizerTests' passed at 2026-08-03 15:34:13.383.
SwiftPM standard and compatibility tests	Run Pane standard tests	2026-08-03T15:34:33.2045310Z 	 Executed 6 tests, with 0 failures (0 unexpected) in 0.005 (0.006) seconds
SwiftPM standard and compatibility tests	Run Pane standard tests	2026-08-03T15:34:33.2045830Z Test Suite 'SessionRecoveryTests' started at 2026-08-03 15:34:13.384.
SwiftPM standard and compatibility tests	Run Pane standard tests	2026-08-03T15:34:33.2046440Z Test Case '-[PaneTests.SessionRecoveryTests testDirectoryFallbackUsesLatestUsableCommandDirectory]' started.
SwiftPM standard and compatibility tests	Run Pane standard tests	2026-08-03T15:34:33.2047260Z Test Case '-[PaneTests.SessionRecoveryTests testDirectoryFallbackUsesLatestUsableCommandDirectory]' passed (0.003 seconds).
SwiftPM standard and compatibility tests	Run Pane standard tests	2026-08-03T15:34:33.2048090Z Test Case '-[PaneTests.SessionRecoveryTests testDuplicateBlockIDsRestoreOnlyTheMostCompleteNewestRecord]' started.
SwiftPM standard and compatibility tests	Run Pane standard tests	2026-08-03T15:34:33.2050060Z Test Case '-[PaneTests.SessionRecoveryTests testDuplicateBlockIDsRestoreOnlyTheMostCompleteNewestRecord]' passed (0.002 seconds).
SwiftPM standard and compatibility tests	Run Pane standard tests	2026-08-03T15:34:33.2050980Z Test Case '-[PaneTests.SessionRecoveryTests testThreeHistoricalSessionsRestoreInOrderWithIndependentLifecycle]' started.
SwiftPM standard and compatibility tests	Run Pane standard tests	2026-08-03T15:34:33.2051840Z Test Case '-[PaneTests.SessionRecoveryTests testThreeHistoricalSessionsRestoreInOrderWithIndependentLifecycle]' passed (0.002 seconds).
SwiftPM standard and compatibility tests	Run Pane standard tests	2026-08-03T15:34:33.2052560Z Test Suite 'SessionRecoveryTests' passed at 2026-08-03 15:34:13.391.
SwiftPM standard and compatibility tests	Run Pane standard tests	2026-08-03T15:34:33.2053020Z 	 Executed 3 tests, with 0 failures (0 unexpected) in 0.007 (0.008) seconds
SwiftPM standard and compatibility tests	Run Pane standard tests	2026-08-03T15:34:33.2053590Z Test Suite 'ShellConfigurationTests' started at 2026-08-03 15:34:13.391.
SwiftPM standard and compatibility tests	Run Pane standard tests	2026-08-03T15:34:33.2054370Z Test Case '-[PaneTests.ShellConfigurationTests testLoginShellUsesExpectedExecutableAndTerminalEnvironment]' started.
SwiftPM standard and compatibility tests	Run Pane standard tests	2026-08-03T15:34:33.2055210Z Test Case '-[PaneTests.ShellConfigurationTests testLoginShellUsesExpectedExecutableAndTerminalEnvironment]' passed (0.001 seconds).
SwiftPM standard and compatibility tests	Run Pane standard tests	2026-08-03T15:34:33.2056230Z Test Case '-[PaneTests.ShellConfigurationTests testPreservesZDotDirectoryForOhMyZshConfiguration]' started.
SwiftPM standard and compatibility tests	Run Pane standard tests	2026-08-03T15:34:33.2057540Z Test Case '-[PaneTests.ShellConfigurationTests testPreservesZDotDirectoryForOhMyZshConfiguration]' passed (0.000 seconds).
SwiftPM standard and compatibility tests	Run Pane standard tests	2026-08-03T15:34:33.2058240Z Test Suite 'ShellConfigurationTests' passed at 2026-08-03 15:34:13.392.
SwiftPM standard and compatibility tests	Run Pane standard tests	2026-08-03T15:34:33.2058740Z 	 Executed 2 tests, with 0 failures (0 unexpected) in 0.001 (0.001) seconds
SwiftPM standard and compatibility tests	Run Pane standard tests	2026-08-03T15:34:33.2059540Z Test Suite 'TerminalInteractionControllerTests' started at 2026-08-03 15:34:13.393.
SwiftPM standard and compatibility tests	Run Pane standard tests	2026-08-03T15:34:33.2060520Z Test Case '-[PaneTests.TerminalInteractionControllerTests testAlternateScreenAtIdleTemporarilyOwnsInput]' started.
SwiftPM standard and compatibility tests	Run Pane standard tests	2026-08-03T15:34:33.2061460Z Test Case '-[PaneTests.TerminalInteractionControllerTests testAlternateScreenAtIdleTemporarilyOwnsInput]' passed (0.001 seconds).
SwiftPM standard and compatibility tests	Run Pane standard tests	2026-08-03T15:34:33.2062360Z Test Case '-[PaneTests.TerminalInteractionControllerTests testAlternateScreenBlockToTerminalSwitchDoesNotLoseInput]' started.
SwiftPM standard and compatibility tests	Run Pane standard tests	2026-08-03T15:34:33.2063320Z Test Case '-[PaneTests.TerminalInteractionControllerTests testAlternateScreenBlockToTerminalSwitchDoesNotLoseInput]' passed (0.001 seconds).
SwiftPM standard and compatibility tests	Run Pane standard tests	2026-08-03T15:34:33.2064250Z Test Case '-[PaneTests.TerminalInteractionControllerTests testBasicCommandReturnsComposerOwnership]' started.
SwiftPM standard and compatibility tests	Run Pane standard tests	2026-08-03T15:34:33.2065760Z Test Case '-[PaneTests.TerminalInteractionControllerTests testBasicCommandReturnsComposerOwnership]' passed (0.001 seconds).
SwiftPM standard and compatibility tests	Run Pane standard tests	2026-08-03T15:34:33.2066650Z Test Case '-[PaneTests.TerminalInteractionControllerTests testDeterministicRandomizedTransitionsPreserveInvariants]' started.
SwiftPM standard and compatibility tests	Run Pane standard tests	2026-08-03T15:34:33.2067660Z Test Case '-[PaneTests.TerminalInteractionControllerTests testDeterministicRandomizedTransitionsPreserveInvariants]' passed (0.157 seconds).
SwiftPM standard and compatibility tests	Run Pane standard tests	2026-08-03T15:34:33.2068710Z Test Case '-[PaneTests.TerminalInteractionControllerTests testDirectInputFinishingWhileTerminalMountedReturnsCorrectOwner]' started.
SwiftPM standard and compatibility tests	Run Pane standard tests	2026-08-03T15:34:33.2069740Z Test Case '-[PaneTests.TerminalInteractionControllerTests testDirectInputFinishingWhileTerminalMountedReturnsCorrectOwner]' passed (0.001 seconds).
SwiftPM standard and compatibility tests	Run Pane standard tests	2026-08-03T15:34:33.2070700Z Test Case '-[PaneTests.TerminalInteractionControllerTests testLifecycleStatesRejectPresentationAndCommandEvents]' started.
SwiftPM standard and compatibility tests	Run Pane standard tests	2026-08-03T15:34:33.2071750Z Test Case '-[PaneTests.TerminalInteractionControllerTests testLifecycleStatesRejectPresentationAndCommandEvents]' passed (0.000 seconds).
SwiftPM standard and compatibility tests	Run Pane standard tests	2026-08-03T15:34:33.2072570Z Test Case '-[PaneTests.TerminalInteractionControllerTests testManualFullTerminalIsStickyAcrossCommands]' started.
SwiftPM standard and compatibility tests	Run Pane standard tests	2026-08-03T15:34:33.2073430Z Test Case '-[PaneTests.TerminalInteractionControllerTests testManualFullTerminalIsStickyAcrossCommands]' passed (0.000 seconds).
SwiftPM standard and compatibility tests	Run Pane standard tests	2026-08-03T15:34:33.2074340Z Test Case '-[PaneTests.TerminalInteractionControllerTests testManualFullTerminalRemainsStickyAcrossAlternateScreenCompletion]' started.
SwiftPM standard and compatibility tests	Run Pane standard tests	2026-08-03T15:34:33.2075840Z Test Case '-[PaneTests.TerminalInteractionControllerTests testManualFullTerminalRemainsStickyAcrossAlternateScreenCompletion]' passed (0.026 seconds).
SwiftPM standard and compatibility tests	Run Pane standard tests	2026-08-03T15:34:33.2076870Z Test Case '-[PaneTests.TerminalInteractionControllerTests testProjectedPresentationAndInputComeFromInteractionController]' started.
SwiftPM standard and compatibility tests	Run Pane standard tests	2026-08-03T15:34:33.2077900Z Test Case '-[PaneTests.TerminalInteractionControllerTests testProjectedPresentationAndInputComeFromInteractionController]' passed (0.001 seconds).
SwiftPM standard and compatibility tests	Run Pane standard tests	2026-08-03T15:34:33.2078800Z Test Case '-[PaneTests.TerminalInteractionControllerTests testRepeatedFocusRequestInvalidatesOlderAsyncWork]' started.
SwiftPM standard and compatibility tests	Run Pane standard tests	2026-08-03T15:34:33.2079690Z Test Case '-[PaneTests.TerminalInteractionControllerTests testRepeatedFocusRequestInvalidatesOlderAsyncWork]' passed (0.000 seconds).
SwiftPM standard and compatibility tests	Run Pane standard tests	2026-08-03T15:34:33.2080570Z Test Case '-[PaneTests.TerminalInteractionControllerTests testRestartDuringDirectInputDoesNotLeaveDeadFirstResponder]' started.
SwiftPM standard and compatibility tests	Run Pane standard tests	2026-08-03T15:34:33.2081540Z Test Case '-[PaneTests.TerminalInteractionControllerTests testRestartDuringDirectInputDoesNotLeaveDeadFirstResponder]' passed (0.000 seconds).
SwiftPM standard and compatibility tests	Run Pane standard tests	2026-08-03T15:34:33.2082510Z Test Case '-[PaneTests.TerminalInteractionControllerTests testReturningFromFullTerminalRestoresActiveDirectInteraction]' started.
SwiftPM standard and compatibility tests	Run Pane standard tests	2026-08-03T15:34:33.2083440Z Test Case '-[PaneTests.TerminalInteractionControllerTests testReturningFromFullTerminalRestoresActiveDirectInteraction]' passed (0.000 seconds).
SwiftPM standard and compatibility tests	Run Pane standard tests	2026-08-03T15:34:33.2084310Z Test Case '-[PaneTests.TerminalInteractionControllerTests testSecurePromptHasNoComposerOwner]' started.
SwiftPM standard and compatibility tests	Run Pane standard tests	2026-08-03T15:34:33.2085100Z Test Case '-[PaneTests.TerminalInteractionControllerTests testSecurePromptHasNoComposerOwner]' passed (0.000 seconds).
SwiftPM standard and compatibility tests	Run Pane standard tests	2026-08-03T15:34:33.2085850Z Test Case '-[PaneTests.TerminalInteractionControllerTests testShellExitAndShutdownRemoveInputOwnership]' started.
SwiftPM standard and compatibility tests	Run Pane standard tests	2026-08-03T15:34:33.2086740Z Test Case '-[PaneTests.TerminalInteractionControllerTests testShellExitAndShutdownRemoveInputOwnership]' passed (0.000 seconds).
SwiftPM standard and compatibility tests	Run Pane standard tests	2026-08-03T15:34:33.2087680Z Test Case '-[PaneTests.TerminalInteractionControllerTests testUpdateNSViewCannotStealNewerFocusRequest]' started.
SwiftPM standard and compatibility tests	Run Pane standard tests	2026-08-03T15:34:33.2088490Z Test Case '-[PaneTests.TerminalInteractionControllerTests testUpdateNSViewCannotStealNewerFocusRequest]' passed (0.001 seconds).
SwiftPM standard and compatibility tests	Run Pane standard tests	2026-08-03T15:34:33.2089370Z Test Suite 'TerminalInteractionControllerTests' passed at 2026-08-03 15:34:13.586.
SwiftPM standard and compatibility tests	Run Pane standard tests	2026-08-03T15:34:33.2090490Z 	 Executed 15 tests, with 0 failures (0 unexpected) in 0.190 (0.194) seconds
SwiftPM standard and compatibility tests	Run Pane standard tests	2026-08-03T15:34:33.2091100Z Test Suite 'TerminalSessionHardeningTests' started at 2026-08-03 15:34:13.586.
SwiftPM standard and compatibility tests	Run Pane standard tests	2026-08-03T15:34:33.2091720Z Test Case '-[PaneTests.TerminalSessionHardeningTests testSecureInputDisablesAutocomplete]' started.
SwiftPM standard and compatibility tests	Run Pane standard tests	2026-08-03T15:34:33.2092460Z Test Case '-[PaneTests.TerminalSessionHardeningTests testSecureInputDisablesAutocomplete]' passed (0.089 seconds).
SwiftPM standard and compatibility tests	Run Pane standard tests	2026-08-03T15:34:33.2093240Z Test Case '-[PaneTests.TerminalSessionHardeningTests testSecureInputDoesNotReappearAfterRestore]' started.
SwiftPM standard and compatibility tests	Run Pane standard tests	2026-08-03T15:34:33.2094000Z Test Case '-[PaneTests.TerminalSessionHardeningTests testSecureInputDoesNotReappearAfterRestore]' passed (1.283 seconds).
SwiftPM standard and compatibility tests	Run Pane standard tests	2026-08-03T15:34:33.2094790Z Test Case '-[PaneTests.TerminalSessionHardeningTests testSecureInputNeverEntersPersistentState]' started.
SwiftPM standard and compatibility tests	Run Pane standard tests	2026-08-03T15:34:33.2095580Z Test Case '-[PaneTests.TerminalSessionHardeningTests testSecureInputNeverEntersPersistentState]' passed (1.114 seconds).
SwiftPM standard and compatibility tests	Run Pane standard tests	2026-08-03T15:34:33.2096400Z Test Case '-[PaneTests.TerminalSessionHardeningTests testTerminalSessionLifecycleStressMaintainsInvariants]' started.
SwiftPM standard and compatibility tests	Run Pane standard tests	2026-08-03T15:34:33.2097440Z Test Case '-[PaneTests.TerminalSessionHardeningTests testTerminalSessionLifecycleStressMaintainsInvariants]' passed (6.554 seconds).
SwiftPM standard and compatibility tests	Run Pane standard tests	2026-08-03T15:34:33.2098120Z Test Suite 'TerminalSessionHardeningTests' passed at 2026-08-03 15:34:22.628.
SwiftPM standard and compatibility tests	Run Pane standard tests	2026-08-03T15:34:33.2098640Z 	 Executed 4 tests, with 0 failures (0 unexpected) in 9.040 (9.041) seconds
SwiftPM standard and compatibility tests	Run Pane standard tests	2026-08-03T15:34:33.2099650Z Test Suite 'TerminalSessionIntegrationTests' started at 2026-08-03 15:34:22.628.
SwiftPM standard and compatibility tests	Run Pane standard tests	2026-08-03T15:34:33.2100500Z Test Case '-[PaneTests.TerminalSessionIntegrationTests testActiveBlockStreamsThroughReadOnlyTerminalThenFreezesOneSnapshot]' started.
SwiftPM standard and compatibility tests	Run Pane standard tests	2026-08-03T15:34:33.2101530Z Test Case '-[PaneTests.TerminalSessionIntegrationTests testActiveBlockStreamsThroughReadOnlyTerminalThenFreezesOneSnapshot]' passed (0.598 seconds).
SwiftPM standard and compatibility tests	Run Pane standard tests	2026-08-03T15:34:33.2102520Z Test Case '-[PaneTests.TerminalSessionIntegrationTests testAlternateScreenEmbedsDirectTerminalWithoutLeavingBlocksLayout]' started.
SwiftPM standard and compatibility tests	Run Pane standard tests	2026-08-03T15:34:33.2103530Z Test Case '-[PaneTests.TerminalSessionIntegrationTests testAlternateScreenEmbedsDirectTerminalWithoutLeavingBlocksLayout]' passed (0.124 seconds).
SwiftPM standard and compatibility tests	Run Pane standard tests	2026-08-03T15:34:33.2104520Z Test Case '-[PaneTests.TerminalSessionIntegrationTests testAlternateScreenInputSurvivesRapidBlocksTerminalReparenting]' started.
SwiftPM standard and compatibility tests	Run Pane standard tests	2026-08-03T15:34:33.2105450Z Test Case '-[PaneTests.TerminalSessionIntegrationTests testAlternateScreenInputSurvivesRapidBlocksTerminalReparenting]' passed (6.621 seconds).
SwiftPM standard and compatibility tests	Run Pane standard tests	2026-08-03T15:34:33.2106380Z Test Case '-[PaneTests.TerminalSessionIntegrationTests testAlternateScreenLayoutRemovesBottomComposer]' started.
SwiftPM standard and compatibility tests	Run Pane standard tests	2026-08-03T15:34:33.2107250Z Test Case '-[PaneTests.TerminalSessionIntegrationTests testAlternateScreenLayoutRemovesBottomComposer]' passed (0.636 seconds).
SwiftPM standard and compatibility tests	Run Pane standard tests	2026-08-03T15:34:33.2108250Z Test Case '-[PaneTests.TerminalSessionIntegrationTests testAlternateScreenOverridesTransientAutomaticSecureClassification]' started.
SwiftPM standard and compatibility tests	Run Pane standard tests	2026-08-03T15:34:33.2109280Z Test Case '-[PaneTests.TerminalSessionIntegrationTests testAlternateScreenOverridesTransientAutomaticSecureClassification]' passed (0.100 seconds).
SwiftPM standard and compatibility tests	Run Pane standard tests	2026-08-03T15:34:33.2110230Z Test Case '-[PaneTests.TerminalSessionIntegrationTests testApplicationExitPersistsSensitiveCommandAsNonRerunnablePlaceholder]' started.
SwiftPM standard and compatibility tests	Run Pane standard tests	2026-08-03T15:34:33.2111370Z Test Case '-[PaneTests.TerminalSessionIntegrationTests testApplicationExitPersistsSensitiveCommandAsNonRerunnablePlaceholder]' passed (1.165 seconds).
SwiftPM standard and compatibility tests	Run Pane standard tests	2026-08-03T15:34:33.2112530Z Test Case '-[PaneTests.TerminalSessionIntegrationTests testAuthoritativeHostAppliesViewportInsetsWithoutRecreatingTerminal]' started.
SwiftPM standard and compatibility tests	Run Pane standard tests	2026-08-03T15:34:33.2113670Z Test Case '-[PaneTests.TerminalSessionIntegrationTests testAuthoritativeHostAppliesViewportInsetsWithoutRecreatingTerminal]' passed (0.005 seconds).
SwiftPM standard and compatibility tests	Run Pane standard tests	2026-08-03T15:34:33.2114960Z Test Case '-[PaneTests.TerminalSessionIntegrationTests testAuthoritativeTerminalAndHostIdentitySurviveRemounting]' started.
SwiftPM standard and compatibility tests	Run Pane standard tests	2026-08-03T15:34:33.2115830Z Test Case '-[PaneTests.TerminalSessionIntegrationTests testAuthoritativeTerminalAndHostIdentitySurviveRemounting]' passed (0.007 seconds).
SwiftPM standard and compatibility tests	Run Pane standard tests	2026-08-03T15:34:33.2116820Z Test Case '-[PaneTests.TerminalSessionIntegrationTests testAutocompleteCapturesCompletionDefinedInTheWarmShell]' started.
SwiftPM standard and compatibility tests	Run Pane standard tests	2026-08-03T15:34:33.2117710Z Test Case '-[PaneTests.TerminalSessionIntegrationTests testAutocompleteCapturesCompletionDefinedInTheWarmShell]' passed (1.075 seconds).
SwiftPM standard and compatibility tests	Run Pane standard tests	2026-08-03T15:34:33.2118520Z Test Case '-[PaneTests.TerminalSessionIntegrationTests testBlocksComposerHasAFullWidthEditableTextView]' started.
SwiftPM standard and compatibility tests	Run Pane standard tests	2026-08-03T15:34:33.2119540Z 938E-F248-4154-B831-B5114155CB62] deallocated
SwiftPM standard and compatibility tests	Run Pane standard tests	2026-08-03T15:34:33.2119890Z Pane lifecycle session[667B6CF4-2C48-41BD-B3F4-E308FAD12DAB] created
SwiftPM standard and compatibility tests	Run Pane standard tests	2026-08-03T15:34:33.2120370Z Pane lifecycle session[667B6CF4-2C48-41BD-B3F4-E308FAD12DAB] shutdown started
SwiftPM standard and compatibility tests	Run Pane standard tests	2026-08-03T15:34:33.2120870Z Pane lifecycle autocomplete[3A2C0E4D-65D6-4CC5-A323-C22050D955E8] stopped
SwiftPM standard and compatibility tests	Run Pane standard tests	2026-08-03T15:34:33.2121390Z Pane lifecycle session[667B6CF4-2C48-41BD-B3F4-E308FAD12DAB] shutdown completed
SwiftPM standard and compatibility tests	Run Pane standard tests	2026-08-03T15:34:33.2121970Z Pane lifecycle session[667B6CF4-2C48-41BD-B3F4-E308FAD12DAB] deallocated
SwiftPM standard and compatibility tests	Run Pane standard tests	2026-08-03T15:34:33.2122400Z Pane lifecycle session[221F7797-7708-4898-B0C6-F8B148FEE5B3] created
SwiftPM standard and compatibility tests	Run Pane standard tests	2026-08-03T15:34:33.2122910Z Pane lifecycle session[221F7797-7708-4898-B0C6-F8B148FEE5B3] shutdown started
SwiftPM standard and compatibility tests	Run Pane standard tests	2026-08-03T15:34:33.2123370Z Pane lifecycle autocomplete[543EDC4C-8980-41ED-999D-4E010C3D2498] stopped
SwiftPM standard and compatibility tests	Run Pane standard tests	2026-08-03T15:34:33.2124270Z Pane lifecycle session[221F7797-7708-4898-B0C6-F8B148FEE5B3] shutdown completed
SwiftPM standard and compatibility tests	Run Pane standard tests	2026-08-03T15:34:33.2124760Z Pane lifecycle session[221F7797-7708-4898-B0C6-F8B148FEE5B3] deallocated
SwiftPM standard and compatibility tests	Run Pane standard tests	2026-08-03T15:34:33.2125210Z Pane lifecycle session[2330FEA2-065A-4E5F-AE75-BF4196E8669F] created
SwiftPM standard and compatibility tests	Run Pane standard tests	2026-08-03T15:34:33.2125710Z Pane lifecycle session[2330FEA2-065A-4E5F-AE75-BF4196E8669F] shutdown started
SwiftPM standard and compatibility tests	Run Pane standard tests	2026-08-03T15:34:33.2126160Z Pane lifecycle autocomplete[97DCB659-A244-421E-B17B-47325D1ED410] stopped
SwiftPM standard and compatibility tests	Run Pane standard tests	2026-08-03T15:34:33.2126660Z Pane lifecycle session[2330FEA2-065A-4E5F-AE75-BF4196E8669F] shutdown completed
SwiftPM standard and compatibility tests	Run Pane standard tests	2026-08-03T15:34:33.2127190Z Pane lifecycle session[2330FEA2-065A-4E5F-AE75-BF4196E8669F] deallocated
SwiftPM standard and compatibility tests	Run Pane standard tests	2026-08-03T15:34:33.2127600Z Pane lifecycle session[96233EFE-5DA2-4CCB-B340-FEE41E9C0F8D] created
SwiftPM standard and compatibility tests	Run Pane standard tests	2026-08-03T15:34:33.2128130Z Pane lifecycle session[96233EFE-5DA2-4CCB-B340-FEE41E9C0F8D] shutdown started
SwiftPM standard and compatibility tests	Run Pane standard tests	2026-08-03T15:34:33.2128610Z Pane lifecycle autocomplete[77824C78-A897-44BA-8FCD-2676A893DC09] stopped
SwiftPM standard and compatibility tests	Run Pane standard tests	2026-08-03T15:34:33.2129110Z Pane lifecycle session[96233EFE-5DA2-4CCB-B340-FEE41E9C0F8D] shutdown completed
SwiftPM standard and compatibility tests	Run Pane standard tests	2026-08-03T15:34:33.2129690Z Pane lifecycle session[96233EFE-5DA2-4CCB-B340-FEE41E9C0F8D] deallocated
SwiftPM standard and compatibility tests	Run Pane standard tests	2026-08-03T15:34:33.2130200Z Pane lifecycle session[F2906E20-DF44-4BC7-AF8E-F520953E7F1E] created
SwiftPM standard and compatibility tests	Run Pane standard tests	2026-08-03T15:34:33.2130690Z Pane lifecycle session[F2906E20-DF44-4BC7-AF8E-F520953E7F1E] shutdown started
SwiftPM standard and compatibility tests	Run Pane standard tests	2026-08-03T15:34:33.2131130Z Pane lifecycle autocomplete[A5E60453-F467-4F10-A747-1C0D66BF0361] stopped
SwiftPM standard and compatibility tests	Run Pane standard tests	2026-08-03T15:34:33.2131650Z Pane lifecycle session[F2906E20-DF44-4BC7-AF8E-F520953E7F1E] shutdown completed
SwiftPM standard and compatibility tests	Run Pane standard tests	2026-08-03T15:34:33.2132100Z Pane lifecycle session[F2906E20-DF44-4BC7-AF8E-F520953E7F1E] deallocated
SwiftPM standard and compatibility tests	Run Pane standard tests	2026-08-03T15:34:33.2132580Z Pane lifecycle session[F8611988-CF5A-4A7E-A5CD-590709084D30] created
SwiftPM standard and compatibility tests	Run Pane standard tests	2026-08-03T15:34:33.2133050Z Pane lifecycle session[F8611988-CF5A-4A7E-A5CD-590709084D30] shutdown started
SwiftPM standard and compatibility tests	Run Pane standard tests	2026-08-03T15:34:33.2133490Z Pane lifecycle autocomplete[63F7D0C2-4B4E-426A-999C-2C67ADEBAF72] stopped
SwiftPM standard and compatibility tests	Run Pane standard tests	2026-08-03T15:34:33.2134000Z Pane lifecycle session[F8611988-CF5A-4A7E-A5CD-590709084D30] shutdown completed
SwiftPM standard and compatibility tests	Run Pane standard tests	2026-08-03T15:34:33.2134470Z Pane lifecycle session[F8611988-CF5A-4A7E-A5CD-590709084D30] deallocated
SwiftPM standard and compatibility tests	Run Pane standard tests	2026-08-03T15:34:33.2134940Z Pane lifecycle session[C312BDC9-9AEF-48BF-93D0-A7C96FB2187E] created
SwiftPM standard and compatibility tests	Run Pane standard tests	2026-08-03T15:34:33.2135760Z Pane lifecycle session[C312BDC9-9AEF-48BF-93D0-A7C96FB2187E] shutdown started
SwiftPM standard and compatibility tests	Run Pane standard tests	2026-08-03T15:34:33.2136360Z Pane lifecycle autocomplete[4C99F905-11E8-46EA-BC0C-53DF23FAB5CF] stopped
SwiftPM standard and compatibility tests	Run Pane standard tests	2026-08-03T15:34:33.2136960Z Pane lifecycle session[C312BDC9-9AEF-48BF-93D0-A7C96FB2187E] shutdown completed
SwiftPM standard and compatibility tests	Run Pane standard tests	2026-08-03T15:34:33.2174730Z Pane lifecycle session[C312BDC9-9AEF-48BF-93D0-A7C96FB2187E] deallocated
SwiftPM standard and compatibility tests	Run Pane standard tests	2026-08-03T15:34:33.2175400Z Pane lifecycle session[951E5ADB-07D9-4604-B1A6-289A8C56027A] created
SwiftPM standard and compatibility tests	Run Pane standard tests	2026-08-03T15:34:33.2175880Z Pane lifecycle session[951E5ADB-07D9-4604-B1A6-289A8C56027A] shutdown started
SwiftPM standard and compatibility tests	Run Pane standard tests	2026-08-03T15:34:33.2176420Z Pane lifecycle autocomplete[BD01BA48-843F-4952-8371-330B28E9BC92] stopped
SwiftPM standard and compatibility tests	Run Pane standard tests	2026-08-03T15:34:33.2177000Z Pane lifecycle session[951E5ADB-07D9-4604-B1A6-289A8C56027A] shutdown completed
SwiftPM standard and compatibility tests	Run Pane standard tests	2026-08-03T15:34:33.2177480Z Pane lifecycle session[951E5ADB-07D9-4604-B1A6-289A8C56027A] deallocated
SwiftPM standard and compatibility tests	Run Pane standard tests	2026-08-03T15:34:33.2177960Z Pane lifecycle session[BAB00FC2-5D7B-457B-8D16-7AF7BEFC4F31] created
SwiftPM standard and compatibility tests	Run Pane standard tests	2026-08-03T15:34:33.2178470Z Pane lifecycle session[BAB00FC2-5D7B-457B-8D16-7AF7BEFC4F31] shutdown started
SwiftPM standard and compatibility tests	Run Pane standard tests	2026-08-03T15:34:33.2179010Z Pane lifecycle autocomplete[1B5792D6-E844-4FF2-A461-C81DB8437A1B] stopped
SwiftPM standard and compatibility tests	Run Pane standard tests	2026-08-03T15:34:33.2179490Z Pane lifecycle session[BAB00FC2-5D7B-457B-8D16-7AF7BEFC4F31] shutdown completed
SwiftPM standard and compatibility tests	Run Pane standard tests	2026-08-03T15:34:33.2180000Z Pane lifecycle session[BAB00FC2-5D7B-457B-8D16-7AF7BEFC4F31] deallocated
SwiftPM standard and compatibility tests	Run Pane standard tests	2026-08-03T15:34:33.2180510Z Pane lifecycle session[6DFA7B5C-50DD-45B8-9830-2E72D186A510] created
SwiftPM standard and compatibility tests	Run Pane standard tests	2026-08-03T15:34:33.2180960Z Pane lifecycle session[6DFA7B5C-50DD-45B8-9830-2E72D186A510] shutdown started
SwiftPM standard and compatibility tests	Run Pane standard tests	2026-08-03T15:34:33.2181460Z Pane lifecycle autocomplete[EE29CA0F-2634-4073-86C5-915062E63FC9] stopped
SwiftPM standard and compatibility tests	Run Pane standard tests	2026-08-03T15:34:33.2182530Z Pane lifecycle session[6DFA7B5C-50DD-45B8-9830-2E72D186A510] shutdown completed
SwiftPM standard and compatibility tests	Run Pane standard tests	2026-08-03T15:34:33.2183110Z Pane lifecycle session[6DFA7B5C-50DD-45B8-9830-2E72D186A510] deallocated
SwiftPM standard and compatibility tests	Run Pane standard tests	2026-08-03T15:34:33.2186130Z Pane lifecycle session[06709337-5E3D-4386-B77E-2F67B0BBA681] created
SwiftPM standard and compatibility tests	Run Pane standard tests	2026-08-03T15:34:33.2186580Z Pane lifecycle session[06709337-5E3D-4386-B77E-2F67B0BBA681] shutdown started
SwiftPM standard and compatibility tests	Run Pane standard tests	2026-08-03T15:34:33.2187140Z Pane lifecycle autocomplete[E42A7687-3221-4C80-9457-44651FB70EC6] stopped
SwiftPM standard and compatibility tests	Run Pane standard tests	2026-08-03T15:34:33.2187660Z Pane lifecycle session[06709337-5E3D-4386-B77E-2F67B0BBA681] shutdown completed
SwiftPM standard and compatibility tests	Run Pane standard tests	2026-08-03T15:34:33.2188210Z Pane lifecycle session[06709337-5E3D-4386-B77E-2F67B0BBA681] deallocated
SwiftPM standard and compatibility tests	Run Pane standard tests	2026-08-03T15:34:33.2188690Z Pane lifecycle session[86678B47-D32B-4A2D-8236-E05A2A6031D8] created
SwiftPM standard and compatibility tests	Run Pane standard tests	2026-08-03T15:34:33.2189120Z Pane lifecycle session[86678B47-D32B-4A2D-8236-E05A2A6031D8] shutdown started
SwiftPM standard and compatibility tests	Run Pane standard tests	2026-08-03T15:34:33.2189680Z Pane lifecycle autocomplete[4CD1741F-9835-46DA-A1EC-7167716A59BF] stopped
SwiftPM standard and compatibility tests	Run Pane standard tests	2026-08-03T15:34:33.2190200Z Pane lifecycle session[86678B47-D32B-4A2D-8236-E05A2A6031D8] shutdown completed
SwiftPM standard and compatibility tests	Run Pane standard tests	2026-08-03T15:34:33.2190810Z Pane lifecycle session[86678B47-D32B-4A2D-8236-E05A2A6031D8] deallocated
SwiftPM standard and compatibility tests	Run Pane standard tests	2026-08-03T15:34:33.2191360Z Pane lifecycle session[EB44018B-AA36-40A6-8D0B-65825714AD82] created
SwiftPM standard and compatibility tests	Run Pane standard tests	2026-08-03T15:34:33.2191890Z Pane lifecycle session[EB44018B-AA36-40A6-8D0B-65825714AD82] shutdown started
SwiftPM standard and compatibility tests	Run Pane standard tests	2026-08-03T15:34:33.2192560Z Pane lifecycle autocomplete[8714A8A8-FD17-4EDA-9EBD-FEA90A1003DC] stopped
SwiftPM standard and compatibility tests	Run Pane standard tests	2026-08-03T15:34:33.2193030Z Pane lifecycle session[EB44018B-AA36-40A6-8D0B-65825714AD82] shutdown completed
SwiftPM standard and compatibility tests	Run Pane standard tests	2026-08-03T15:34:33.2193610Z Pane lifecycle session[EB44018B-AA36-40A6-8D0B-65825714AD82] deallocated
SwiftPM standard and compatibility tests	Run Pane standard tests	2026-08-03T15:34:33.2194090Z Pane lifecycle session[12CCD64E-06FF-42AF-B846-7BA454138F4D] created
SwiftPM standard and compatibility tests	Run Pane standard tests	2026-08-03T15:34:33.2194590Z Pane lifecycle session[12CCD64E-06FF-42AF-B846-7BA454138F4D] shutdown started
SwiftPM standard and compatibility tests	Run Pane standard tests	2026-08-03T15:34:33.2196470Z Pane lifecycle autocomplete[F88EC24A-278E-4437-A4FA-0B9FD760AB75] stopped
SwiftPM standard and compatibility tests	Run Pane standard tests	2026-08-03T15:34:33.2197470Z Pane lifecycle session[12CCD64E-06FF-42AF-B846-7BA454138F4D] shutdown completed
SwiftPM standard and compatibility tests	Run Pane standard tests	2026-08-03T15:34:39.9922290Z Pane lifecycle session[12CCD64E-06FF-42AF-B846-7BA454138F4D] deallocated
SwiftPM standard and compatibility tests	Run Pane standard tests	2026-08-03T15:34:39.9935960Z Pane lifecycle session[70E70A5F-9D5A-472F-B579-90C92D37DC18] created
SwiftPM standard and compatibility tests	Run Pane standard tests	2026-08-03T15:34:39.9945340Z Pane lifecycle session[70E70A5F-9D5A-472F-B579-90C92D37DC18] shutdown started
SwiftPM standard and compatibility tests	Run Pane standard tests	2026-08-03T15:34:39.9948590Z Pane lifecycle autocomplete[807D7E9E-D726-4A0B-837E-239BFBCBDDB7] stopped
SwiftPM standard and compatibility tests	Run Pane standard tests	2026-08-03T15:34:39.9950850Z Pane lifecycle session[70E70A5F-9D5A-472F-B579-90C92D37DC18] shutdown completed
SwiftPM standard and compatibility tests	Run Pane standard tests	2026-08-03T15:34:39.9951530Z Pane lifecycle session[70E70A5F-9D5A-472F-B579-90C92D37DC18] deallocated
SwiftPM standard and compatibility tests	Run Pane standard tests	2026-08-03T15:34:39.9953770Z Pane lifecycle session[4BFAC851-E4D8-4B30-963D-0CAB4CBEB122] created
SwiftPM standard and compatibility tests	Run Pane standard tests	2026-08-03T15:34:39.9956640Z Pane lifecycle session[4BFAC851-E4D8-4B30-963D-0CAB4CBEB122] shutdown started
SwiftPM standard and compatibility tests	Run Pane standard tests	2026-08-03T15:34:39.9958320Z Pane lifecycle autocomplete[F7CDC47A-D431-4F35-A25D-C3B84D482FC7] stopped
SwiftPM standard and compatibility tests	Run Pane standard tests	2026-08-03T15:34:39.9958940Z Pane lifecycle session[4BFAC851-E4D8-4B30-963D-0CAB4CBEB122] shutdown completed
SwiftPM standard and compatibility tests	Run Pane standard tests	2026-08-03T15:34:39.9961240Z Pane lifecycle session[4BFAC851-E4D8-4B30-963D-0CAB4CBEB122] deallocated
SwiftPM standard and compatibility tests	Run Pane standard tests	2026-08-03T15:34:39.9963920Z Pane lifecycle session[0C90773E-151E-4EB9-AEE1-C827A5FA527D] created
SwiftPM standard and compatibility tests	Run Pane standard tests	2026-08-03T15:34:39.9964550Z Pane lifecycle session[0C90773E-151E-4EB9-AEE1-C827A5FA527D] shutdown started
SwiftPM standard and compatibility tests	Run Pane standard tests	2026-08-03T15:34:39.9965090Z Pane lifecycle autocomplete[C19D9CA9-01F2-4962-B0F5-79E7687617D4] stopped
SwiftPM standard and compatibility tests	Run Pane standard tests	2026-08-03T15:34:39.9965630Z Pane lifecycle session[0C90773E-151E-4EB9-AEE1-C827A5FA527D] shutdown completed
SwiftPM standard and compatibility tests	Run Pane standard tests	2026-08-03T15:34:39.9966440Z Pane lifecycle session[0C90773E-151E-4EB9-AEE1-C827A5FA527D] deallocated
SwiftPM standard and compatibility tests	Run Pane standard tests	2026-08-03T15:34:39.9968060Z Pane lifecycle autocomplete[8B8DE59E-DA4B-47A2-9428-6C454EEF3089] request started
SwiftPM standard and compatibility tests	Run Pane standard tests	2026-08-03T15:34:39.9969690Z Pane lifecycle autocomplete[8B8DE59E-DA4B-47A2-9428-6C454EEF3089] cancelled and stopped
SwiftPM standard and compatibility tests	Run Pane standard tests	2026-08-03T15:34:39.9978900Z Pane lifecycle session[D28E56CC-B69C-41C6-81A5-4004FCED49F4] created
SwiftPM standard and compatibility tests	Run Pane standard tests	2026-08-03T15:34:39.9984400Z Pane lifecycle session[D28E56CC-B69C-41C6-81A5-4004FCED49F4] deallocated
SwiftPM standard and compatibility tests	Run Pane standard tests	2026-08-03T15:34:39.9987290Z Pane lifecycle session[48F35AAE-807E-4625-B0E2-C3B974BFCB35] created
SwiftPM standard and compatibility tests	Run Pane standard tests	2026-08-03T15:34:39.9989580Z Pane lifecycle session[24B5D6B0-0445-4EC9-9D51-3D45029A80BA] created
SwiftPM standard and compatibility tests	Run Pane standard tests	2026-08-03T15:34:39.9991690Z Pane lifecycle session[E3E3BC32-810C-4F47-993F-E23D0C4BEA9E] created
SwiftPM standard and compatibility tests	Run Pane standard tests	2026-08-03T15:34:39.9993100Z Pane lifecycle session[5589E32D-2772-4FC0-8047-81AB2BF97CDD] created
SwiftPM standard and compatibility tests	Run Pane standard tests	2026-08-03T15:34:39.9994430Z Pane lifecycle session[B16D9B8A-751D-4CB9-ADE4-A97C305AABBD] created
SwiftPM standard and compatibility tests	Run Pane standard tests	2026-08-03T15:34:39.9995960Z Pane lifecycle session[48F35AAE-807E-4625-B0E2-C3B974BFCB35] deallocated
SwiftPM standard and compatibility tests	Run Pane standard tests	2026-08-03T15:34:39.9997310Z Pane lifecycle session[24B5D6B0-0445-4EC9-9D51-3D45029A80BA] deallocated
SwiftPM standard and compatibility tests	Run Pane standard tests	2026-08-03T15:34:39.9998730Z Pane lifecycle session[E3E3BC32-810C-4F47-993F-E23D0C4BEA9E] deallocated
SwiftPM standard and compatibility tests	Run Pane standard tests	2026-08-03T15:34:40.0000200Z Pane lifecycle session[5589E32D-2772-4FC0-8047-81AB2BF97CDD] deallocated
SwiftPM standard and compatibility tests	Run Pane standard tests	2026-08-03T15:34:40.0001580Z Pane lifecycle PTY[A635833E-72CD-4064-A4F9-DB5DBC7C3910] process started generation=1
SwiftPM standard and compatibility tests	Run Pane standard tests	2026-08-03T15:34:40.0005030Z Pane lifecycle session[B16D9B8A-751D-4CB9-ADE4-A97C305AABBD] shutdown started
SwiftPM standard and compatibility tests	Run Pane standard tests	2026-08-03T15:34:40.0008060Z Pane lifecycle PTY[A635833E-72CD-4064-A4F9-DB5DBC7C3910] process termination requested pid=5474
SwiftPM standard and compatibility tests	Run Pane standard tests	2026-08-03T15:34:40.0013920Z Pane lifecycle session[C1651EA4-6F6A-4B1D-BEC8-B57D0A983435] created
SwiftPM standard and compatibility tests	Run Pane standard tests	2026-08-03T15:34:40.0020150Z Pane lifecycle autocomplete[6774C33A-041D-40F4-AE3B-867798039BF7] stopped
SwiftPM standard and compatibility tests	Run Pane standard tests	2026-08-03T15:34:40.0021670Z Pane lifecycle PTY[F3C1DD12-BAED-4A5B-A623-EB96758F8001] process started generation=1
SwiftPM standard and compatibility tests	Run Pane standard tests	2026-08-03T15:34:40.0022960Z Pane lifecycle session[C1651EA4-6F6A-4B1D-BEC8-B57D0A983435] shutdown started
SwiftPM standard and compatibility tests	Run Pane standard tests	2026-08-03T15:34:40.0024490Z Pane lifecycle PTY[F3C1DD12-BAED-4A5B-A623-EB96758F8001] process termination requested pid=5479
SwiftPM standard and compatibility tests	Run Pane standard tests	2026-08-03T15:34:40.0026430Z Pane lifecycle autocomplete[BD410D63-7BC1-4AA4-B821-ACBAB58E68D2] stopped
SwiftPM standard and compatibility tests	Run Pane standard tests	2026-08-03T15:34:40.0027890Z Pane lifecycle PTY[A635833E-72CD-4064-A4F9-DB5DBC7C3910] process terminated pid=5474 outcome=killed
SwiftPM standard and compatibility tests	Run Pane standard tests	2026-08-03T15:34:40.0030410Z Pane lifecycle session[B16D9B8A-751D-4CB9-ADE4-A97C305AABBD] shutdown completed
SwiftPM standard and compatibility tests	Run Pane standard tests	2026-08-03T15:34:40.0032030Z Pane lifecycle session[B16D9B8A-751D-4CB9-ADE4-A97C305AABBD] deallocated
SwiftPM standard and compatibility tests	Run Pane standard tests	2026-08-03T15:34:40.0036360Z Pane lifecycle PTY[F3C1DD12-BAED-4A5B-A623-EB96758F8001] process terminated pid=5479 outcome=killed
SwiftPM standard and compatibility tests	Run Pane standard tests	2026-08-03T15:34:40.0038300Z Pane lifecycle session[C1651EA4-6F6A-4B1D-BEC8-B57D0A983435] shutdown completed
SwiftPM standard and compatibility tests	Run Pane standard tests	2026-08-03T15:34:40.0039390Z Pane lifecycle session[0E1A04A1-4BE2-4583-B71B-37093043E2C9] created
SwiftPM standard and compatibility tests	Run Pane standard tests	2026-08-03T15:34:40.0041320Z Pane lifecycle PTY[B238EFBC-4009-4647-9008-85BEEAC5D5F1] process started generation=1
SwiftPM standard and compatibility tests	Run Pane standard tests	2026-08-03T15:34:40.0043120Z Pane lifecycle session[0E1A04A1-4BE2-4583-B71B-37093043E2C9] shutdown started
SwiftPM standard and compatibility tests	Run Pane standard tests	2026-08-03T15:34:40.0043810Z Pane lifecycle PTY[B238EFBC-4009-4647-9008-85BEEAC5D5F1] process termination requested pid=5495
SwiftPM standard and compatibility tests	Run Pane standard tests	2026-08-03T15:34:40.0045070Z Pane lifecycle session[C1651EA4-6F6A-4B1D-BEC8-B57D0A983435] deallocated
SwiftPM standard and compatibility tests	Run Pane standard tests	2026-08-03T15:34:40.0046610Z Pane lifecycle session[99A9A8E7-4D81-4742-94A5-D11FC1C0906E] created
SwiftPM standard and compatibility tests	Run Pane standard tests	2026-08-03T15:34:40.0047620Z Pane lifecycle autocomplete[A23DAC0B-5126-4F72-9FAE-0588DD3A3031] stopped
SwiftPM standard and compatibility tests	Run Pane standard tests	2026-08-03T15:34:40.0049500Z Pane lifecycle PTY[B07E1F52-F7F3-4B6D-BE16-6B09904A6FAE] process started generation=1
SwiftPM standard and compatibility tests	Run Pane standard tests	2026-08-03T15:34:40.0050580Z Pane lifecycle session[99A9A8E7-4D81-4742-94A5-D11FC1C0906E] shutdown started
SwiftPM standard and compatibility tests	Run Pane standard tests	2026-08-03T15:34:40.0052450Z Pane lifecycle PTY[B07E1F52-F7F3-4B6D-BE16-6B09904A6FAE] process termination requested pid=5500
SwiftPM standard and compatibility tests	Run Pane standard tests	2026-08-03T15:34:40.0053610Z Pane lifecycle autocomplete[D9915479-1EB5-48B1-A90D-2DFFE2808089] stopped
SwiftPM standard and compatibility tests	Run Pane standard tests	2026-08-03T15:34:40.0054170Z Pane lifecycle PTY[B07E1F52-F7F3-4B6D-BE16-6B09904A6FAE] process terminated pid=5500 outcome=killed
SwiftPM standard and compatibility tests	Run Pane standard tests	2026-08-03T15:34:40.0055190Z Pane lifecycle PTY[B238EFBC-4009-4647-9008-85BEEAC5D5F1] process terminated pid=5495 outcome=killed
SwiftPM standard and compatibility tests	Run Pane standard tests	2026-08-03T15:34:40.0056370Z Pane lifecycle session[99A9A8E7-4D81-4742-94A5-D11FC1C0906E] shutdown completed
SwiftPM standard and compatibility tests	Run Pane standard tests	2026-08-03T15:34:40.0056960Z Pane lifecycle session[0E1A04A1-4BE2-4583-B71B-37093043E2C9] shutdown completed
SwiftPM standard and compatibility tests	Run Pane standard tests	2026-08-03T15:34:40.0057540Z Pane lifecycle session[0E1A04A1-4BE2-4583-B71B-37093043E2C9] deallocated
SwiftPM standard and compatibility tests	Run Pane standard tests	2026-08-03T15:34:40.0058000Z Pane lifecycle session[99A9A8E7-4D81-4742-94A5-D11FC1C0906E] deallocated
SwiftPM standard and compatibility tests	Run Pane standard tests	2026-08-03T15:34:40.0058500Z Pane lifecycle session[DA84EA5C-E438-4FAF-84EE-733DF27141BA] created
SwiftPM standard and compatibility tests	Run Pane standard tests	2026-08-03T15:34:40.0059020Z Pane lifecycle PTY[6A223B53-5AA0-4673-B7D2-FF3ED728B97D] process started generation=1
SwiftPM standard and compatibility tests	Run Pane standard tests	2026-08-03T15:34:40.0059570Z Pane lifecycle PTY[6A223B53-5AA0-4673-B7D2-FF3ED728B97D] process termination requested pid=5514
SwiftPM standard and compatibility tests	Run Pane standard tests	2026-08-03T15:34:40.0060270Z Pane lifecycle PTY[6A223B53-5AA0-4673-B7D2-FF3ED728B97D] process terminated pid=5514 outcome=killed
SwiftPM standard and compatibility tests	Run Pane standard tests	2026-08-03T15:34:40.0060850Z Pane lifecycle PTY[6A223B53-5AA0-4673-B7D2-FF3ED728B97D] process started generation=2
SwiftPM standard and compatibility tests	Run Pane standard tests	2026-08-03T15:34:40.0061510Z Pane lifecycle PTY[6A223B53-5AA0-4673-B7D2-FF3ED728B97D] process termination requested pid=5703
SwiftPM standard and compatibility tests	Run Pane standard tests	2026-08-03T15:34:40.0062510Z Pane lifecycle PTY[6A223B53-5AA0-4673-B7D2-FF3ED728B97D] process terminated pid=5703 outcome=killed
SwiftPM standard and compatibility tests	Run Pane standard tests	2026-08-03T15:34:40.0063240Z Pane lifecycle PTY[6A223B53-5AA0-4673-B7D2-FF3ED728B97D] process started generation=3
SwiftPM standard and compatibility tests	Run Pane standard tests	2026-08-03T15:34:40.0063930Z Pane lifecycle PTY[6A223B53-5AA0-4673-B7D2-FF3ED728B97D] process termination requested pid=5724
SwiftPM standard and compatibility tests	Run Pane standard tests	2026-08-03T15:34:40.0064530Z Pane lifecycle PTY[6A223B53-5AA0-4673-B7D2-FF3ED728B97D] process terminated pid=5724 outcome=killed
SwiftPM standard and compatibility tests	Run Pane standard tests	2026-08-03T15:34:40.0065180Z Pane lifecycle PTY[6A223B53-5AA0-4673-B7D2-FF3ED728B97D] process started generation=4
SwiftPM standard and compatibility tests	Run Pane standard tests	2026-08-03T15:34:40.0065800Z Pane lifecycle session[DA84EA5C-E438-4FAF-84EE-733DF27141BA] shutdown started
SwiftPM standard and compatibility tests	Run Pane standard tests	2026-08-03T15:34:40.0066400Z Pane lifecycle PTY[6A223B53-5AA0-4673-B7D2-FF3ED728B97D] process termination requested pid=5749
SwiftPM standard and compatibility tests	Run Pane standard tests	2026-08-03T15:34:40.0066960Z Pane lifecycle session[6ABAA8EE-645C-456D-BA9C-B25910E4566B] created
SwiftPM standard and compatibility tests	Run Pane standard tests	2026-08-03T15:34:40.0067460Z Pane lifecycle PTY[7AF50B2E-D35C-4217-86F5-4D225B3661B0] process started generation=1
SwiftPM standard and compatibility tests	Run Pane standard tests	2026-08-03T15:34:40.0068040Z Pane lifecycle autocomplete[DA7114B5-6C24-4C8A-BD62-A53BBFDECE72] stopped
SwiftPM standard and compatibility tests	Run Pane standard tests	2026-08-03T15:34:40.0068540Z Pane lifecycle session[6ABAA8EE-645C-456D-BA9C-B25910E4566B] shutdown started
SwiftPM standard and compatibility tests	Run Pane standard tests	2026-08-03T15:34:40.0069420Z Pane lifecycle PTY[7AF50B2E-D35C-4217-86F5-4D225B3661B0] process termination requested pid=5761
SwiftPM standard and compatibility tests	Run Pane standard tests	2026-08-03T15:34:40.0070090Z Pane lifecycle autocomplete[7F1FE15C-32CC-49C3-BB91-007D0AC22775] stopped
SwiftPM standard and compatibility tests	Run Pane standard tests	2026-08-03T15:34:40.0070570Z Pane lifecycle session[8B7473C2-2D8B-4798-971F-3BE0DFCA6D33] created
SwiftPM standard and compatibility tests	Run Pane standard tests	2026-08-03T15:34:40.0071450Z Pane lifecycle PTY[1167395C-FCE3-486A-B270-61E889D48EFE] process started generation=1
SwiftPM standard and compatibility tests	Run Pane standard tests	2026-08-03T15:34:40.0072050Z Pane lifecycle session[8B7473C2-2D8B-4798-971F-3BE0DFCA6D33] shutdown started
SwiftPM standard and compatibility tests	Run Pane standard tests	2026-08-03T15:34:40.0073450Z Pane lifecycle PTY[1167395C-FCE3-486A-B270-61E889D48EFE] process termination requested pid=5835
SwiftPM standard and compatibility tests	Run Pane standard tests	2026-08-03T15:34:40.0074120Z Pane lifecycle session[B7945DA1-48B6-4C80-A99A-A6EDF4A1F02D] created
SwiftPM standard and compatibility tests	Run Pane standard tests	2026-08-03T15:34:40.0074680Z Pane lifecycle PTY[6A223B53-5AA0-4673-B7D2-FF3ED728B97D] process terminated pid=5749 outcome=killed
SwiftPM standard and compatibility tests	Run Pane standard tests	2026-08-03T15:34:40.0075430Z Pane lifecycle PTY[58C7AED2-468B-4E83-974C-AD447694E863] process started generation=1
SwiftPM standard and compatibility tests	Run Pane standard tests	2026-08-03T15:34:40.0076180Z Pane lifecycle session[DA84EA5C-E438-4FAF-84EE-733DF27141BA] shutdown completed
SwiftPM standard and compatibility tests	Run Pane standard tests	2026-08-03T15:34:40.0076840Z Pane lifecycle session[DA84EA5C-E438-4FAF-84EE-733DF27141BA] deallocated
SwiftPM standard and compatibility tests	Run Pane standard tests	2026-08-03T15:34:40.0077410Z Pane lifecycle autocomplete[A5A48E5C-1B78-4C1A-A25C-C2619D28C0DE] stopped
SwiftPM standard and compatibility tests	Run Pane standard tests	2026-08-03T15:34:40.0078080Z Pane lifecycle PTY[7AF50B2E-D35C-4217-86F5-4D225B3661B0] process terminated pid=5761 outcome=killed
SwiftPM standard and compatibility tests	Run Pane standard tests	2026-08-03T15:34:40.0078930Z Pane lifecycle session[6ABAA8EE-645C-456D-BA9C-B25910E4566B] shutdown completed
SwiftPM standard and compatibility tests	Run Pane standard tests	2026-08-03T15:34:40.0081160Z Pane lifecycle session[6ABAA8EE-645C-456D-BA9C-B25910E4566B] deallocated
SwiftPM standard and compatibility tests	Run Pane standard tests	2026-08-03T15:34:40.0082090Z Pane lifecycle PTY[1167395C-FCE3-486A-B270-61E889D48EFE] process terminated pid=5835 outcome=killed
SwiftPM standard and compatibility tests	Run Pane standard tests	2026-08-03T15:34:40.0082690Z Pane lifecycle session[8B7473C2-2D8B-4798-971F-3BE0DFCA6D33] shutdown completed
SwiftPM standard and compatibility tests	Run Pane standard tests	2026-08-03T15:34:40.0083240Z Pane lifecycle session[8B7473C2-2D8B-4798-971F-3BE0DFCA6D33] deallocated
SwiftPM standard and compatibility tests	Run Pane standard tests	2026-08-03T15:34:40.0083850Z Pane lifecycle session[B7945DA1-48B6-4C80-A99A-A6EDF4A1F02D] shutdown started
SwiftPM standard and compatibility tests	Run Pane standard tests	2026-08-03T15:34:40.0084780Z Pane lifecycle PTY[58C7AED2-468B-4E83-974C-AD447694E863] process termination requested pid=5899
SwiftPM standard and compatibility tests	Run Pane standard tests	2026-08-03T15:34:40.0085420Z Pane lifecycle PTY[58C7AED2-468B-4E83-974C-AD447694E863] process terminated pid=5899 outcome=terminated
SwiftPM standard and compatibility tests	Run Pane standard tests	2026-08-03T15:34:40.0086080Z Pane lifecycle session[5941262F-9733-48EB-AA8E-29FEC8F24852] created
SwiftPM standard and compatibility tests	Run Pane standard tests	2026-08-03T15:34:40.0086660Z Pane lifecycle PTY[FD5ADD37-4FB9-4C51-9D63-23E95191CB45] process started generation=1
SwiftPM standard and compatibility tests	Run Pane standard tests	2026-08-03T15:34:40.0087240Z Pane lifecycle autocomplete[2090EE3C-22EF-4DAC-B425-97E8BD7E2900] stopped
SwiftPM standard and compatibility tests	Run Pane standard tests	2026-08-03T15:34:40.0087890Z Pane lifecycle session[B7945DA1-48B6-4C80-A99A-A6EDF4A1F02D] shutdown completed
SwiftPM standard and compatibility tests	Run Pane standard tests	2026-08-03T15:34:40.0088440Z Pane lifecycle session[B7945DA1-48B6-4C80-A99A-A6EDF4A1F02D] deallocated
SwiftPM standard and compatibility tests	Run Pane standard tests	2026-08-03T15:34:40.0089050Z Pane lifecycle session[5941262F-9733-48EB-AA8E-29FEC8F24852] shutdown started
SwiftPM standard and compatibility tests	Run Pane standard tests	2026-08-03T15:34:40.0089610Z Pane lifecycle PTY[FD5ADD37-4FB9-4C51-9D63-23E95191CB45] process termination requested pid=6022
SwiftPM standard and compatibility tests	Run Pane standard tests	2026-08-03T15:34:40.0090840Z Pane lifecycle session[6B5FCF18-21F4-40DA-A62F-F53E02DACE5D] created
SwiftPM standard and compatibility tests	Run Pane standard tests	2026-08-03T15:34:40.0091360Z Pane lifecycle PTY[D2D604D9-A8FE-4713-957B-EFDB6FF3AD29] process started generation=1
SwiftPM standard and compatibility tests	Run Pane standard tests	2026-08-03T15:34:40.0091960Z Pane lifecycle autocomplete[6418C8AA-C790-4C18-9607-3EF109F0058E] stopped
SwiftPM standard and compatibility tests	Run Pane standard tests	2026-08-03T15:34:40.0092550Z Pane lifecycle session[6B5FCF18-21F4-40DA-A62F-F53E02DACE5D] shutdown started
SwiftPM standard and compatibility tests	Run Pane standard tests	2026-08-03T15:34:40.0093180Z Pane lifecycle PTY[D2D604D9-A8FE-4713-957B-EFDB6FF3AD29] process termination requested pid=6040
SwiftPM standard and compatibility tests	Run Pane standard tests	2026-08-03T15:34:40.0093830Z Pane lifecycle session[12F5EE0E-9E54-4455-9A8E-D8A9BFB6889A] created
SwiftPM standard and compatibility tests	Run Pane standard tests	2026-08-03T15:34:40.0094410Z Pane lifecycle autocomplete[C8888ECC-6828-45BA-BF9E-004AB044469A] stopped
SwiftPM standard and compatibility tests	Run Pane standard tests	2026-08-03T15:34:40.0094990Z Pane lifecycle PTY[ABA7BDB9-8AFD-4124-AE29-D2809DACFC52] process started generation=1
SwiftPM standard and compatibility tests	Run Pane standard tests	2026-08-03T15:34:40.0095550Z Pane lifecycle session[12F5EE0E-9E54-4455-9A8E-D8A9BFB6889A] shutdown started
SwiftPM standard and compatibility tests	Run Pane standard tests	2026-08-03T15:34:40.0096540Z Pane lifecycle PTY[ABA7BDB9-8AFD-4124-AE29-D2809DACFC52] process termination requested pid=6056
SwiftPM standard and compatibility tests	Run Pane standard tests	2026-08-03T15:34:40.0097280Z Pane lifecycle autocomplete[CE251818-91D0-4C3D-A21F-74CE775960A1] stopped
SwiftPM standard and compatibility tests	Run Pane standard tests	2026-08-03T15:34:40.0097870Z Pane lifecycle PTY[FD5ADD37-4FB9-4C51-9D63-23E95191CB45] process terminated pid=6022 outcome=killed
SwiftPM standard and compatibility tests	Run Pane standard tests	2026-08-03T15:34:40.0098590Z Pane lifecycle session[5941262F-9733-48EB-AA8E-29FEC8F24852] shutdown completed
SwiftPM standard and compatibility tests	Run Pane standard tests	2026-08-03T15:34:40.0099250Z Pane lifecycle PTY[D2D604D9-A8FE-4713-957B-EFDB6FF3AD29] process terminated pid=6040 outcome=killed
SwiftPM standard and compatibility tests	Run Pane standard tests	2026-08-03T15:34:40.0099880Z Pane lifecycle session[6B5FCF18-21F4-40DA-A62F-F53E02DACE5D] shutdown completed
SwiftPM standard and compatibility tests	Run Pane standard tests	2026-08-03T15:34:40.0100570Z Pane lifecycle session[6B5FCF18-21F4-40DA-A62F-F53E02DACE5D] deallocated
SwiftPM standard and compatibility tests	Run Pane standard tests	2026-08-03T15:34:40.0101280Z Pane lifecycle PTY[ABA7BDB9-8AFD-4124-AE29-D2809DACFC52] process terminated pid=6056 outcome=killed
SwiftPM standard and compatibility tests	Run Pane standard tests	2026-08-03T15:34:40.0101870Z Pane lifecycle session[12F5EE0E-9E54-4455-9A8E-D8A9BFB6889A] shutdown completed
SwiftPM standard and compatibility tests	Run Pane standard tests	2026-08-03T15:34:40.0102500Z Pane lifecycle session[1D0BF135-9288-4C87-ADEE-29CFC6B83004] created
SwiftPM standard and compatibility tests	Run Pane standard tests	2026-08-03T15:34:40.0103050Z Pane lifecycle session[12F5EE0E-9E54-4455-9A8E-D8A9BFB6889A] deallocated
SwiftPM standard and compatibility tests	Run Pane standard tests	2026-08-03T15:34:40.0103580Z Pane lifecycle session[8E55F3A2-9B18-4A3F-950E-984B99813A7F] created
SwiftPM standard and compatibility tests	Run Pane standard tests	2026-08-03T15:34:40.0104140Z Pane lifecycle session[8E55F3A2-9B18-4A3F-950E-984B99813A7F] shutdown started
SwiftPM standard and compatibility tests	Run Pane standard tests	2026-08-03T15:34:40.0104630Z Pane lifecycle session[53C85647-2D33-4EB4-BECE-98BFFA5AF8D5] created
SwiftPM standard and compatibility tests	Run Pane standard tests	2026-08-03T15:34:40.0105150Z Pane lifecycle session[1D0BF135-9288-4C87-ADEE-29CFC6B83004] deallocated
SwiftPM standard and compatibility tests	Run Pane standard tests	2026-08-03T15:34:40.0106210Z Pane lifecycle PTY[70F96208-3DA0-4134-9B14-868E47BA8C19] process started generation=1
SwiftPM standard and compatibility tests	Run Pane standard tests	2026-08-03T15:34:40.0106700Z Pane lifecycle autocomplete[49E72292-FEBA-43B4-845E-944DD299C4BA] stopped
SwiftPM standard and compatibility tests	Run Pane standard tests	2026-08-03T15:34:40.0107220Z Pane lifecycle session[8E55F3A2-9B18-4A3F-950E-984B99813A7F] shutdown completed
SwiftPM standard and compatibility tests	Run Pane standard tests	2026-08-03T15:34:40.0107810Z Pane lifecycle session[8E55F3A2-9B18-4A3F-950E-984B99813A7F] deallocated
SwiftPM standard and compatibility tests	Run Pane standard tests	2026-08-03T15:34:40.0108330Z Pane lifecycle autocomplete[9F2F0F11-B19A-4E68-A9BF-8330A80DF0E6] request started
SwiftPM standard and compatibility tests	Run Pane standard tests	2026-08-03T15:34:40.0108940Z Pane lifecycle session[53C85647-2D33-4EB4-BECE-98BFFA5AF8D5] shutdown started
SwiftPM standard and compatibility tests	Run Pane standard tests	2026-08-03T15:34:40.0109640Z Pane lifecycle PTY[70F96208-3DA0-4134-9B14-868E47BA8C19] process termination requested pid=6069
SwiftPM standard and compatibility tests	Run Pane standard tests	2026-08-03T15:34:40.0110340Z Pane lifecycle session[1EB7596D-725B-4C67-9D1F-BA8EDB9788F8] created
SwiftPM standard and compatibility tests	Run Pane standard tests	2026-08-03T15:34:40.0110860Z Pane lifecycle PTY[D011602D-F889-4699-A45A-EF1A415BAF78] process started generation=1
SwiftPM standard and compatibility tests	Run Pane standard tests	2026-08-03T15:34:40.0111880Z Pane lifecycle autocompleTest Case '-[PaneTests.TerminalSessionIntegrationTests testBlocksComposerHasAFullWidthEditableTextView]' passed (0.673 seconds).
SwiftPM standard and compatibility tests	Run Pane standard tests	2026-08-03T15:34:40.0112890Z Test Case '-[PaneTests.TerminalSessionIntegrationTests testCancellingContinuationUnwedgesNextCommand]' started.
SwiftPM standard and compatibility tests	Run Pane standard tests	2026-08-03T15:34:40.0113810Z Test Case '-[PaneTests.TerminalSessionIntegrationTests testCancellingContinuationUnwedgesNextCommand]' passed (0.140 seconds).
SwiftPM standard and compatibility tests	Run Pane standard tests	2026-08-03T15:34:40.0114800Z Test Case '-[PaneTests.TerminalSessionIntegrationTests testCharacterChoiceUsesCompactAuthoritativeBlockAndPreservesPrompt]' started.
SwiftPM standard and compatibility tests	Run Pane standard tests	2026-08-03T15:34:40.0115870Z Test Case '-[PaneTests.TerminalSessionIntegrationTests testCharacterChoiceUsesCompactAuthoritativeBlockAndPreservesPrompt]' passed (0.545 seconds).
SwiftPM standard and compatibility tests	Run Pane standard tests	2026-08-03T15:34:40.0116850Z Test Case '-[PaneTests.TerminalSessionIntegrationTests testCommandAndRestartExposeCrashSimulationCheckpoints]' started.
SwiftPM standard and compatibility tests	Run Pane standard tests	2026-08-03T15:34:40.0117710Z Test Case '-[PaneTests.TerminalSessionIntegrationTests testCommandAndRestartExposeCrashSimulationCheckpoints]' passed (1.192 seconds).
SwiftPM standard and compatibility tests	Run Pane standard tests	2026-08-03T15:34:40.0118590Z Test Case '-[PaneTests.TerminalSessionIntegrationTests testCommandsShareOnePersistentPTYBackedShell]' started.
SwiftPM standard and compatibility tests	Run Pane standard tests	2026-08-03T15:34:40.0119450Z Test Case '-[PaneTests.TerminalSessionIntegrationTests testCommandsShareOnePersistentPTYBackedShell]' passed (0.267 seconds).
SwiftPM standard and compatibility tests	Run Pane standard tests	2026-08-03T15:34:40.0120570Z Test Case '-[PaneTests.TerminalSessionIntegrationTests testCompletedBlockPreservesStderrAndNonzeroExitCode]' started.
SwiftPM standard and compatibility tests	Run Pane standard tests	2026-08-03T15:34:40.0121690Z Test Case '-[PaneTests.TerminalSessionIntegrationTests testCompletedBlockPreservesStderrAndNonzeroExitCode]' passed (0.088 seconds).
SwiftPM standard and compatibility tests	Run Pane standard tests	2026-08-03T15:34:40.0122660Z Test Case '-[PaneTests.TerminalSessionIntegrationTests testCompletedCommandPersistsAndRestoresOnlyPredictionHistory]' started.
SwiftPM standard and compatibility tests	Run Pane standard tests	2026-08-03T15:34:40.0123710Z Test Case '-[PaneTests.TerminalSessionIntegrationTests testCompletedCommandPersistsAndRestoresOnlyPredictionHistory]' passed (0.137 seconds).
SwiftPM standard and compatibility tests	Run Pane standard tests	2026-08-03T15:34:40.0124710Z Test Case '-[PaneTests.TerminalSessionIntegrationTests testComposerControlCInterruptsForegroundCommand]' started.
SwiftPM standard and compatibility tests	Run Pane standard tests	2026-08-03T15:34:40.0125620Z Test Case '-[PaneTests.TerminalSessionIntegrationTests testComposerControlCInterruptsForegroundCommand]' passed (0.606 seconds).
SwiftPM standard and compatibility tests	Run Pane standard tests	2026-08-03T15:34:40.0126720Z Test Case '-[PaneTests.TerminalSessionIntegrationTests testControlledShutdownPersistsActiveCommandOnceAndRejectsSubmissions]' started.
SwiftPM standard and compatibility tests	Run Pane standard tests	2026-08-03T15:34:40.0127910Z Test Case '-[PaneTests.TerminalSessionIntegrationTests testControlledShutdownPersistsActiveCommandOnceAndRejectsSubmissions]' passed (1.155 seconds).
SwiftPM standard and compatibility tests	Run Pane standard tests	2026-08-03T15:34:40.0128940Z Test Case '-[PaneTests.TerminalSessionIntegrationTests testCopyOutputAndCombinedCopySanitizeBearerTokens]' started.
SwiftPM standard and compatibility tests	Run Pane standard tests	2026-08-03T15:34:40.0129950Z Test Case '-[PaneTests.TerminalSessionIntegrationTests testCopyOutputAndCombinedCopySanitizeBearerTokens]' passed (0.090 seconds).
SwiftPM standard and compatibility tests	Run Pane standard tests	2026-08-03T15:34:40.0130930Z Test Case '-[PaneTests.TerminalSessionIntegrationTests testDEC1049UsesAnIsolatedAlternateBufferAndRestoresNormalBuffer]' started.
SwiftPM standard and compatibility tests	Run Pane standard tests	2026-08-03T15:34:40.0132330Z Test Case '-[PaneTests.TerminalSessionIntegrationTests testDEC1049UsesAnIsolatedAlternateBufferAndRestoresNormalBuffer]' passed (0.005 seconds).
SwiftPM standard and compatibility tests	Run Pane standard tests	2026-08-03T15:34:40.0133730Z Test Case '-[PaneTests.TerminalSessionIntegrationTests testDirectTerminalCommandBecomesOneStructuredBlock]' started.
SwiftPM standard and compatibility tests	Run Pane standard tests	2026-08-03T15:34:40.0134770Z Test Case '-[PaneTests.TerminalSessionIntegrationTests testDirectTerminalCommandBecomesOneStructuredBlock]' passed (0.113 seconds).
SwiftPM standard and compatibility tests	Run Pane standard tests	2026-08-03T15:34:40.0135820Z Test Case '-[PaneTests.TerminalSessionIntegrationTests testDismissingSearchRestoresTheCompleteBlocksTimeline]' started.
SwiftPM standard and compatibility tests	Run Pane standard tests	2026-08-03T15:34:40.0136720Z Test Case '-[PaneTests.TerminalSessionIntegrationTests testDismissingSearchRestoresTheCompleteBlocksTimeline]' passed (0.002 seconds).
SwiftPM standard and compatibility tests	Run Pane standard tests	2026-08-03T15:34:40.0137660Z Test Case '-[PaneTests.TerminalSessionIntegrationTests testForegroundMonitorKeepsPaneShellInBlocksMode]' started.
SwiftPM standard and compatibility tests	Run Pane standard tests	2026-08-03T15:34:40.0138600Z Test Case '-[PaneTests.TerminalSessionIntegrationTests testForegroundMonitorKeepsPaneShellInBlocksMode]' passed (0.649 seconds).
SwiftPM standard and compatibility tests	Run Pane standard tests	2026-08-03T15:34:40.0139680Z Test Case '-[PaneTests.TerminalSessionIntegrationTests testHiddenPrimaryTerminalStillEmitsProtocolReplies]' started.
SwiftPM standard and compatibility tests	Run Pane standard tests	2026-08-03T15:34:40.0140680Z Test Case '-[PaneTests.TerminalSessionIntegrationTests testHiddenPrimaryTerminalStillEmitsProtocolReplies]' passed (0.006 seconds).
SwiftPM standard and compatibility tests	Run Pane standard tests	2026-08-03T15:34:40.0141640Z Test Case '-[PaneTests.TerminalSessionIntegrationTests testIncompleteCommandContinuesInComposerAndCompletesOneBlock]' started.
SwiftPM standard and compatibility tests	Run Pane standard tests	2026-08-03T15:34:40.0142790Z Test Case '-[PaneTests.TerminalSessionIntegrationTests testIncompleteCommandContinuesInComposerAndCompletesOneBlock]' passed (0.100 seconds).
SwiftPM standard and compatibility tests	Run Pane standard tests	2026-08-03T15:34:40.0143830Z Test Case '-[PaneTests.TerminalSessionIntegrationTests testInteractiveLoginShellLoadsZshrcUsedByOhMyZsh]' started.
SwiftPM standard and compatibility tests	Run Pane standard tests	2026-08-03T15:34:40.0144690Z Test Case '-[PaneTests.TerminalSessionIntegrationTests testInteractiveLoginShellLoadsZshrcUsedByOhMyZsh]' passed (0.132 seconds).
SwiftPM standard and compatibility tests	Run Pane standard tests	2026-08-03T15:34:40.0145910Z Test Case '-[PaneTests.TerminalSessionIntegrationTests testLiveMirrorDetachDoesNotLoseEarlierOutput]' started.
SwiftPM standard and compatibility tests	Run Pane standard tests	2026-08-03T15:34:40.0146710Z Test Case '-[PaneTests.TerminalSessionIntegrationTests testLiveMirrorDetachDoesNotLoseEarlierOutput]' passed (0.376 seconds).
SwiftPM standard and compatibility tests	Run Pane standard tests	2026-08-03T15:34:40.0148050Z Test Case '-[PaneTests.TerminalSessionIntegrationTests testManualModeChoiceOverridesAlternateScreenAutoReturn]' started.
SwiftPM standard and compatibility tests	Run Pane standard tests	2026-08-03T15:34:40.0148990Z Test Case '-[PaneTests.TerminalSessionIntegrationTests testManualModeChoiceOverridesAlternateScreenAutoReturn]' passed (0.121 seconds).
SwiftPM standard and compatibility tests	Run Pane standard tests	2026-08-03T15:34:40.0149900Z Test Case '-[PaneTests.TerminalSessionIntegrationTests testManualSecureInputSuspendsAndRestoresComposerDraft]' started.
SwiftPM standard and compatibility tests	Run Pane standard tests	2026-08-03T15:34:40.0150910Z Test Case '-[PaneTests.TerminalSessionIntegrationTests testManualSecureInputSuspendsAndRestoresComposerDraft]' passed (0.055 seconds).
SwiftPM standard and compatibility tests	Run Pane standard tests	2026-08-03T15:34:40.0151800Z Test Case '-[PaneTests.TerminalSessionIntegrationTests testMountReportsReparentingAndRepairsOnlyTerminalFocusIntent]' started.
SwiftPM standard and compatibility tests	Run Pane standard tests	2026-08-03T15:34:40.0152790Z Test Case '-[PaneTests.TerminalSessionIntegrationTests testMountReportsReparentingAndRepairsOnlyTerminalFocusIntent]' passed (0.567 seconds).
SwiftPM standard and compatibility tests	Run Pane standard tests	2026-08-03T15:34:42.2131290Z Test Case '-[PaneTests.TerminalSessionIntegrationTests testMultilineDraftProducesOneCompletedBlock]' started.
SwiftPM standard and compatibility tests	Run Pane standard tests	2026-08-03T15:34:42.2132250Z Test Case '-[PaneTests.TerminalSessionIntegrationTests testMultilineDraftProducesOneCompletedBlock]' passed (0.115 seconds).
SwiftPM standard and compatibility tests	Run Pane standard tests	2026-08-03T15:34:42.2133970Z Test Case '-[PaneTests.TerminalSessionIntegrationTests testNoEchoInputBypassesDraftHistoryAutocompleteAndRenderedOutput]' started.
SwiftPM standard and compatibility tests	Run Pane standard tests	2026-08-03T15:34:42.2135010Z Test Case '-[PaneTests.TerminalSessionIntegrationTests testNoEchoInputBypassesDraftHistoryAutocompleteAndRenderedOutput]' passed (0.316 seconds).
SwiftPM standard and compatibility tests	Run Pane standard tests	2026-08-03T15:34:42.2135980Z Test Case '-[PaneTests.TerminalSessionIntegrationTests testNoninteractiveForegroundProgramDoesNotForceDirectInput]' started.
SwiftPM standard and compatibility tests	Run Pane standard tests	2026-08-03T15:34:42.2137350Z Test Case '-[PaneTests.TerminalSessionIntegrationTests testNoninteractiveForegroundProgramDoesNotForceDirectInput]' passed (0.507 seconds).
SwiftPM standard and compatibility tests	Run Pane standard tests	2026-08-03T15:34:42.2155450Z Test Case '-[PaneTests.TerminalSessionIntegrationTests testNormalCopyCommandRemainsUnchanged]' started.
SwiftPM standard and compatibility tests	Run Pane standard tests	2026-08-03T15:34:42.2156350Z Test Case '-[PaneTests.TerminalSessionIntegrationTests testNormalCopyCommandRemainsUnchanged]' passed (0.004 seconds).
SwiftPM standard and compatibility tests	Run Pane standard tests	2026-08-03T15:34:42.2157670Z Test Case '-[PaneTests.TerminalSessionIntegrationTests testRapidAlternateScreenExitReturnsKeyboardFocusToComposer]' started.
SwiftPM standard and compatibility tests	Run Pane standard tests	2026-08-03T15:34:42.2160050Z Test Case '-[PaneTests.TerminalSessionIntegrationTests testRapidAlternateScreenExitReturnsKeyboardFocusToComposer]' passed (0.265 seconds).
SwiftPM standard and compatibility tests	Run Pane standard tests	2026-08-03T15:34:42.2161340Z Test Case '-[PaneTests.TerminalSessionIntegrationTests testRawTermiosAutomaticallyUsesCompactDirectInput]' started.
SwiftPM standard and compatibility tests	Run Pane standard tests	2026-08-03T15:34:42.2162420Z Test Case '-[PaneTests.TerminalSessionIntegrationTests testRawTermiosAutomaticallyUsesCompactDirectInput]' passed (0.311 seconds).
SwiftPM standard and compatibility tests	Run Pane standard tests	2026-08-03T15:34:42.2163440Z Test Case '-[PaneTests.TerminalSessionIntegrationTests testRawWaitStatusIsNormalizedForDisplay]' started.
SwiftPM standard and compatibility tests	Run Pane standard tests	2026-08-03T15:34:42.2164910Z Test Case '-[PaneTests.TerminalSessionIntegrationTests testRawWaitStatusIsNormalizedForDisplay]' passed (0.000 seconds).
SwiftPM standard and compatibility tests	Run Pane standard tests	2026-08-03T15:34:42.2165920Z Test Case '-[PaneTests.TerminalSessionIntegrationTests testReadOnlyLiveMirrorHidesItsNoninteractiveScroller]' started.
SwiftPM standard and compatibility tests	Run Pane standard tests	2026-08-03T15:34:42.2167290Z Test Case '-[PaneTests.TerminalSessionIntegrationTests testReadOnlyLiveMirrorHidesItsNoninteractiveScroller]' passed (0.003 seconds).
SwiftPM standard and compatibility tests	Run Pane standard tests	2026-08-03T15:34:42.2168360Z Test Case '-[PaneTests.TerminalSessionIntegrationTests testRestartPersistsActiveCommandAsInterruptedWithStableIDAndOutput]' started.
SwiftPM standard and compatibility tests	Run Pane standard tests	2026-08-03T15:34:42.2169610Z te[9F2F0F11-B19A-4E68-A9BF-8330A80DF0E6] cancelled and stopped
SwiftPM standard and compatibility tests	Run Pane standard tests	2026-08-03T15:34:42.2170190Z Pane lifecycle session[1EB7596D-725B-4C67-9D1F-BA8EDB9788F8] shutdown started
SwiftPM standard and compatibility tests	Run Pane standard tests	2026-08-03T15:34:42.2170930Z Pane lifecycle PTY[D011602D-F889-4699-A45A-EF1A415BAF78] process termination requested pid=6108
SwiftPM standard and compatibility tests	Run Pane standard tests	2026-08-03T15:34:42.2172150Z Pane lifecycle session[FB418271-0967-4C15-9F77-37F962424B1D] created
SwiftPM standard and compatibility tests	Run Pane standard tests	2026-08-03T15:34:42.2172910Z Pane lifecycle PTY[1FD30627-7680-4258-B658-0C7F9E6DAB61] process started generation=1
SwiftPM standard and compatibility tests	Run Pane standard tests	2026-08-03T15:34:42.2174010Z Pane lifecycle autocomplete[CCF18E1A-8F28-4899-B174-730DC44B06C6] stopped
SwiftPM standard and compatibility tests	Run Pane standard tests	2026-08-03T15:34:42.2174560Z Pane lifecycle session[FB418271-0967-4C15-9F77-37F962424B1D] shutdown started
SwiftPM standard and compatibility tests	Run Pane standard tests	2026-08-03T15:34:42.2175130Z Pane lifecycle PTY[1FD30627-7680-4258-B658-0C7F9E6DAB61] process termination requested pid=6115
SwiftPM standard and compatibility tests	Run Pane standard tests	2026-08-03T15:34:42.2175670Z Pane lifecycle session[5DA13D79-0079-4BBF-8F80-D803706468EB] created
SwiftPM standard and compatibility tests	Run Pane standard tests	2026-08-03T15:34:42.2176270Z Pane lifecycle PTY[8AE14CC0-B1C7-4772-B10A-0CE9B610504B] process started generation=1
SwiftPM standard and compatibility tests	Run Pane standard tests	2026-08-03T15:34:42.2176980Z Pane lifecycle PTY[70F96208-3DA0-4134-9B14-868E47BA8C19] process terminated pid=6069 outcome=killed
SwiftPM standard and compatibility tests	Run Pane standard tests	2026-08-03T15:34:42.2177800Z Pane lifecycle autocomplete[133BBC62-E898-49A5-87BD-F542085C111D] stopped
SwiftPM standard and compatibility tests	Run Pane standard tests	2026-08-03T15:34:42.2178520Z Pane lifecycle session[53C85647-2D33-4EB4-BECE-98BFFA5AF8D5] shutdown completed
SwiftPM standard and compatibility tests	Run Pane standard tests	2026-08-03T15:34:42.2179190Z Pane lifecycle session[53C85647-2D33-4EB4-BECE-98BFFA5AF8D5] deallocated
SwiftPM standard and compatibility tests	Run Pane standard tests	2026-08-03T15:34:42.2179840Z Pane lifecycle session[5DA13D79-0079-4BBF-8F80-D803706468EB] shutdown started
SwiftPM standard and compatibility tests	Run Pane standard tests	2026-08-03T15:34:42.2180420Z Pane lifecycle PTY[8AE14CC0-B1C7-4772-B10A-0CE9B610504B] process termination requested pid=6127
SwiftPM standard and compatibility tests	Run Pane standard tests	2026-08-03T15:34:42.2180980Z Pane lifecycle session[C9C2E177-E710-4C3C-848F-DBA36BB4FC3F] created
SwiftPM standard and compatibility tests	Run Pane standard tests	2026-08-03T15:34:42.2181620Z Pane lifecycle PTY[1FABED12-3804-42D8-9325-BA205FE6CD6D] process started generation=1
SwiftPM standard and compatibility tests	Run Pane standard tests	2026-08-03T15:34:42.2182700Z Pane lifecycle autocomplete[DF152203-A6F9-496C-ABF8-CEE29F355D1A] stopped
SwiftPM standard and compatibility tests	Run Pane standard tests	2026-08-03T15:34:42.2183390Z Pane lifecycle PTY[1FABED12-3804-42D8-9325-BA205FE6CD6D] process termination requested pid=6143
SwiftPM standard and compatibility tests	Run Pane standard tests	2026-08-03T15:34:42.2184330Z Pane lifecycle PTY[D011602D-F889-4699-A45A-EF1A415BAF78] process terminated pid=6108 outcome=killed
SwiftPM standard and compatibility tests	Run Pane standard tests	2026-08-03T15:34:42.2184960Z Pane lifecycle session[1EB7596D-725B-4C67-9D1F-BA8EDB9788F8] shutdown completed
SwiftPM standard and compatibility tests	Run Pane standard tests	2026-08-03T15:34:42.2185680Z Pane lifecycle PTY[1FD30627-7680-4258-B658-0C7F9E6DAB61] process terminated pid=6115 outcome=killed
SwiftPM standard and compatibility tests	Run Pane standard tests	2026-08-03T15:34:42.2187070Z Pane lifecycle session[FB418271-0967-4C15-9F77-37F962424B1D] shutdown completed
SwiftPM standard and compatibility tests	Run Pane standard tests	2026-08-03T15:34:42.2187570Z Pane lifecycle session[FB418271-0967-4C15-9F77-37F962424B1D] deallocated
SwiftPM standard and compatibility tests	Run Pane standard tests	2026-08-03T15:34:42.2188360Z Pane lifecycle PTY[8AE14CC0-B1C7-4772-B10A-0CE9B610504B] process terminated pid=6127 outcome=killed
SwiftPM standard and compatibility tests	Run Pane standard tests	2026-08-03T15:34:42.2189010Z Pane lifecycle session[5DA13D79-0079-4BBF-8F80-D803706468EB] shutdown completed
SwiftPM standard and compatibility tests	Run Pane standard tests	2026-08-03T15:34:42.2189590Z Pane lifecycle PTY[1FABED12-3804-42D8-9325-BA205FE6CD6D] process terminated pid=6143 outcome=killed
SwiftPM standard and compatibility tests	Run Pane standard tests	2026-08-03T15:34:42.2190210Z Pane lifecycle PTY[1FABED12-3804-42D8-9325-BA205FE6CD6D] process started generation=2
SwiftPM standard and compatibility tests	Run Pane standard tests	2026-08-03T15:34:42.2190890Z Pane lifecycle session[C9C2E177-E710-4C3C-848F-DBA36BB4FC3F] shutdown started
SwiftPM standard and compatibility tests	Run Pane standard tests	2026-08-03T15:34:42.2191660Z Pane lifecycle PTY[1FABED12-3804-42D8-9325-BA205FE6CD6D] process termination requested pid=6357
SwiftPM standard and compatibility tests	Run Pane standard tests	2026-08-03T15:34:42.2192410Z Pane lifecycle session[E80CE843-9349-47F4-A539-30874874B5E8] created
SwiftPM standard and compatibility tests	Run Pane standard tests	2026-08-03T15:34:42.2193250Z Pane lifecycle PTY[BA6415B1-29E2-4BF2-B8BD-EABDF1A5BA3F] process started generation=1
SwiftPM standard and compatibility tests	Run Pane standard tests	2026-08-03T15:34:42.2194270Z Pane lifecycle autocomplete[E125B43A-9E3E-43C0-85D8-0FC7A53D353F] stopped
SwiftPM standard and compatibility tests	Run Pane standard tests	2026-08-03T15:34:42.2194750Z Pane lifecycle session[E80CE843-9349-47F4-A539-30874874B5E8] shutdown started
SwiftPM standard and compatibility tests	Run Pane standard tests	2026-08-03T15:34:42.2195350Z Pane lifecycle PTY[BA6415B1-29E2-4BF2-B8BD-EABDF1A5BA3F] process termination requested pid=6375
SwiftPM standard and compatibility tests	Run Pane standard tests	2026-08-03T15:34:42.2195900Z Pane lifecycle session[25DBDE1F-D42D-40E4-8E3F-672034790429] created
SwiftPM standard and compatibility tests	Run Pane standard tests	2026-08-03T15:34:42.2196440Z Pane lifecycle PTY[945577DD-08A9-42CB-957C-EBE70E5595F8] process started generation=1
SwiftPM standard and compatibility tests	Run Pane standard tests	2026-08-03T15:34:42.2197160Z Pane lifecycle autocomplete[0D1C2D7C-4A13-4F0A-B178-B895856AB9AE] stopped
SwiftPM standard and compatibility tests	Run Pane standard tests	2026-08-03T15:34:42.2197690Z Pane lifecycle session[25DBDE1F-D42D-40E4-8E3F-672034790429] shutdown started
SwiftPM standard and compatibility tests	Run Pane standard tests	2026-08-03T15:34:42.2198860Z Pane lifecycle PTY[945577DD-08A9-42CB-957C-EBE70E5595F8] process termination requested pid=6404
SwiftPM standard and compatibility tests	Run Pane standard tests	2026-08-03T15:34:42.2199750Z Pane lifecycle session[348ACADF-0A1B-433F-99BF-E60BA5CBDBFC] created
SwiftPM standard and compatibility tests	Run Pane standard tests	2026-08-03T15:34:42.2200310Z Pane lifecycle autocomplete[1A5C4F61-C2CA-4E7D-A355-D06A517A1061] stopped
SwiftPM standard and compatibility tests	Run Pane standard tests	2026-08-03T15:34:42.2201270Z Pane lifecycle PTY[4EF4CDC3-0212-42A7-8170-CB10EF5E19B6] process started generation=1
SwiftPM standard and compatibility tests	Run Pane standard tests	2026-08-03T15:34:42.2201830Z Pane lifecycle session[348ACADF-0A1B-433F-99BF-E60BA5CBDBFC] shutdown started
SwiftPM standard and compatibility tests	Run Pane standard tests	2026-08-03T15:34:42.2202370Z Pane lifecycle PTY[4EF4CDC3-0212-42A7-8170-CB10EF5E19B6] process termination requested pid=6416
SwiftPM standard and compatibility tests	Run Pane standard tests	2026-08-03T15:34:42.2202970Z Pane lifecycle session[BDC4BA59-C891-4617-ACC2-50B71D60F5F2] created
SwiftPM standard and compatibility tests	Run Pane standard tests	2026-08-03T15:34:42.2203450Z Pane lifecycle autocomplete[ACBDA5D7-F21B-4F90-96D3-556982E35D1A] stopped
SwiftPM standard and compatibility tests	Run Pane standard tests	2026-08-03T15:34:42.2204000Z Pane lifecycle PTY[E28F293F-B319-4F9C-A102-ECF57D685160] process started generation=1
SwiftPM standard and compatibility tests	Run Pane standard tests	2026-08-03T15:34:42.2204520Z Pane lifecycle session[BDC4BA59-C891-4617-ACC2-50B71D60F5F2] shutdown started
SwiftPM standard and compatibility tests	Run Pane standard tests	2026-08-03T15:34:42.2205090Z Pane lifecycle PTY[E28F293F-B319-4F9C-A102-ECF57D685160] process termination requested pid=6427
SwiftPM standard and compatibility tests	Run Pane standard tests	2026-08-03T15:34:42.2205590Z Pane lifecycle session[5E9E1CEA-9DF4-4F48-884D-DF32C9DC05BE] created
SwiftPM standard and compatibility tests	Run Pane standard tests	2026-08-03T15:34:42.2206120Z Pane lifecycle PTY[E28F293F-B319-4F9C-A102-ECF57D685160] process terminated pid=6427 outcome=terminated
SwiftPM standard and compatibility tests	Run Pane standard tests	2026-08-03T15:34:42.2206710Z Pane lifecycle PTY[86CD382A-04AE-4F8A-AC9D-8D6AF538F96D] process started generation=1
SwiftPM standard and compatibility tests	Run Pane standard tests	2026-08-03T15:34:42.2207140Z Pane lifecycle autocomplete[26C8F702-6AD5-4975-812F-6DD042671679] stopped
SwiftPM standard and compatibility tests	Run Pane standard tests	2026-08-03T15:34:42.2207540Z Pane lifecycle session[BDC4BA59-C891-4617-ACC2-50B71D60F5F2] shutdown completed
SwiftPM standard and compatibility tests	Run Pane standard tests	2026-08-03T15:34:42.2207950Z Pane lifecycle session[BDC4BA59-C891-4617-ACC2-50B71D60F5F2] deallocated
SwiftPM standard and compatibility tests	Run Pane standard tests	2026-08-03T15:34:42.2208800Z Pane lifecycle session[5E9E1CEA-9DF4-4F48-884D-DF32C9DC05BE] shutdown started
SwiftPM standard and compatibility tests	Run Pane standard tests	2026-08-03T15:34:42.2209270Z Pane lifecycle PTY[86CD382A-04AE-4F8A-AC9D-8D6AF538F96D] process termination requested pid=6428
SwiftPM standard and compatibility tests	Run Pane standard tests	2026-08-03T15:34:42.2209790Z Pane lifecycle PTY[1FABED12-3804-42D8-9325-BA205FE6CD6D] process terminated pid=6357 outcome=killed
SwiftPM standard and compatibility tests	Run Pane standard tests	2026-08-03T15:34:42.2210310Z Pane lifecycle session[C9C2E177-E710-4C3C-848F-DBA36BB4FC3F] shutdown completed
SwiftPM standard and compatibility tests	Run Pane standard tests	2026-08-03T15:34:42.2210720Z Pane lifecycle session[820BE004-D096-41E4-BF33-D3EFE5D14572] created
SwiftPM standard and compatibility tests	Run Pane standard tests	2026-08-03T15:34:42.2211090Z Pane lifecycle session[C9C2E177-E710-4C3C-848F-DBA36BB4FC3F] deallocated
SwiftPM standard and compatibility tests	Run Pane standard tests	2026-08-03T15:34:42.2211470Z Pane lifecycle autocomplete[D3A49E23-8A36-468F-A54B-13837198B92D] stopped
SwiftPM standard and compatibility tests	Run Pane standard tests	2026-08-03T15:34:42.2211880Z Pane lifecycle PTY[56EE71C4-6148-433B-BAE0-95CE425CEF46] process started generation=1
SwiftPM standard and compatibility tests	Run Pane standard tests	2026-08-03T15:34:42.2212320Z Pane lifecycle session[820BE004-D096-41E4-BF33-D3EFE5D14572] shutdown started
SwiftPM standard and compatibility tests	Run Pane standard tests	2026-08-03T15:34:42.2212780Z Pane lifecycle PTY[56EE71C4-6148-433B-BAE0-95CE425CEF46] process termination requested pid=6442
SwiftPM standard and compatibility tests	Run Pane standard tests	2026-08-03T15:34:42.2213230Z Pane lifecycle autocomplete[E1BD8284-0A92-4F28-AD70-24496F04E78B] stopped
SwiftPM standard and compatibility tests	Run Pane standard tests	2026-08-03T15:34:42.2213700Z Pane lifecycle PTY[BA6415B1-29E2-4BF2-B8BD-EABDF1A5BA3F] process terminated pid=6375 outcome=killed
SwiftPM standard and compatibility tests	Run Pane standard tests	2026-08-03T15:34:42.2214180Z Pane lifecycle session[E80CE843-9349-47F4-A539-30874874B5E8] shutdown completed
SwiftPM standard and compatibility tests	Run Pane standard tests	2026-08-03T15:34:42.2214580Z Pane lifecycle session[E80CE843-9349-47F4-A539-30874874B5E8] deallocated
SwiftPM standard and compatibility tests	Run Pane standard tests	2026-08-03T15:34:42.2215030Z Pane lifecycle PTY[945577DD-08A9-42CB-957C-EBE70E5595F8] process terminated pid=6404 outcome=killed
SwiftPM standard and compatibility tests	Run Pane standard tests	2026-08-03T15:34:42.2215520Z Pane lifecycle session[25DBDE1F-D42D-40E4-8E3F-672034790429] shutdown completed
SwiftPM standard and compatibility tests	Run Pane standard tests	2026-08-03T15:34:42.2215920Z Pane lifecycle session[25DBDE1F-D42D-40E4-8E3F-672034790429] deallocated
SwiftPM standard and compatibility tests	Run Pane standard tests	2026-08-03T15:34:42.2216410Z Pane lifecycle PTY[4EF4CDC3-0212-42A7-8170-CB10EF5E19B6] process terminated pid=6416 outcome=killed
SwiftPM standard and compatibility tests	Run Pane standard tests	2026-08-03T15:34:42.2216900Z Pane lifecycle session[348ACADF-0A1B-433F-99BF-E60BA5CBDBFC] shutdown completed
SwiftPM standard and compatibility tests	Run Pane standard tests	2026-08-03T15:34:42.2217310Z Pane lifecycle session[348ACADF-0A1B-433F-99BF-E60BA5CBDBFC] deallocated
SwiftPM standard and compatibility tests	Run Pane standard tests	2026-08-03T15:34:42.2217770Z Pane lifecycle PTY[86CD382A-04AE-4F8A-AC9D-8D6AF538F96D] process terminated pid=6428 outcome=killed
SwiftPM standard and compatibility tests	Run Pane standard tests	2026-08-03T15:34:42.2218380Z Pane lifecycle session[5E9E1CEA-9DF4-4F48-884D-DF32C9DC05BE] shutdown completed
SwiftPM standard and compatibility tests	Run Pane standard tests	2026-08-03T15:34:42.2218860Z Pane lifecycle PTY[56EE71C4-6148-433B-BAE0-95CE425CEF46] process terminated pid=6442 outcome=killed
SwiftPM standard and compatibility tests	Run Pane standard tests	2026-08-03T15:34:42.2219340Z Pane lifecycle session[820BE004-D096-41E4-BF33-D3EFE5D14572] shutdown completed
SwiftPM standard and compatibility tests	Run Pane standard tests	2026-08-03T15:34:42.2219740Z Pane lifecycle session[820BE004-D096-41E4-BF33-D3EFE5D14572] deallocated
SwiftPM standard and compatibility tests	Run Pane standard tests	2026-08-03T15:34:42.2220100Z Pane lifecycle session[0B284860-8400-471D-B94D-D0EA95A4B3E2] created
SwiftPM standard and compatibility tests	Run Pane standard tests	2026-08-03T15:34:42.2220510Z Pane lifecycle PTY[CE208E87-551F-47C7-90D0-37ADB9B9B588] process started generation=1
SwiftPM standard and compatibility tests	Run Pane standard tests	2026-08-03T15:34:42.2220940Z Pane lifecycle session[0B284860-8400-471D-B94D-D0EA95A4B3E2] shutdown started
SwiftPM standard and compatibility tests	Run Pane standard tests	2026-08-03T15:34:42.2221470Z Pane lifecycle PTY[CE208E87-551F-47C7-90D0-37ADB9B9B588] process termination requested pid=6455
SwiftPM standard and compatibility tests	Run Pane standard tests	2026-08-03T15:34:42.2221940Z Pane lifecycle session[B0BD0CA4-B68B-4524-AFB2-3BCE86B1A3FF] created
SwiftPM standard and compatibility tests	Run Pane standard tests	2026-08-03T15:34:42.2222350Z Pane lifecycle PTY[0E2590E3-76E8-4B5D-A808-C90E14F958DD] process started generation=1
SwiftPM standard and compatibility tests	Run Pane standard tests	2026-08-03T15:34:42.2222770Z Pane lifecycle autocomplete[899A46A1-8F67-4746-BA57-F6E810A56603] stopped
SwiftPM standard and compatibility tests	Run Pane standard tests	2026-08-03T15:34:42.2223170Z Pane lifecycle session[B0BD0CA4-B68B-4524-AFB2-3BCE86B1A3FF] shutdown started
SwiftPM standard and compatibility tests	Run Pane standard tests	2026-08-03T15:34:42.2223630Z Pane lifecycle PTY[0E2590E3-76E8-4B5D-A808-C90E14F958DD] process termination requested pid=6466
SwiftPM standard and compatibility tests	Run Pane standard tests	2026-08-03T15:34:42.2224060Z Pane lifecycle session[13589FF1-93C4-4559-82E6-9DFEA696AA86] created
SwiftPM standard and compatibility tests	Run Pane standard tests	2026-08-03T15:34:42.2224430Z Pane lifecycle session[13589FF1-93C4-4559-82E6-9DFEA696AA86] shutdown started
SwiftPM standard and compatibility tests	Run Pane standard tests	2026-08-03T15:34:42.2224920Z Pane lifecycle session[E2130C3A-E724-4DF4-A89B-1582565DDADF] created
SwiftPM standard and compatibility tests	Run Pane standard tests	2026-08-03T15:34:42.2225330Z Pane lifecycle PTY[CF2604B9-EC6D-4646-8A4A-50BEBC73591A] process started generation=1
SwiftPM standard and compatibility tests	Run Pane standard tests	2026-08-03T15:34:42.2225760Z Pane lifecycle autocomplete[4D268FA3-87ED-4CF6-AA04-F475B8A8A544] stopped
SwiftPM standard and compatibility tests	Run Pane standard tests	2026-08-03T15:34:42.2226140Z Pane lifecycle autocomplete[CDD73587-10F6-45BC-BD95-E4441B70C04A] stopped
SwiftPM standard and compatibility tests	Run Pane standard tests	2026-08-03T15:34:42.2226540Z Pane lifecycle session[13589FF1-93C4-4559-82E6-9DFEA696AA86] shutdown completed
SwiftPM standard and compatibility tests	Run Pane standard tests	2026-08-03T15:34:42.2226940Z Pane lifecycle session[13589FF1-93C4-4559-82E6-9DFEA696AA86] deallocated
SwiftPM standard and compatibility tests	Run Pane standard tests	2026-08-03T15:34:42.2227340Z Pane lifecycle session[E2130C3A-E724-4DF4-A89B-1582565DDADF] shutdown started
SwiftPM standard and compatibility tests	Run Pane standard tests	2026-08-03T15:34:42.2227840Z Pane lifecycle PTY[CF2604B9-EC6D-4646-8A4A-50BEBC73591A] process termination requested pid=6483
SwiftPM standard and compatibility tests	Run Pane standard tests	2026-08-03T15:34:42.2228290Z Pane lifecycle session[600CEB0C-F127-4B49-97D8-23783C214703] created
SwiftPM standard and compatibility tests	Run Pane standard tests	2026-08-03T15:34:42.2229300Z Pane lifecycle PTY[5A329B87-48E8-4240-B523-7C6CEA621932] process started generation=1
SwiftPM standard and compatibility tests	Run Pane standard tests	2026-08-03T15:34:42.2229930Z Pane lifecycle autocomplete[2974E21B-88F4-4E0F-A45B-63CBEB1970AC] stopped
SwiftPM standard and compatibility tests	Run Pane standard tests	2026-08-03T15:34:42.2230410Z Pane lifecycle session[600CEB0C-F127-4B49-97D8-23783C214703] shutdown started
SwiftPM standard and compatibility tests	Run Pane standard tests	2026-08-03T15:34:42.2230990Z Pane lifecycle PTY[5A329B87-48E8-4240-B523-7C6CEA621932] process termination requested pid=6490
SwiftPM standard and compatibility tests	Run Pane standard tests	2026-08-03T15:34:42.2231440Z Pane lifecycle session[4CA0BB05-18B2-400B-9364-CB5321D2BCAE] created
SwiftPM standard and compatibility tests	Run Pane standard tests	2026-08-03T15:34:42.2231840Z Pane lifecycle PTY[97941D29-AC67-4D6D-8CCD-20CB32A4C886] process started generation=1
SwiftPM standard and compatibility tests	Run Pane standard tests	2026-08-03T15:34:42.2232290Z Pane lifecycle autocomplete[0ED666A4-F947-40E2-9B82-536FAB98FC23] stopped
SwiftPM standard and compatibility tests	Run Pane standard tests	2026-08-03T15:34:42.2232930Z Pane lifecycle session[4CA0BB05-18B2-400B-9364-CB5321D2BCAE] shutdown started
SwiftPM standard and compatibility tests	Run Pane standard tests	2026-08-03T15:34:42.2233560Z Pane lifecycle PTY[97941D29-AC67-4D6D-8CCD-20CB32A4C886] process termination requested pid=6501
SwiftPM standard and compatibility tests	Run Pane standard tests	2026-08-03T15:34:42.2234080Z Pane lifecycle session[C5A9CF75-FA65-47A5-9FB1-0A8BDABD6D35] created
SwiftPM standard and compatibility tests	Run Pane standard tests	2026-08-03T15:34:42.2234560Z Pane lifecycle PTY[E15476E9-7FE5-47AF-808A-F0B4638018A5] process started generation=1
SwiftPM standard and compatibility tests	Run Pane standard tests	2026-08-03T15:34:42.2235100Z Pane lifecycle PTY[CE208E87-551F-47C7-90D0-37ADB9B9B588] process terminated pid=6455 outcome=killed
SwiftPM standard and compatibility tests	Run Pane standard tests	2026-08-03T15:34:42.2235570Z Pane lifecycle autocomplete[92D8A70A-1A98-4956-8B21-3C944B774818] stopped
SwiftPM standard and compatibility tests	Run Pane standard tests	2026-08-03T15:34:42.2236210Z Pane lifecycle session[0B284860-8400-471D-B94D-D0EA95A4B3E2] shutdown completed
SwiftPM standard and compatibility tests	Run Pane standard tests	2026-08-03T15:34:42.2237190Z Pane lifecycle session[0B284860-8400-471D-B94D-D0EA95A4B3E2] deallocated
SwiftPM standard and compatibility tests	Run Pane standard tests	2026-08-03T15:34:42.2237720Z Pane lifecycle PTY[0E2590E3-76E8-4B5D-A808-C90E14F958DD] process terminated pid=6466 outcome=killed
SwiftPM standard and compatibility tests	Run Pane standard tests	2026-08-03T15:34:42.2238310Z Pane lifecycle session[B0BD0CA4-B68B-4524-AFB2-3BCE86B1A3FF] shutdown completed
SwiftPM standard and compatibility tests	Run Pane standard tests	2026-08-03T15:34:42.2238730Z Pane lifecycle session[B0BD0CA4-B68B-4524-AFB2-3BCE86B1A3FF] deallocated
SwiftPM standard and compatibility tests	Run Pane standard tests	2026-08-03T15:34:42.2239130Z Pane lifecycle session[C5A9CF75-FA65-47A5-9FB1-0A8BDABD6D35] shutdown started
SwiftPM standard and compatibility tests	Run Pane standard tests	2026-08-03T15:34:42.2239600Z Pane lifecycle PTY[E15476E9-7FE5-47AF-808A-F0B4638018A5] process termination requested pid=6512
SwiftPM standard and compatibility tests	Run Pane standard tests	2026-08-03T15:34:42.2240050Z Pane lifecycle session[B58DA804-91DA-4B73-ACC6-B6B1774E624C] created
SwiftPM standard and compatibility tests	Run Pane standard tests	2026-08-03T15:34:42.2240460Z Pane lifecycle PTY[C9F3BC94-4542-45CE-8F5C-AECDA05D6AF6] process started generation=1
SwiftPM standard and compatibility tests	Run Pane standard tests	2026-08-03T15:34:42.2240890Z Pane lifecycle autocomplete[B2D82DF1-58F0-4C02-90BE-846374A6C148] stopped
SwiftPM standard and compatibility tests	Run Pane standard tests	2026-08-03T15:34:42.2241300Z Pane lifecycle session[B58DA804-91DA-4B73-ACC6-B6B1774E624C] shutdown started
SwiftPM standard and compatibility tests	Run Pane standard tests	2026-08-03T15:34:42.2241760Z Pane lifecycle PTY[C9F3BC94-4542-45CE-8F5C-AECDA05D6AF6] process termination requested pid=6524
SwiftPM standard and compatibility tests	Run Pane standard tests	2026-08-03T15:34:42.2242200Z Pane lifecycle session[1887C528-3E25-4BD6-A57F-4B7344F17C25] created
SwiftPM standard and compatibility tests	Run Pane standard tests	2026-08-03T15:34:42.2242600Z Pane lifecycle PTY[F94FFCFE-F3A4-4755-B816-7D965FF59B51] process started generation=1
SwiftPM standard and compatibility tests	Run Pane standard tests	2026-08-03T15:34:42.2243040Z Pane lifecycle autocomplete[55A8C385-BE2A-420E-BC4F-6F8CAE91ADB9] stopped
SwiftPM standard and compatibility tests	Run Pane standard tests	2026-08-03T15:34:42.2243530Z Pane lifecycle session[1887C528-3E25-4BD6-A57F-4B7344F17C25] shutdown started
SwiftPM standard and compatibility tests	Run Pane standard tests	2026-08-03T15:34:42.2244230Z Pane lifecycle PTY[F94FFCFE-F3A4-4755-B816-7D965FF59B51] process termination requested pid=6529
SwiftPM standard and compatibility tests	Run Pane standard tests	2026-08-03T15:34:42.2244700Z Pane lifecycle session[D0BD2D9F-A2EB-46E4-9A85-8EB8B7223719] created
SwiftPM standard and compatibility tests	Run Pane standard tests	2026-08-03T15:34:42.2245070Z Pane lifecycle autocomplete[BB345773-9BBA-4F2C-BF58-226EA88A3FDD] stopped
SwiftPM standard and compatibility tests	Run Pane standard tests	2026-08-03T15:34:42.2245500Z Pane lifecycle PTY[919D1F4E-C355-4414-B8D9-E2B015D3AA95] process started generation=1
SwiftPM standard and compatibility tests	Run Pane standard tests	2026-08-03T15:34:42.2246000Z Pane lifecycle PTY[CF2604B9-EC6D-4646-8A4A-50BEBC73591A] process terminated pid=6483 outcome=killed
SwiftPM standard and compatibility tests	Run Pane standard tests	2026-08-03T15:34:42.2246480Z Pane lifecycle session[E2130C3A-E724-4DF4-A89B-1582565DDADF] shutdown completed
SwiftPM standard and compatibility tests	Run Pane standard tests	2026-08-03T15:34:42.2246890Z Pane lifecycle session[E2130C3A-E724-4DF4-A89B-1582565DDADF] deallocated
SwiftPM standard and compatibility tests	Run Pane standard tests	2026-08-03T15:34:42.2247340Z Pane lifecycle PTY[5A329B87-48E8-4240-B523-7C6CEA621932] process terminated pid=6490 outcome=killed
SwiftPM standard and compatibility tests	Run Pane standard tests	2026-08-03T15:34:42.2247820Z Pane lifecycle session[600CEB0C-F127-4B49-97D8-23783C214703] shutdown completed
SwiftPM standard and compatibility tests	Run Pane standard tests	2026-08-03T15:34:42.2248220Z Pane lifecycle session[600CEB0C-F127-4B49-97D8-23783C214703] deallocated
SwiftPM standard and compatibility tests	Run Pane standard tests	2026-08-03T15:34:42.2248680Z Pane lifecycle PTY[97941D29-AC67-4D6D-8CCD-20CB32A4C886] process terminated pid=6501 outcome=killed
SwiftPM standard and compatibility tests	Run Pane standard tests	2026-08-03T15:34:42.2249160Z Pane lifecycle session[4CA0BB05-18B2-400B-9364-CB5321D2BCAE] shutdown completed
SwiftPM standard and compatibility tests	Run Pane standard tests	2026-08-03T15:34:42.2249570Z Pane lifecycle session[4CA0BB05-18B2-400B-9364-CB5321D2BCAE] deallocated
SwiftPM standard and compatibility tests	Run Pane standard tests	2026-08-03T15:34:42.2249990Z Pane lifecycle session[D0BD2D9F-A2EB-46E4-9A85-8EB8B7223719] shutdown started
SwiftPM standard and compatibility tests	Run Pane standard tests	2026-08-03T15:34:42.2250460Z Pane lifecycle PTY[919D1F4E-C355-4414-B8D9-E2B015D3AA95] process termination requested pid=6534
SwiftPM standard and compatibility tests	Run Pane standard tests	2026-08-03T15:34:42.2250890Z Pane lifecycle session[35B8E0E0-DA76-4390-B9F7-B262A85655C7] created
SwiftPM standard and compatibility tests	Run Pane standard tests	2026-08-03T15:34:42.2251300Z Pane lifecycle PTY[3CAD9D62-677D-4E10-8BF3-6F4FAD0D2CCB] process started generation=1
SwiftPM standard and compatibility tests	Run Pane standard tests	2026-08-03T15:34:42.2251730Z Pane lifecycle autocomplete[8B885B1E-7123-4EDD-A06E-9546A7048612] stopped
SwiftPM standard and compatibility tests	Run Pane standard tests	2026-08-03T15:34:42.2252120Z Pane lifecycle session[35B8E0E0-DA76-4390-B9F7-B262A85655C7] shutdown started
SwiftPM standard and compatibility tests	Run Pane standard tests	2026-08-03T15:34:42.2252590Z Pane lifecycle PTY[3CAD9D62-677D-4E10-8BF3-6F4FAD0D2CCB] process termination requested pid=6541
SwiftPM standard and compatibility tests	Run Pane standard tests	2026-08-03T15:34:42.2253020Z Pane lifecycle session[66903218-7103-438A-B455-676028FFB3B0] created
SwiftPM standard and compatibility tests	Run Pane standard tests	2026-08-03T15:34:42.2253430Z Pane lifecycle PTY[CED3F0BF-C8C2-432A-9F5A-3702C519EFE4] process started generation=1
SwiftPM standard and compatibility tests	Run Pane standard tests	2026-08-03T15:34:42.2253930Z Pane lifecycle autocomplete[7E7E9DCD-19CC-48EC-8530-F6D254394FF5] stopped
SwiftPM standard and compatibility tests	Run Pane standard tests	2026-08-03T15:34:42.2254390Z Pane lifecycle PTY[E15476E9-7FE5-47AF-808A-F0B4638018A5] process terminated pid=6512 outcome=killed
SwiftPM standard and compatibility tests	Run Pane standard tests	2026-08-03T15:34:42.2254880Z Pane lifecycle session[C5A9CF75-FA65-47A5-9FB1-0A8BDABD6D35] shutdown completed
SwiftPM standard and compatibility tests	Run Pane standard tests	2026-08-03T15:34:42.2255330Z Pane lifecycle session[C5A9CF75-FA65-47A5-9FB1-0A8BDABD6D35] deallocated
SwiftPM standard and compatibility tests	Run Pane standard tests	2026-08-03T15:34:42.2255840Z Pane lifecycle PTY[C9F3BC94-4542-45CE-8F5C-AECDA05D6AF6] process terminated pid=6524 outcome=killed
SwiftPM standard and compatibility tests	Run Pane standard tests	2026-08-03T15:34:42.2256310Z Pane lifecycle session[66903218-7103-438A-B455-676028FFB3B0] shutdown started
SwiftPM standard and compatibility tests	Run Pane standard tests	2026-08-03T15:34:42.2256780Z Pane lifecycle PTY[CED3F0BF-C8C2-432A-9F5A-3702C519EFE4] process termination requested pid=6552
SwiftPM standard and compatibility tests	Run Pane standard tests	2026-08-03T15:34:42.2257250Z Pane lifecycle session[B58DA804-91DA-4B73-ACC6-B6B1774E624C] shutdown completed
SwiftPM standard and compatibility tests	Run Pane standard tests	2026-08-03T15:34:42.2257640Z Pane lifecycle session[7D2AC5CF-68BD-4276-86DA-4FDEB03303ED] created
SwiftPM standard and compatibility tests	Run Pane standard tests	2026-08-03T15:34:42.2258010Z Pane lifecycle session[B58DA804-91DA-4B73-ACC6-B6B1774E624C] deallocated
SwiftPM standard and compatibility tests	Run Pane standard tests	2026-08-03T15:34:42.2258440Z Pane lifecycle PTY[C7380947-5D19-456A-95A5-DFB3617E8307] process started generation=1
SwiftPM standard and compatibility tests	Run Pane standard tests	2026-08-03T15:34:42.2258860Z Pane lifecycle autocomplete[A3953A96-D31F-409C-9B06-A287FCDCCEA3] stopped
SwiftPM standard and compatibility tests	Run Pane standard tests	2026-08-03T15:34:42.2259320Z Pane lifecycle PTY[F94FFCFE-F3A4-4755-B816-7D965FF59B51] process terminated pid=6529 outcome=killed
SwiftPM standard and compatibility tests	Run Pane standard tests	2026-08-03T15:34:42.2259800Z Pane lifecycle session[1887C528-3E25-4BD6-A57F-4B7344F17C25] shutdown completed
SwiftPM standard and compatibility tests	Run Pane standard tests	2026-08-03T15:34:42.2260190Z Pane lifecycle session[1887C528-3E25-4BD6-A57F-4B7344F17C25] deallocated
SwiftPM standard and compatibility tests	Run Pane standard tests	2026-08-03T15:34:42.2260670Z Pane lifecycle session[7D2AC5CF-68BD-4276-86DA-4FDEB03303ED] shutdown started
SwiftPM standard and compatibility tests	Run Pane standard tests	2026-08-03T15:34:42.2261130Z Pane lifecycle PTY[C7380947-5D19-456A-95A5-DFB3617E8307] process termination requested pid=6566
SwiftPM standard and compatibility tests	Run Pane standard tests	2026-08-03T15:34:42.2261570Z Pane lifecycle session[EC7915CE-3BB2-4AA3-98D1-AE0C511D0FAE] created
SwiftPM standard and compatibility tests	Run Pane standard tests	2026-08-03T15:34:42.2261940Z Pane lifecycle session[D84641E4-A87C-492F-9992-950145CEA0A3] created
SwiftPM standard and compatibility tests	Run Pane standard tests	2026-08-03T15:34:42.2262380Z Pane lifecycle PTY[919D1F4E-C355-4414-B8D9-E2B015D3AA95] process terminated pid=6534 outcome=killed
SwiftPM standard and compatibility tests	Run Pane standard tests	2026-08-03T15:34:42.2262830Z Pane lifecycle session[EC7915CE-3BB2-4AA3-98D1-AE0C511D0FAE] deallocated
SwiftPM standard and compatibility tests	Run Pane standard tests	2026-08-03T15:34:44.4822410Z Pane lifecycle PTY[40D9494F-4D64-4554-B18F-37561E509A7C] process started generation=1
SwiftPM standard and compatibility tests	Run Pane standard tests	2026-08-03T15:34:44.4940090Z Pane lifecycle session[D0BD2D9F-A2EB-46E4-9A85-8EB8B7223719] shutdown completed
SwiftPM standard and compatibility tests	Run Pane standard tests	2026-08-03T15:34:44.4942340Z Pane lifecycle autocomplete[D76F3977-3C2D-4804-B0B2-F30BE67CEAFC] stopped
SwiftPM standard and compatibility tests	Run Pane standard tests	2026-08-03T15:34:44.5077050Z Pane lifecycle session[D0BD2D9F-A2EB-46E4-9A85-8EB8B7223719] deallocated
SwiftPM standard and compatibility tests	Run Pane standard tests	2026-08-03T15:34:44.5178020Z Pane lifecycle PTY[3CAD9D62-677D-4E10-8BF3-6F4FAD0D2CCB] process terminated pid=6541 outcome=killed
SwiftPM standard and compatibility tests	Run Pane standard tests	2026-08-03T15:34:44.5279410Z Pane lifecycle session[35B8E0E0-DA76-4390-B9F7-B262A85655C7] shutdown completed
SwiftPM standard and compatibility tests	Run Pane standard tests	2026-08-03T15:34:44.5380910Z Pane lifecycle session[35B8E0E0-DA76-4390-B9F7-B262A85655C7] deallocated
SwiftPM standard and compatibility tests	Run Pane standard tests	2026-08-03T15:34:44.5414620Z Pane lifecycle session[D84641E4-A87C-492F-9992-950145CEA0A3] shutdown started
SwiftPM standard and compatibility tests	Run Pane standard tests	2026-08-03T15:34:44.5432190Z Pane lifecycle PTY[40D9494F-4D64-4554-B18F-37561E509A7C] process termination requested pid=6580
SwiftPM standard and compatibility tests	Run Pane standard tests	2026-08-03T15:34:44.5438900Z Pane lifecycle session[56DBD6CA-1D28-4118-9837-A1E0F393CA6B] created
SwiftPM standard and compatibility tests	Run Pane standard tests	2026-08-03T15:34:44.5439700Z Pane lifecycle PTY[BE9AE94E-1A86-4968-B10B-3ACF7029A277] process started generation=1
SwiftPM standard and compatibility tests	Run Pane standard tests	2026-08-03T15:34:44.5440370Z Pane lifecycle autocomplete[FBE44DC1-AFCA-4875-A777-F0E28A0AEF6F] stopped
SwiftPM standard and compatibility tests	Run Pane standard tests	2026-08-03T15:34:44.5441070Z Pane lifecycle PTY[CED3F0BF-C8C2-432A-9F5A-3702C519EFE4] process terminated pid=6552 outcome=killed
SwiftPM standard and compatibility tests	Run Pane standard tests	2026-08-03T15:34:44.5441800Z Pane lifecycle session[66903218-7103-438A-B455-676028FFB3B0] shutdown completed
SwiftPM standard and compatibility tests	Run Pane standard tests	2026-08-03T15:34:44.5442410Z Pane lifecycle session[66903218-7103-438A-B455-676028FFB3B0] deallocated
SwiftPM standard and compatibility tests	Run Pane standard tests	2026-08-03T15:34:44.5443010Z Pane lifecycle session[56DBD6CA-1D28-4118-9837-A1E0F393CA6B] shutdown started
SwiftPM standard and compatibility tests	Run Pane standard tests	2026-08-03T15:34:44.5444150Z Pane lifecycle PTY[BE9AE94E-1A86-4968-B10B-3ACF7029A277] process termination requested pid=6585
SwiftPM standard and compatibility tests	Run Pane standard tests	2026-08-03T15:34:44.5444830Z Pane lifecycle session[AFB90714-B7FF-489F-9542-11898168F446] created
SwiftPM standard and compatibility tests	Run Pane standard tests	2026-08-03T15:34:44.5445930Z Pane lifecycle autocomplete[4691667F-AD83-4997-ADD3-F228B39B7F5D] stopped
SwiftPM standard and compatibility tests	Run Pane standard tests	2026-08-03T15:34:44.5446620Z Pane lifecycle PTY[774677A3-4292-4673-A501-8C1E2379E3D3] process started generation=1
SwiftPM standard and compatibility tests	Run Pane standard tests	2026-08-03T15:34:44.5448230Z Pane lifecycle PTY[774677A3-4292-4673-A501-8C1E2379E3D3] process termination requested pid=6600
SwiftPM standard and compatibility tests	Run Pane standard tests	2026-08-03T15:34:44.5449570Z Pane lifecycle PTY[C7380947-5D19-456A-95A5-DFB3617E8307] process terminated pid=6566 outcome=killed
SwiftPM standard and compatibility tests	Run Pane standard tests	2026-08-03T15:34:44.5450140Z Pane lifecycle session[7D2AC5CF-68BD-4276-86DA-4FDEB03303ED] shutdown completed
SwiftPM standard and compatibility tests	Run Pane standard tests	2026-08-03T15:34:44.5450600Z Pane lifecycle session[7D2AC5CF-68BD-4276-86DA-4FDEB03303ED] deallocated
SwiftPM standard and compatibility tests	Run Pane standard tests	2026-08-03T15:34:44.5451080Z Pane lifecycle PTY[40D9494F-4D64-4554-B18F-37561E509A7C] process terminated pid=6580 outcome=killed
SwiftPM standard and compatibility tests	Run Pane standard tests	2026-08-03T15:34:44.5452210Z Pane lifecycle session[D84641E4-A87C-492F-9992-9501Test Case '-[PaneTests.TerminalSessionIntegrationTests testRestartPersistsActiveCommandAsInterruptedWithStableIDAndOutput]' passed (1.215 seconds).
SwiftPM standard and compatibility tests	Run Pane standard tests	2026-08-03T15:34:44.5453250Z Test Case '-[PaneTests.TerminalSessionIntegrationTests testSearchFromFullTerminalReturnsToAuthoritativeTerminal]' started.
SwiftPM standard and compatibility tests	Run Pane standard tests	2026-08-03T15:34:44.5454110Z Test Case '-[PaneTests.TerminalSessionIntegrationTests testSearchFromFullTerminalReturnsToAuthoritativeTerminal]' passed (0.059 seconds).
SwiftPM standard and compatibility tests	Run Pane standard tests	2026-08-03T15:34:44.5455430Z Test Case '-[PaneTests.TerminalSessionIntegrationTests testSearchPresentationAdvancesFocusGenerationAndRestoresComposer]' started.
SwiftPM standard and compatibility tests	Run Pane standard tests	2026-08-03T15:34:44.5456360Z Test Case '-[PaneTests.TerminalSessionIntegrationTests testSearchPresentationAdvancesFocusGenerationAndRestoresComposer]' passed (0.001 seconds).
SwiftPM standard and compatibility tests	Run Pane standard tests	2026-08-03T15:34:44.5457310Z Test Case '-[PaneTests.TerminalSessionIntegrationTests testSecureInputFocusIntentOverridesAndSafelyReturnsToComposer]' started.
SwiftPM standard and compatibility tests	Run Pane standard tests	2026-08-03T15:34:44.5458180Z Test Case '-[PaneTests.TerminalSessionIntegrationTests testSecureInputFocusIntentOverridesAndSafelyReturnsToComposer]' passed (0.049 seconds).
SwiftPM standard and compatibility tests	Run Pane standard tests	2026-08-03T15:34:44.5459080Z Test Case '-[PaneTests.TerminalSessionIntegrationTests testShellBuiltinReadSilentEntersSecureModeWithoutLeakingInput]' started.
SwiftPM standard and compatibility tests	Run Pane standard tests	2026-08-03T15:34:44.5462460Z Test Case '-[PaneTests.TerminalSessionIntegrationTests testShellBuiltinReadSilentEntersSecureModeWithoutLeakingInput]' passed (0.137 seconds).
SwiftPM standard and compatibility tests	Run Pane standard tests	2026-08-03T15:34:44.5463920Z Test Case '-[PaneTests.TerminalSessionIntegrationTests testShellInitializationBlocksDraftSubmissionUntilReady]' started.
SwiftPM standard and compatibility tests	Run Pane standard tests	2026-08-03T15:34:44.5464850Z Test Case '-[PaneTests.TerminalSessionIntegrationTests testShellInitializationBlocksDraftSubmissionUntilReady]' passed (0.074 seconds).
SwiftPM standard and compatibility tests	Run Pane standard tests	2026-08-03T15:34:44.5465720Z Test Case '-[PaneTests.TerminalSessionIntegrationTests testStaleFocusGenerationIsIgnored]' started.
SwiftPM standard and compatibility tests	Run Pane standard tests	2026-08-03T15:34:44.5466510Z Test Case '-[PaneTests.TerminalSessionIntegrationTests testStaleFocusGenerationIsIgnored]' passed (0.001 seconds).
SwiftPM standard and compatibility tests	Run Pane standard tests	2026-08-03T15:34:44.5468110Z Test Case '-[PaneTests.TerminalSessionIntegrationTests testStandardCopyCommandSanitizesSecrets]' started.
SwiftPM standard and compatibility tests	Run Pane standard tests	2026-08-03T15:34:44.5469220Z Test Case '-[PaneTests.TerminalSessionIntegrationTests testStandardCopyCommandSanitizesSecrets]' passed (0.002 seconds).
SwiftPM standard and compatibility tests	Run Pane standard tests	2026-08-03T15:34:44.5470740Z Test Case '-[PaneTests.TerminalSessionIntegrationTests testTerminalModePassesLiteralTabByteToPTY]' started.
SwiftPM standard and compatibility tests	Run Pane standard tests	2026-08-03T15:34:44.5471670Z Test Case '-[PaneTests.TerminalSessionIntegrationTests testTerminalModePassesLiteralTabByteToPTY]' passed (0.252 seconds).
SwiftPM standard and compatibility tests	Run Pane standard tests	2026-08-03T15:34:44.5472500Z Test Case '-[PaneTests.TerminalSessionIntegrationTests testTerminalRepresentableUpdatePreservesSearchFieldFocus]' started.
SwiftPM standard and compatibility tests	Run Pane standard tests	2026-08-03T15:34:44.5474020Z Test Case '-[PaneTests.TerminalSessionIntegrationTests testTerminalRepresentableUpdatePreservesSearchFieldFocus]' passed (0.089 seconds).
SwiftPM standard and compatibility tests	Run Pane standard tests	2026-08-03T15:34:44.5485130Z Test Case '-[PaneTests.TerminalSessionIntegrationTests testUnexpectedShellExitPersistsActiveCommandAsInterrupted]' started.
SwiftPM standard and compatibility tests	Run Pane standard tests	2026-08-03T15:34:44.5486380Z Test Case '-[PaneTests.TerminalSessionIntegrationTests testUnexpectedShellExitPersistsActiveCommandAsInterrupted]' passed (0.140 seconds).
SwiftPM standard and compatibility tests	Run Pane standard tests	2026-08-03T15:34:44.5487370Z Test Suite 'TerminalSessionIntegrationTests' passed at 2026-08-03 15:34:43.536.
SwiftPM standard and compatibility tests	Run Pane standard tests	2026-08-03T15:34:44.5487990Z 	 Executed 49 tests, with 0 failures (0 unexpected) in 20.892 (20.908) seconds
SwiftPM standard and compatibility tests	Run Pane standard tests	2026-08-03T15:34:44.5488770Z Test Suite 'TerminalWorkspaceControllerTests' started at 2026-08-03 15:34:43.536.
SwiftPM standard and compatibility tests	Run Pane standard tests	2026-08-03T15:34:44.5489670Z Test Case '-[PaneTests.TerminalWorkspaceControllerTests testAutomaticTabPresentationPrefersDirectoryAndPreservesFullMetadata]' started.
SwiftPM standard and compatibility tests	Run Pane standard tests	2026-08-03T15:34:44.5492930Z Test Case '-[PaneTests.TerminalWorkspaceControllerTests testAutomaticTabPresentationPrefersDirectoryAndPreservesFullMetadata]' passed (0.008 seconds).
SwiftPM standard and compatibility tests	Run Pane standard tests	2026-08-03T15:34:44.5493930Z Test Case '-[PaneTests.TerminalWorkspaceControllerTests testBackgroundSessionRejectsDelayedFocusRequest]' started.
SwiftPM standard and compatibility tests	Run Pane standard tests	2026-08-03T15:34:44.5495240Z Test Case '-[PaneTests.TerminalWorkspaceControllerTests testBackgroundSessionRejectsDelayedFocusRequest]' passed (0.016 seconds).
SwiftPM standard and compatibility tests	Run Pane standard tests	2026-08-03T15:34:44.5497180Z Test Case '-[PaneTests.TerminalWorkspaceControllerTests testBackgroundTabCreationPreservesSelection]' started.
SwiftPM standard and compatibility tests	Run Pane standard tests	2026-08-03T15:34:44.5498460Z Test Case '-[PaneTests.TerminalWorkspaceControllerTests testBackgroundTabCreationPreservesSelection]' passed (0.027 seconds).
SwiftPM standard and compatibility tests	Run Pane standard tests	2026-08-03T15:34:44.5500040Z Test Case '-[PaneTests.TerminalWorkspaceControllerTests testClosingBackgroundTabPreservesSelection]' started.
SwiftPM standard and compatibility tests	Run Pane standard tests	2026-08-03T15:34:44.5559170Z Test Case '-[PaneTests.TerminalWorkspaceControllerTests testClosingBackgroundTabPreservesSelection]' passed (0.102 seconds).
SwiftPM standard and compatibility tests	Run Pane standard tests	2026-08-03T15:34:44.5560110Z Test Case '-[PaneTests.TerminalWorkspaceControllerTests testClosingFinalTabCreatesReplacement]' started.
SwiftPM standard and compatibility tests	Run Pane standard tests	2026-08-03T15:34:44.5561330Z Test Case '-[PaneTests.TerminalWorkspaceControllerTests testClosingFinalTabCreatesReplacement]' passed (0.058 seconds).
SwiftPM standard and compatibility tests	Run Pane standard tests	2026-08-03T15:34:44.5563380Z Test Case '-[PaneTests.TerminalWorkspaceControllerTests testClosingSelectedTabSelectsNeighbor]' started.
SwiftPM standard and compatibility tests	Run Pane standard tests	2026-08-03T15:34:44.5565560Z Test Case '-[PaneTests.TerminalWorkspaceControllerTests testClosingSelectedTabSelectsNeighbor]' passed (0.030 seconds).
SwiftPM standard and compatibility tests	Run Pane standard tests	2026-08-03T15:34:44.5568880Z Test Case '-[PaneTests.TerminalWorkspaceControllerTests testCreatingTabSelectsIt]' started.
SwiftPM standard and compatibility tests	Run Pane standard tests	2026-08-03T15:34:44.5569650Z Test Case '-[PaneTests.TerminalWorkspaceControllerTests testCreatingTabSelectsIt]' passed (0.018 seconds).
SwiftPM standard and compatibility tests	Run Pane standard tests	2026-08-03T15:34:44.5570370Z Test Case '-[PaneTests.TerminalWorkspaceControllerTests testDuplicateTabUsesSameDirectoryWithNewSession]' started.
SwiftPM standard and compatibility tests	Run Pane standard tests	2026-08-03T15:34:44.5571150Z Test Case '-[PaneTests.TerminalWorkspaceControllerTests testDuplicateTabUsesSameDirectoryWithNewSession]' passed (0.036 seconds).
SwiftPM standard and compatibility tests	Run Pane standard tests	2026-08-03T15:34:44.5572530Z Test Case '-[PaneTests.TerminalWorkspaceControllerTests testHostHeavyAutomaticTitleUsesMiddleTruncation]' started.
SwiftPM standard and compatibility tests	Run Pane standard tests	2026-08-03T15:34:44.5574040Z Test Case '-[PaneTests.TerminalWorkspaceControllerTests testHostHeavyAutomaticTitleUsesMiddleTruncation]' passed (0.001 seconds).
SwiftPM standard and compatibility tests	Run Pane standard tests	2026-08-03T15:34:44.5575040Z Test Case '-[PaneTests.TerminalWorkspaceControllerTests testNearestExistingDirectoryFallsBackToExistingParent]' started.
SwiftPM standard and compatibility tests	Run Pane standard tests	2026-08-03T15:34:44.5578280Z Test Case '-[PaneTests.TerminalWorkspaceControllerTests testNearestExistingDirectoryFallsBackToExistingParent]' passed (0.001 seconds).
SwiftPM standard and compatibility tests	Run Pane standard tests	2026-08-03T15:34:44.5581250Z Test Case '-[PaneTests.TerminalWorkspaceControllerTests testRapidSelectionLeavesExactlyOneSelectedSession]' started.
SwiftPM standard and compatibility tests	Run Pane standard tests	2026-08-03T15:34:44.5583470Z Test Case '-[PaneTests.TerminalWorkspaceControllerTests testRapidSelectionLeavesExactlyOneSelectedSession]' passed (0.051 seconds).
SwiftPM standard and compatibility tests	Run Pane standard tests	2026-08-03T15:34:44.5589550Z Test Case '-[PaneTests.TerminalWorkspaceControllerTests testReorderingPreservesSelectedIdentity]' started.
SwiftPM standard and compatibility tests	Run Pane standard tests	2026-08-03T15:34:44.5598950Z Test Case '-[PaneTests.TerminalWorkspaceControllerTests testReorderingPreservesSelectedIdentity]' passed (0.057 seconds).
SwiftPM standard and compatibility tests	Run Pane standard tests	2026-08-03T15:34:44.5600100Z Test Case '-[PaneTests.TerminalWorkspaceControllerTests testRestorationPreservesOrderSelectionMetadataAndUsesFreshSessions]' started.
SwiftPM standard and compatibility tests	Run Pane standard tests	2026-08-03T15:34:44.5602120Z Test Case '-[PaneTests.TerminalWorkspaceControllerTests testRestorationPreservesOrderSelectionMetadataAndUsesFreshSessions]' passed (0.125 seconds).
SwiftPM standard and compatibility tests	Run Pane standard tests	2026-08-03T15:34:44.5603320Z Test Case '-[PaneTests.TerminalWorkspaceControllerTests testRestoredTerminalModeWaitsForFreshShellReadiness]' started.
SwiftPM standard and compatibility tests	Run Pane standard tests	2026-08-03T15:34:44.5607740Z Test Case '-[PaneTests.TerminalWorkspaceControllerTests testRestoredTerminalModeWaitsForFreshShellReadiness]' passed (0.164 seconds).
SwiftPM standard and compatibility tests	Run Pane standard tests	2026-08-03T15:34:44.5609450Z Test Case '-[PaneTests.TerminalWorkspaceControllerTests testTabActivityPresentationKeepsSemanticInputAndFailureSymbols]' started.
SwiftPM standard and compatibility tests	Run Pane standard tests	2026-08-03T15:34:44.5615360Z Test Case '-[PaneTests.TerminalWorkspaceControllerTests testTabActivityPresentationKeepsSemanticInputAndFailureSymbols]' passed (0.000 seconds).
SwiftPM standard and compatibility tests	Run Pane standard tests	2026-08-03T15:34:44.5619290Z Test Case '-[PaneTests.TerminalWorkspaceControllerTests testTabActivityPresentationUsesQuietIdleAndAccentRunningDots]' started.
SwiftPM standard and compatibility tests	Run Pane standard tests	2026-08-03T15:34:44.5621890Z Test Case '-[PaneTests.TerminalWorkspaceControllerTests testTabActivityPresentationUsesQuietIdleAndAccentRunningDots]' passed (0.000 seconds).
SwiftPM standard and compatibility tests	Run Pane standard tests	2026-08-03T15:34:44.5624400Z Test Case '-[PaneTests.TerminalWorkspaceControllerTests testTabLifecycleExposesCrashSimulationCheckpoints]' started.
SwiftPM standard and compatibility tests	Run Pane standard tests	2026-08-03T15:34:44.5626660Z Test Case '-[PaneTests.TerminalWorkspaceControllerTests testTabLifecycleExposesCrashSimulationCheckpoints]' passed (0.081 seconds).
SwiftPM standard and compatibility tests	Run Pane standard tests	2026-08-03T15:34:44.5630180Z Test Case '-[PaneTests.TerminalWorkspaceControllerTests testTabReorderDoesNotRecreateSession]' started.
SwiftPM standard and compatibility tests	Run Pane standard tests	2026-08-03T15:34:44.5632360Z Test Case '-[PaneTests.TerminalWorkspaceControllerTests testTabReorderDoesNotRecreateSession]' passed (0.010 seconds).
SwiftPM standard and compatibility tests	Run Pane standard tests	2026-08-03T15:34:44.5634600Z Test Case '-[PaneTests.TerminalWorkspaceControllerTests testUnsupportedSnapshotRecoversOneUsableDefaultTab]' started.
SwiftPM standard and compatibility tests	Run Pane standard tests	2026-08-03T15:34:44.5636900Z Test Case '-[PaneTests.TerminalWorkspaceControllerTests testUnsupportedSnapshotRecoversOneUsableDefaultTab]' passed (0.036 seconds).
SwiftPM standard and compatibility tests	Run Pane standard tests	2026-08-03T15:34:44.5642340Z Test Case '-[PaneTests.TerminalWorkspaceControllerTests testWorkspaceCreatesInitialTab]' started.
SwiftPM standard and compatibility tests	Run Pane standard tests	2026-08-03T15:34:44.5647210Z Test Case '-[PaneTests.TerminalWorkspaceControllerTests testWorkspaceCreatesInitialTab]' passed (0.033 seconds).
SwiftPM standard and compatibility tests	Run Pane standard tests	2026-08-03T15:34:44.5648970Z Test Suite 'TerminalWorkspaceControllerTests' passed at 2026-08-03 15:34:44.396.
SwiftPM standard and compatibility tests	Run Pane standard tests	2026-08-03T15:34:44.5651660Z 	 Executed 20 tests, with 0 failures (0 unexpected) in 0.853 (0.859) seconds
SwiftPM standard and compatibility tests	Run Pane standard tests	2026-08-03T15:34:44.5660630Z Test Suite 'WorkspaceSnapshotStoreTests' started at 2026-08-03 15:34:44.396.
SwiftPM standard and compatibility tests	Run Pane standard tests	2026-08-03T15:34:44.5662570Z Test Case '-[PaneTests.WorkspaceSnapshotStoreTests testAtomicSaveBoundsDraftAndRestoresSnapshot]' started.
SwiftPM standard and compatibility tests	Run Pane standard tests	2026-08-03T15:34:44.5665210Z Test Case '-[PaneTests.WorkspaceSnapshotStoreTests testAtomicSaveBoundsDraftAndRestoresSnapshot]' passed (0.018 seconds).
SwiftPM standard and compatibility tests	Run Pane standard tests	2026-08-03T15:34:44.5667280Z Test Case '-[PaneTests.WorkspaceSnapshotStoreTests testCorruptPrimaryFallsBackToLastKnownGoodBackup]' started.
SwiftPM standard and compatibility tests	Run Pane standard tests	2026-08-03T15:34:44.5669550Z Test Case '-[PaneTests.WorkspaceSnapshotStoreTests testCorruptPrimaryFallsBackToLastKnownGoodBackup]' passed (0.014 seconds).
SwiftPM standard and compatibility tests	Run Pane standard tests	2026-08-03T15:34:44.5672290Z Test Case '-[PaneTests.WorkspaceSnapshotStoreTests testFaultBeforeReplacementPreservesOnlyValidSnapshot]' started.
SwiftPM standard and compatibility tests	Run Pane standard tests	2026-08-03T15:34:44.5674820Z Test Case '-[PaneTests.WorkspaceSnapshotStoreTests testFaultBeforeReplacementPreservesOnlyValidSnapshot]' passed (0.009 seconds).
SwiftPM standard and compatibility tests	Run Pane standard tests	2026-08-03T15:34:44.5676110Z Test Case '-[PaneTests.WorkspaceSnapshotStoreTests testMixedSnapshotDropsMalformedEntryAndRepairsSelection]' started.
SwiftPM standard and compatibility tests	Run Pane standard tests	2026-08-03T15:34:44.5677140Z Test Case '-[PaneTests.WorkspaceSnapshotStoreTests testMixedSnapshotDropsMalformedEntryAndRepairsSelection]' passed (0.003 seconds).
SwiftPM standard and compatibility tests	Run Pane standard tests	2026-08-03T15:34:44.5679130Z Test Case '-[PaneTests.WorkspaceSnapshotStoreTests testSaveBoundsTabsAndDraftWithoutSplittingGraphemeClusters]' started.
SwiftPM standard and compatibility tests	Run Pane standard tests	2026-08-03T15:34:44.5680210Z Test Case '-[PaneTests.WorkspaceSnapshotStoreTests testSaveBoundsTabsAndDraftWithoutSplittingGraphemeClusters]' passed (0.009 seconds).
SwiftPM standard and compatibility tests	Run Pane standard tests	2026-08-03T15:34:44.5681900Z Test Case '-[PaneTests.WorkspaceSnapshotStoreTests testUnsupportedSchemaIsQuarantinedWithoutCrashLoop]' started.
SwiftPM standard and compatibility tests	Run Pane standard tests	2026-08-03T15:34:44.5684250Z Test Case '-[PaneTests.WorkspaceSnapshotStoreTests testUnsupportedSchemaIsQuarantinedWithoutCrashLoop]' passed (0.002 seconds).
SwiftPM standard and compatibility tests	Run Pane standard tests	2026-08-03T15:34:44.5685000Z Test Suite 'WorkspaceSnapshotStoreTests' passed at 2026-08-03 15:34:44.453.
SwiftPM standard and compatibility tests	Run Pane standard tests	2026-08-03T15:34:44.5685570Z 	 Executed 6 tests, with 0 failures (0 unexpected) in 0.056 (0.057) seconds
SwiftPM standard and compatibility tests	Run Pane standard tests	2026-08-03T15:34:44.5686980Z Test Suite 'PanePackageTests.xctest' failed at 2026-08-03 15:34:44.453.
SwiftPM standard and compatibility tests	Run Pane standard tests	2026-08-03T15:34:44.5687840Z 	 Executed 292 tests, with 1 test skipped and 2 failures (1 unexpected) in 54.696 (54.777) seconds
SwiftPM standard and compatibility tests	Run Pane standard tests	2026-08-03T15:34:44.5688420Z Test Suite 'Selected tests' failed at 2026-08-03 15:34:44.453.
SwiftPM standard and compatibility tests	Run Pane standard tests	2026-08-03T15:34:44.5689000Z 	 Executed 292 tests, with 1 test skipped and 2 failures (1 unexpected) in 54.696 (54.784) seconds
SwiftPM standard and compatibility tests	Run Pane standard tests	2026-08-03T15:34:44.5689430Z 45CEA0A3] shutdown completed
SwiftPM standard and compatibility tests	Run Pane standard tests	2026-08-03T15:34:44.5689850Z Pane lifecycle PTY[BE9AE94E-1A86-4968-B10B-3ACF7029A277] process terminated pid=6585 outcome=killed
SwiftPM standard and compatibility tests	Run Pane standard tests	2026-08-03T15:34:44.5690520Z Pane lifecycle session[56DBD6CA-1D28-4118-9837-A1E0F393CA6B] shutdown completed
SwiftPM standard and compatibility tests	Run Pane standard tests	2026-08-03T15:34:44.5691050Z Pane lifecycle session[56DBD6CA-1D28-4118-9837-A1E0F393CA6B] deallocated
SwiftPM standard and compatibility tests	Run Pane standard tests	2026-08-03T15:34:44.5692040Z Pane lifecycle PTY[774677A3-4292-4673-A501-8C1E2379E3D3] process terminated pid=6600 outcome=killed
SwiftPM standard and compatibility tests	Run Pane standard tests	2026-08-03T15:34:44.5692770Z Pane lifecycle PTY[774677A3-4292-4673-A501-8C1E2379E3D3] process started generation=2
SwiftPM standard and compatibility tests	Run Pane standard tests	2026-08-03T15:34:44.5693410Z Pane lifecycle session[AFB90714-B7FF-489F-9542-11898168F446] shutdown started
SwiftPM standard and compatibility tests	Run Pane standard tests	2026-08-03T15:34:44.5694250Z Pane lifecycle PTY[774677A3-4292-4673-A501-8C1E2379E3D3] process termination requested pid=6615
SwiftPM standard and compatibility tests	Run Pane standard tests	2026-08-03T15:34:44.5694890Z Pane lifecycle session[6777230B-14D0-44EF-A882-93129F4C5922] created
SwiftPM standard and compatibility tests	Run Pane standard tests	2026-08-03T15:34:44.5695470Z Pane lifecycle PTY[E241E861-2D74-4386-993E-F7AA61083DE7] process started generation=1
SwiftPM standard and compatibility tests	Run Pane standard tests	2026-08-03T15:34:44.5696710Z Pane lifecycle autocomplete[D38F5DFD-7EE7-41B3-8AA9-B51FBF62DE84] stopped
SwiftPM standard and compatibility tests	Run Pane standard tests	2026-08-03T15:34:44.5697350Z Pane lifecycle session[6777230B-14D0-44EF-A882-93129F4C5922] shutdown started
SwiftPM standard and compatibility tests	Run Pane standard tests	2026-08-03T15:34:44.5698390Z Pane lifecycle PTY[E241E861-2D74-4386-993E-F7AA61083DE7] process termination requested pid=6620
SwiftPM standard and compatibility tests	Run Pane standard tests	2026-08-03T15:34:44.5698900Z Pane lifecycle session[CEF5E961-62CB-4974-90D7-E37D16ED93EE] created
SwiftPM standard and compatibility tests	Run Pane standard tests	2026-08-03T15:34:44.5699520Z Pane lifecycle session[CEF5E961-62CB-4974-90D7-E37D16ED93EE] shutdown started
SwiftPM standard and compatibility tests	Run Pane standard tests	2026-08-03T15:34:44.5700090Z Pane lifecycle session[333B8D79-A211-4E94-94E4-9BBF99665FCB] created
SwiftPM standard and compatibility tests	Run Pane standard tests	2026-08-03T15:34:44.5700710Z Pane lifecycle PTY[F359E91D-52CE-402C-BEDB-7CD98A160A3A] process started generation=1
SwiftPM standard and compatibility tests	Run Pane standard tests	2026-08-03T15:34:44.5701300Z Pane lifecycle autocomplete[E2FBAA4B-B425-493E-A61A-186001AC52CE] stopped
SwiftPM standard and compatibility tests	Run Pane standard tests	2026-08-03T15:34:44.5702260Z Pane lifecycle autocomplete[1FD78AA2-0C5C-4D74-8AAA-AE3735CE180F] stopped
SwiftPM standard and compatibility tests	Run Pane standard tests	2026-08-03T15:34:44.5706340Z Pane lifecycle session[CEF5E961-62CB-4974-90D7-E37D16ED93EE] shutdown completed
SwiftPM standard and compatibility tests	Run Pane standard tests	2026-08-03T15:34:44.5707110Z Pane lifecycle session[CEF5E961-62CB-4974-90D7-E37D16ED93EE] deallocated
SwiftPM standard and compatibility tests	Run Pane standard tests	2026-08-03T15:34:44.5707690Z Pane lifecycle session[333B8D79-A211-4E94-94E4-9BBF99665FCB] shutdown started
SwiftPM standard and compatibility tests	Run Pane standard tests	2026-08-03T15:34:44.5708910Z Pane lifecycle PTY[F359E91D-52CE-402C-BEDB-7CD98A160A3A] process termination requested pid=6625
SwiftPM standard and compatibility tests	Run Pane standard tests	2026-08-03T15:34:44.5709520Z Pane lifecycle session[4D88842D-54B7-4E58-AB20-E06FC93878D9] created
SwiftPM standard and compatibility tests	Run Pane standard tests	2026-08-03T15:34:44.5711620Z Pane lifecycle PTY[578E6920-F48F-4C7C-85AB-B6FB7BF3ED39] process started generation=1
SwiftPM standard and compatibility tests	Run Pane standard tests	2026-08-03T15:34:44.5717810Z Pane lifecycle autocomplete[12A933AC-D86C-40AD-9666-3DC84BBA9FEE] stopped
SwiftPM standard and compatibility tests	Run Pane standard tests	2026-08-03T15:34:44.5719190Z Pane lifecycle session[4D88842D-54B7-4E58-AB20-E06FC93878D9] shutdown started
SwiftPM standard and compatibility tests	Run Pane standard tests	2026-08-03T15:34:44.5719920Z Pane lifecycle PTY[578E6920-F48F-4C7C-85AB-B6FB7BF3ED39] process termination requested pid=6630
SwiftPM standard and compatibility tests	Run Pane standard tests	2026-08-03T15:34:44.5720910Z Pane lifecycle session[9919DFF6-A245-4155-BEDD-CC4DE8D5F073] created
SwiftPM standard and compatibility tests	Run Pane standard tests	2026-08-03T15:34:44.5721540Z Pane lifecycle PTY[F085D985-5D05-4A79-96E5-629750CC011E] process started generation=1
SwiftPM standard and compatibility tests	Run Pane standard tests	2026-08-03T15:34:44.5722930Z Pane lifecycle autocomplete[099C8F76-52EF-4A1F-8702-60F0DAD0FFB3] stopped
SwiftPM standard and compatibility tests	Run Pane standard tests	2026-08-03T15:34:44.5723500Z Pane lifecycle session[9919DFF6-A245-4155-BEDD-CC4DE8D5F073] shutdown started
SwiftPM standard and compatibility tests	Run Pane standard tests	2026-08-03T15:34:44.5724130Z Pane lifecycle PTY[F085D985-5D05-4A79-96E5-629750CC011E] process termination requested pid=6641
SwiftPM standard and compatibility tests	Run Pane standard tests	2026-08-03T15:34:44.5724980Z Pane lifecycle session[CFFC2C8B-0F03-4D1C-ADF6-4582C62BF56B] created
SwiftPM standard and compatibility tests	Run Pane standard tests	2026-08-03T15:34:44.5725570Z Pane lifecycle session[90743C20-01B7-4C1D-8A65-F9D14A37D6CA] created
SwiftPM standard and compatibility tests	Run Pane standard tests	2026-08-03T15:34:44.5726200Z Pane lifecycle session[D5A2C245-9D44-49AA-8CBA-D6651B1384D5] created
SwiftPM standard and compatibility tests	Run Pane standard tests	2026-08-03T15:34:44.5730380Z Pane lifecycle session[CFFC2C8B-0F03-4D1C-ADF6-4582C62BF56B] deallocated
SwiftPM standard and compatibility tests	Run Pane standard tests	2026-08-03T15:34:44.5730880Z Pane lifecycle session[90743C20-01B7-4C1D-8A65-F9D14A37D6CA] deallocated
SwiftPM standard and compatibility tests	Run Pane standard tests	2026-08-03T15:34:44.5731360Z Pane lifecycle PTY[D934D13D-2BAB-4325-8E89-BDAACB49E4DA] process started generation=1
SwiftPM standard and compatibility tests	Run Pane standard tests	2026-08-03T15:34:44.5731980Z Pane lifecycle autocomplete[BD7CAD9A-A911-41FC-8044-6205DFD58975] stopped
SwiftPM standard and compatibility tests	Run Pane standard tests	2026-08-03T15:34:44.5732490Z Pane lifecycle session[D5A2C245-9D44-49AA-8CBA-D6651B1384D5] shutdown started
SwiftPM standard and compatibility tests	Run Pane standard tests	2026-08-03T15:34:44.5733010Z Pane lifecycle PTY[D934D13D-2BAB-4325-8E89-BDAACB49E4DA] process termination requested pid=6652
SwiftPM standard and compatibility tests	Run Pane standard tests	2026-08-03T15:34:44.5733920Z Pane lifecycle session[6E0A415D-DC32-4992-9DA2-79ADC141DE0A] created
SwiftPM standard and compatibility tests	Run Pane standard tests	2026-08-03T15:34:44.5734430Z Pane lifecycle PTY[ADACE016-7A84-4338-A1CA-32563D4561BB] process started generation=1
SwiftPM standard and compatibility tests	Run Pane standard tests	2026-08-03T15:34:44.5735010Z Pane lifecycle autocomplete[8FCC6734-D351-4821-B61A-1E89B05EDA05] stopped
SwiftPM standard and compatibility tests	Run Pane standard tests	2026-08-03T15:34:44.5736620Z Pane lifecycle session[6E0A415D-DC32-4992-9DA2-79ADC141DE0A] shutdown started
SwiftPM standard and compatibility tests	Run Pane standard tests	2026-08-03T15:34:44.5738390Z Pane lifecycle PTY[ADACE016-7A84-4338-A1CA-32563D4561BB] process termination requested pid=6669
SwiftPM standard and compatibility tests	Run Pane standard tests	2026-08-03T15:34:44.5740180Z Pane lifecycle session[5AFCF963-EF84-405D-99E2-C9847A4872B3] created
SwiftPM standard and compatibility tests	Run Pane standard tests	2026-08-03T15:34:44.5741550Z Pane lifecycle autocomplete[B9D21C90-3CC0-46F3-9C87-C1EB8B7F9A77] stopped
SwiftPM standard and compatibility tests	Run Pane standard tests	2026-08-03T15:34:44.5743100Z Pane lifecycle PTY[74EA7E9F-AACC-4AE2-9F0A-9FB928A314FA] process started generation=1
SwiftPM standard and compatibility tests	Run Pane standard tests	2026-08-03T15:34:44.5745530Z Pane lifecycle PTY[ADACE016-7A84-4338-A1CA-32563D4561BB] process terminated pid=6669 outcome=terminated
SwiftPM standard and compatibility tests	Run Pane standard tests	2026-08-03T15:34:44.5746280Z Pane lifecycle session[6E0A415D-DC32-4992-9DA2-79ADC141DE0A] shutdown completed
SwiftPM standard and compatibility tests	Run Pane standard tests	2026-08-03T15:34:44.5748360Z Pane lifecycle session[6E0A415D-DC32-4992-9DA2-79ADC141DE0A] deallocated
SwiftPM standard and compatibility tests	Run Pane standard tests	2026-08-03T15:34:44.5749220Z Pane lifecycle PTY[74EA7E9F-AACC-4AE2-9F0A-9FB928A314FA] process terminated generation=1
SwiftPM standard and compatibility tests	Run Pane standard tests	2026-08-03T15:34:44.8949650Z Pane lifecycle session[5AFCF963-EF84-405D-99E2-C9847A4872B3] shutdown started
SwiftPM standard and compatibility tests	Run Pane standard tests	2026-08-03T15:34:44.8950570Z Pane lifecycle session[4B28FA18-7B8B-4CDE-AFB3-E0A2C5A4BD91] created
SwiftPM standard and compatibility tests	Run Pane standard tests	2026-08-03T15:34:44.8951060Z Pane lifecycle session[4B28FA18-7B8B-4CDE-AFB3-E0A2C5A4BD91] shutdown started
SwiftPM standard and compatibility tests	Run Pane standard tests	2026-08-03T15:34:44.8951620Z Pane lifecycle autocomplete[9802A7C1-17ED-46F2-86D6-B5CB4137DE5D] stopped
SwiftPM standard and compatibility tests	Run Pane standard tests	2026-08-03T15:34:44.8952100Z Pane lifecycle session[4B28FA18-7B8B-4CDE-AFB3-E0A2C5A4BD91] shutdown completed
SwiftPM standard and compatibility tests	Run Pane standard tests	2026-08-03T15:34:44.8954500Z Pane lifecycle autocomplete[37AFEEFF-6401-4B08-B027-19D4785B73AB] stopped
SwiftPM standard and compatibility tests	Run Pane standard tests	2026-08-03T15:34:44.8955100Z Pane lifecycle session[286CD209-1E5C-4677-A513-4693F4A0A00C] created
SwiftPM standard and compatibility tests	Run Pane standard tests	2026-08-03T15:34:44.8955810Z Pane lifecycle session[4C9CD020-184A-4845-896B-B12565876B77] created
SwiftPM standard and compatibility tests	Run Pane standard tests	2026-08-03T15:34:44.8956340Z Pane lifecycle session[4B28FA18-7B8B-4CDE-AFB3-E0A2C5A4BD91] deallocated
SwiftPM standard and compatibility tests	Run Pane standard tests	2026-08-03T15:34:44.8956930Z Pane lifecycle session[5AFCF963-EF84-405D-99E2-C9847A4872B3] shutdown completed
SwiftPM standard and compatibility tests	Run Pane standard tests	2026-08-03T15:34:44.8958010Z Pane lifecycle PTY[2C0FAE3B-BD27-428E-9C1C-667C9D6AEC17] process started generation=1
SwiftPM standard and compatibility tests	Run Pane standard tests	2026-08-03T15:34:44.8958690Z Pane lifecycle PTY[972E4E25-9D7E-4130-B8A1-6324AD1D12AA] process started generation=1
SwiftPM standard and compatibility tests	Run Pane standard tests	2026-08-03T15:34:44.8960470Z Pane lifecycle session[5AFCF963-EF84-405D-99E2-C9847A4872B3] deallocated
SwiftPM standard and compatibility tests	Run Pane standard tests	2026-08-03T15:34:44.8961810Z Pane lifecycle session[286CD209-1E5C-4677-A513-4693F4A0A00C] deallocated
SwiftPM standard and compatibility tests	Run Pane standard tests	2026-08-03T15:34:44.8962410Z Pane lifecycle session[4C9CD020-184A-4845-896B-B12565876B77] deallocated
SwiftPM standard and compatibility tests	Run Pane standard tests	2026-08-03T15:34:44.8962940Z Pane lifecycle session[8E9CAC02-7061-4CAD-8D07-1EBE5C4B4435] created
SwiftPM standard and compatibility tests	Run Pane standard tests	2026-08-03T15:34:44.8963440Z Pane lifecycle session[524A003E-7231-4EFF-8330-88BA247B0623] created
SwiftPM standard and compatibility tests	Run Pane standard tests	2026-08-03T15:34:44.8964030Z Pane lifecycle PTY[F30737A6-20FF-4A2F-922E-A0C3EBA47E70] process started generation=1
SwiftPM standard and compatibility tests	Run Pane standard tests	2026-08-03T15:34:44.8964660Z Pane lifecycle PTY[A9D0DF75-7371-41C9-8589-ED27EB992D49] process started generation=1
SwiftPM standard and compatibility tests	Run Pane standard tests	2026-08-03T15:34:44.8965240Z Pane lifecycle session[8E9CAC02-7061-4CAD-8D07-1EBE5C4B4435] deallocated
SwiftPM standard and compatibility tests	Run Pane standard tests	2026-08-03T15:34:44.8965800Z Pane lifecycle session[524A003E-7231-4EFF-8330-88BA247B0623] deallocated
SwiftPM standard and compatibility tests	Run Pane standard tests	2026-08-03T15:34:44.8966300Z Pane lifecycle session[ED1D7D7C-74BF-4FF2-B56B-C6749F5DD598] created
SwiftPM standard and compatibility tests	Run Pane standard tests	2026-08-03T15:34:44.8966790Z Pane lifecycle session[52DB0AF2-DA0F-4025-9289-FB3F8876E691] created
SwiftPM standard and compatibility tests	Run Pane standard tests	2026-08-03T15:34:44.8967320Z Pane lifecycle session[52DB0AF2-DA0F-4025-9289-FB3F8876E691] shutdown started
SwiftPM standard and compatibility tests	Run Pane standard tests	2026-08-03T15:34:44.8967930Z Pane lifecycle PTY[D44D99CF-B3E4-42B8-8310-3126C1ABBC70] process started generation=1
SwiftPM standard and compatibility tests	Run Pane standard tests	2026-08-03T15:34:44.8968500Z Pane lifecycle autocomplete[F83412B6-624C-413C-9118-9428BA8B9BA7] stopped
SwiftPM standard and compatibility tests	Run Pane standard tests	2026-08-03T15:34:44.8974340Z Pane lifecycle session[52DB0AF2-DA0F-4025-9289-FB3F8876E691] shutdown completed
SwiftPM standard and compatibility tests	Run Pane standard tests	2026-08-03T15:34:44.8975000Z Pane lifecycle session[52DB0AF2-DA0F-4025-9289-FB3F8876E691] deallocated
SwiftPM standard and compatibility tests	Run Pane standard tests	2026-08-03T15:34:44.8975550Z Pane lifecycle session[ED1D7D7C-74BF-4FF2-B56B-C6749F5DD598] deallocated
SwiftPM standard and compatibility tests	Run Pane standard tests	2026-08-03T15:34:44.8976110Z Pane lifecycle session[C556F263-844C-4AC5-849C-94CA5C57F84B] created
SwiftPM standard and compatibility tests	Run Pane standard tests	2026-08-03T15:34:44.8976600Z Pane lifecycle session[08AEBC70-393F-4EC7-9967-2DAF9F35730B] created
SwiftPM standard and compatibility tests	Run Pane standard tests	2026-08-03T15:34:44.8977090Z Pane lifecycle session[C556F263-844C-4AC5-849C-94CA5C57F84B] shutdown started
SwiftPM standard and compatibility tests	Run Pane standard tests	2026-08-03T15:34:44.8977660Z Pane lifecycle PTY[603DF5D1-E676-4369-9259-7E92878CF016] process started generation=1
SwiftPM standard and compatibility tests	Run Pane standard tests	2026-08-03T15:34:44.8978270Z Pane lifecycle PTY[774677A3-4292-4673-A501-8C1E2379E3D3] process terminated pid=6615 outcome=killed
SwiftPM standard and compatibility tests	Run Pane standard tests	2026-08-03T15:34:44.8979450Z Pane lifecycle session[AFB90714-B7FF-489F-9542-11898168F446] shutdown completed
SwiftPM standard and compatibility tests	Run Pane standard tests	2026-08-03T15:34:44.8980000Z Pane lifecycle session[AFB90714-B7FF-489F-9542-11898168F446] deallocated
SwiftPM standard and compatibility tests	Run Pane standard tests	2026-08-03T15:34:44.8991090Z Pane lifecycle autocomplete[38727CB3-9BA8-4E8F-A836-03DBAA9F9AA2] stopped
SwiftPM standard and compatibility tests	Run Pane standard tests	2026-08-03T15:34:44.8991840Z Pane lifecycle session[C556F263-844C-4AC5-849C-94CA5C57F84B] shutdown completed
SwiftPM standard and compatibility tests	Run Pane standard tests	2026-08-03T15:34:44.8992420Z Pane lifecycle session[C556F263-844C-4AC5-849C-94CA5C57F84B] deallocated
SwiftPM standard and compatibility tests	Run Pane standard tests	2026-08-03T15:34:44.8993150Z Pane lifecycle session[08AEBC70-393F-4EC7-9967-2DAF9F35730B] deallocated
SwiftPM standard and compatibility tests	Run Pane standard tests	2026-08-03T15:34:44.8993790Z Pane lifecycle session[0801CDAC-5582-4EFE-A98C-B0C0A7F70BA4] created
SwiftPM standard and compatibility tests	Run Pane standard tests	2026-08-03T15:34:44.8994320Z Pane lifecycle session[AD7711AF-F2EB-417C-92AD-60B1BE45E9C0] created
SwiftPM standard and compatibility tests	Run Pane standard tests	2026-08-03T15:34:44.8994940Z Pane lifecycle session[AD7711AF-F2EB-417C-92AD-60B1BE45E9C0] shutdown started
SwiftPM standard and compatibility tests	Run Pane standard tests	2026-08-03T15:34:44.8995760Z Pane lifecycle PTY[2F33D66A-66AD-463A-9A87-12AB1310B88A] process started generation=1
SwiftPM standard and compatibility tests	Run Pane standard tests	2026-08-03T15:34:44.8996490Z Pane lifecycle autocomplete[B6B41515-D072-4296-83B8-91BE2947B074] stopped
SwiftPM standard and compatibility tests	Run Pane standard tests	2026-08-03T15:34:44.8996960Z Pane lifecycle session[AD7711AF-F2EB-417C-92AD-60B1BE45E9C0] shutdown completed
SwiftPM standard and compatibility tests	Run Pane standard tests	2026-08-03T15:34:44.8997460Z Pane lifecycle session[AD7711AF-F2EB-417C-92AD-60B1BE45E9C0] deallocated
SwiftPM standard and compatibility tests	Run Pane standard tests	2026-08-03T15:34:44.8997930Z Pane lifecycle session[0801CDAC-5582-4EFE-A98C-B0C0A7F70BA4] deallocated
SwiftPM standard and compatibility tests	Run Pane standard tests	2026-08-03T15:34:44.8998380Z Pane lifecycle session[B4D9FFA4-3AB0-40F0-937E-5603C5B6C551] created
SwiftPM standard and compatibility tests	Run Pane standard tests	2026-08-03T15:34:44.8999220Z Pane lifecycle session[33FBCE66-C5CD-45FD-8417-4EEBA35A8FAA] created
SwiftPM standard and compatibility tests	Run Pane standard tests	2026-08-03T15:34:44.8999710Z Pane lifecycle PTY[8850AE68-72E7-43B4-A653-0376368CB3EB] process started generation=1
SwiftPM standard and compatibility tests	Run Pane standard tests	2026-08-03T15:34:44.9000170Z Pane lifecycle PTY[1B0B5A4A-FD07-4595-8F59-90B0049D3D0F] process started generation=1
SwiftPM standard and compatibility tests	Run Pane standard tests	2026-08-03T15:34:44.9000600Z Pane lifecycle session[B4D9FFA4-3AB0-40F0-937E-5603C5B6C551] deallocated
SwiftPM standard and compatibility tests	Run Pane standard tests	2026-08-03T15:34:44.9001000Z Pane lifecycle session[33FBCE66-C5CD-45FD-8417-4EEBA35A8FAA] deallocated
SwiftPM standard and compatibility tests	Run Pane standard tests	2026-08-03T15:34:44.9001410Z Pane lifecycle session[3EEA5239-D78B-4DC8-BDC0-1FB2D1DBC916] created
SwiftPM standard and compatibility tests	Run Pane standard tests	2026-08-03T15:34:44.9001860Z Pane lifecycle session[2F4C24DA-BC4C-41F1-A18D-CC465E1CCC94] created
SwiftPM standard and compatibility tests	Run Pane standard tests	2026-08-03T15:34:44.9003290Z Pane lifecycle session[477340C0-A592-4DC5-AA1B-4A4170A4EB5A] created
SwiftPM standard and compatibility tests	Run Pane standard tests	2026-08-03T15:34:44.9003730Z Pane lifecycle session[477340C0-A592-4DC5-AA1B-4A4170A4EB5A] shutdown started
SwiftPM standard and compatibility tests	Run Pane standard tests	2026-08-03T15:34:44.9004330Z Pane lifecycle PTY[E241E861-2D74-4386-993E-F7AA61083DE7] process terminated pid=6620 outcome=killed
SwiftPM standard and compatibility tests	Run Pane standard tests	2026-08-03T15:34:44.9006010Z Pane lifecycle PTY[E784E3CC-8AE8-4E31-AA29-68A288045222] process started generation=1
SwiftPM standard and compatibility tests	Run Pane standard tests	2026-08-03T15:34:44.9007440Z Pane lifecycle PTY[595E91FE-1B4F-40A5-9BA7-1DFA875AF8B0] process started generation=1
SwiftPM standard and compatibility tests	Run Pane standard tests	2026-08-03T15:34:44.9008770Z Pane lifecycle session[6777230B-14D0-44EF-A882-93129F4C5922] shutdown completed
SwiftPM standard and compatibility tests	Run Pane standard tests	2026-08-03T15:34:44.9010010Z Pane lifecycle session[6777230B-14D0-44EF-A882-93129F4C5922] deallocated
SwiftPM standard and compatibility tests	Run Pane standard tests	2026-08-03T15:34:44.9011080Z Pane lifecycle session[3EEA5239-D78B-4DC8-BDC0-1FB2D1DBC916] deallocated
SwiftPM standard and compatibility tests	Run Pane standard tests	2026-08-03T15:34:44.9012180Z Pane lifecycle session[2F4C24DA-BC4C-41F1-A18D-CC465E1CCC94] deallocated
SwiftPM standard and compatibility tests	Run Pane standard tests	2026-08-03T15:34:44.9014330Z Pane lifecycle autocomplete[49B7706E-B223-4922-9FF2-71772A776237] stopped
SwiftPM standard and compatibility tests	Run Pane standard tests	2026-08-03T15:34:44.9014860Z Pane lifecycle session[477340C0-A592-4DC5-AA1B-4A4170A4EB5A] shutdown completed
SwiftPM standard and compatibility tests	Run Pane standard tests	2026-08-03T15:34:44.9015300Z Pane lifecycle session[E19ABE12-2A66-4CB5-A5B2-AA8A4B38FEB0] created
SwiftPM standard and compatibility tests	Run Pane standard tests	2026-08-03T15:34:44.9015710Z Pane lifecycle session[95BF3BC2-B963-4CBB-A864-66B96791BE10] created
SwiftPM standard and compatibility tests	Run Pane standard tests	2026-08-03T15:34:44.9016590Z Pane lifecycle session[41A7E4AD-C0E3-4040-B151-E931FDC309BB] created
SwiftPM standard and compatibility tests	Run Pane standard tests	2026-08-03T15:34:44.9016970Z Pane lifecycle session[D949587B-3BE3-4165-B788-9E9AB30C01F9] created
SwiftPM standard and compatibility tests	Run Pane standard tests	2026-08-03T15:34:44.9020770Z Pane lifecycle PTY[F359E91D-52CE-402C-BEDB-7CD98A160A3A] process terminated pid=6625 outcome=killed
SwiftPM standard and compatibility tests	Run Pane standard tests	2026-08-03T15:34:44.9021300Z Pane lifecycle session[477340C0-A592-4DC5-AA1B-4A4170A4EB5A] deallocated
SwiftPM standard and compatibility tests	Run Pane standard tests	2026-08-03T15:34:44.9021750Z Pane lifecycle PTY[2610AB59-74EC-4221-8632-737ECCC97C52] process started generation=1
SwiftPM standard and compatibility tests	Run Pane standard tests	2026-08-03T15:34:44.9022260Z Pane lifecycle PTY[5D7E0129-8C0B-46F9-976B-CC3F40482DB1] process started generation=1
SwiftPM standard and compatibility tests	Run Pane standard tests	2026-08-03T15:34:44.9022770Z Pane lifecycle PTY[E05F5441-0C71-484A-B57C-74E4B0ED4FA2] process started generation=1
SwiftPM standard and compatibility tests	Run Pane standard tests	2026-08-03T15:34:44.9023380Z Pane lifecycle session[333B8D79-A211-4E94-94E4-9BBF99665FCB] shutdown completed
SwiftPM standard and compatibility tests	Run Pane standard tests	2026-08-03T15:34:44.9023910Z Pane lifecycle PTY[C1B53ACA-4565-439D-9153-D67FFCDBFD95] process started generation=1
SwiftPM standard and compatibility tests	Run Pane standard tests	2026-08-03T15:34:44.9024440Z Pane lifecycle session[333B8D79-A211-4E94-94E4-9BBF99665FCB] deallocated
SwiftPM standard and compatibility tests	Run Pane standard tests	2026-08-03T15:34:44.9025280Z Pane lifecycle session[E19ABE12-2A66-4CB5-A5B2-AA8A4B38FEB0] deallocated
SwiftPM standard and compatibility tests	Run Pane standard tests	2026-08-03T15:34:44.9025760Z Pane lifecycle session[95BF3BC2-B963-4CBB-A864-66B96791BE10] deallocated
SwiftPM standard and compatibility tests	Run Pane standard tests	2026-08-03T15:34:44.9026220Z Pane lifecycle session[41A7E4AD-C0E3-4040-B151-E931FDC309BB] deallocated
SwiftPM standard and compatibility tests	Run Pane standard tests	2026-08-03T15:34:44.9026700Z Pane lifecycle session[D949587B-3BE3-4165-B788-9E9AB30C01F9] deallocated
SwiftPM standard and compatibility tests	Run Pane standard tests	2026-08-03T15:34:44.9027180Z Pane lifecycle session[95B66236-DDDA-4417-AAC7-5517EEA45DCC] created
SwiftPM standard and compatibility tests	Run Pane standard tests	2026-08-03T15:34:44.9027650Z Pane lifecycle session[EE77C7EF-265A-4ACE-B780-57C85168C4C2] created
SwiftPM standard and compatibility tests	Run Pane standard tests	2026-08-03T15:34:44.9028200Z Pane lifecycle PTY[45E17179-6D7A-4F2E-94DF-DA959B276B60] process started generation=1
SwiftPM standard and compatibility tests	Run Pane standard tests	2026-08-03T15:34:44.9028830Z Pane lifecycle PTY[AFDF9137-8A1B-45E7-880B-EDDA61A18288] process started generation=1
SwiftPM standard and compatibility tests	Run Pane standard tests	2026-08-03T15:34:44.9030000Z Pane lifecycle session[95B66236-DDDA-4417-AAC7-5517EEA45DCC] deallocated
SwiftPM standard and compatibility tests	Run Pane standard tests	2026-08-03T15:34:44.9030520Z Pane lifecycle session[EE77C7EF-265A-4ACE-B780-57C85168C4C2] deallocated
SwiftPM standard and compatibility tests	Run Pane standard tests	2026-08-03T15:34:44.9033560Z Pane lifecycle session[926D4E01-2C65-41BC-8521-ABC837E4D9E9] created
SwiftPM standard and compatibility tests	Run Pane standard tests	2026-08-03T15:34:44.9034030Z Pane lifecycle session[301FAFF0-E601-40D9-8339-18D71585FBC3] created
SwiftPM standard and compatibility tests	Run Pane standard tests	2026-08-03T15:34:44.9034480Z Pane lifecycle PTY[8A6A0CE9-E067-49B7-BA92-7A5C38BD1450] process started generation=1
SwiftPM standard and compatibility tests	Run Pane standard tests	2026-08-03T15:34:44.9034980Z Pane lifecycle PTY[A44DE042-8E52-4808-9062-C08428051080] process started generation=1
SwiftPM standard and compatibility tests	Run Pane standard tests	2026-08-03T15:34:44.9035490Z Pane lifecycle PTY[578E6920-F48F-4C7C-85AB-B6FB7BF3ED39] process terminated pid=6630 outcome=killed
SwiftPM standard and compatibility tests	Run Pane standard tests	2026-08-03T15:34:44.9036020Z Pane lifecycle session[4D88842D-54B7-4E58-AB20-E06FC93878D9] shutdown completed
SwiftPM standard and compatibility tests	Run Pane standard tests	2026-08-03T15:34:44.9036560Z Pane lifecycle session[4D88842D-54B7-4E58-AB20-E06FC93878D9] deallocated
SwiftPM standard and compatibility tests	Run Pane standard tests	2026-08-03T15:34:44.9037560Z Pane lifecycle session[F2966ADA-3AEE-4623-B561-D45832A4B197] created
SwiftPM standard and compatibility tests	Run Pane standard tests	2026-08-03T15:34:44.9037990Z Pane lifecycle session[F341E913-CA4E-400D-A587-F9D7E8FD994E] created
SwiftPM standard and compatibility tests	Run Pane standard tests	2026-08-03T15:34:44.9038410Z Pane lifecycle session[301FAFF0-E601-40D9-8339-18D71585FBC3] deallocated
SwiftPM standard and compatibility tests	Run Pane standard tests	2026-08-03T15:34:44.9038810Z Pane lifecycle session[926D4E01-2C65-41BC-8521-ABC837E4D9E9] deallocated
SwiftPM standard and compatibility tests	Run Pane standard tests	2026-08-03T15:34:44.9039310Z Pane lifecycle PTY[F085D985-5D05-4A79-96E5-629750CC011E] process terminated pid=6641 outcome=killed
SwiftPM standard and compatibility tests	Run Pane standard tests	2026-08-03T15:34:44.9039840Z Pane lifecycle PTY[B52A4823-5035-4766-BBA3-E0518CCD889A] process started generation=1
SwiftPM standard and compatibility tests	Run Pane standard tests	2026-08-03T15:34:44.9041910Z Pane lifecycle PTY[5F8DA95C-8417-40CA-B933-B02B7A2D641F] process started generation=1
SwiftPM standard and compatibility tests	Run Pane standard tests	2026-08-03T15:34:44.9042770Z Pane lifecycle session[9919DFF6-A245-4155-BEDD-CC4DE8D5F073] shutdown completed
SwiftPM standard and compatibility tests	Run Pane standard tests	2026-08-03T15:34:44.9043200Z Pane lifecycle session[9919DFF6-A245-4155-BEDD-CC4DE8D5F073] deallocated
SwiftPM standard and compatibility tests	Run Pane standard tests	2026-08-03T15:34:44.9047780Z Pane lifecycle session[F2966ADA-3AEE-4623-B561-D45832A4B197] deallocated
SwiftPM standard and compatibility tests	Run Pane standard tests	2026-08-03T15:34:44.9049300Z Pane lifecycle session[F341E913-CA4E-400D-A587-F9D7E8FD994E] deallocated
SwiftPM standard and compatibility tests	Run Pane standard tests	2026-08-03T15:34:44.9049830Z Pane lifecycle session[FE4677D7-9DA3-4D04-9B57-EA577A457CB6] created
SwiftPM standard and compatibility tests	Run Pane standard tests	2026-08-03T15:34:44.9051790Z Pane lifecycle PTY[5804F3EE-E840-4D7A-8F06-C5C81C437FD7] process started generation=1
SwiftPM standard and compatibility tests	Run Pane standard tests	2026-08-03T15:34:44.9053240Z Pane lifecycle session[FE4677D7-9DA3-4D04-9B57-EA577A457CB6] deallocated
SwiftPM standard and compatibility tests	Run Pane standard tests	2026-08-03T15:34:44.9054290Z Pane lifecycle session[15686EF7-FA11-4B2D-AD65-BFD677681594] created
SwiftPM standard and compatibility tests	Run Pane standard tests	2026-08-03T15:34:44.9055460Z Pane lifecycle session[EE7AFA87-F3A6-4832-967E-A53918F223B0] created
SwiftPM standard and compatibility tests	Run Pane standard tests	2026-08-03T15:34:44.9056500Z Pane lifecycle session[EE7AFA87-F3A6-4832-967E-A53918F223B0] shutdown started
SwiftPM standard and compatibility tests	Run Pane standard tests	2026-08-03T15:34:44.9057870Z Pane lifecycle PTY[77A3D25D-2AE1-4CB7-911E-CD1B6A83B49B] process started generation=1
SwiftPM standard and compatibility tests	Run Pane standard tests	2026-08-03T15:34:44.9059020Z Pane lifecycle autocomplete[BFA5D601-44CA-42C6-9AE3-383E72B677EA] stopped
SwiftPM standard and compatibility tests	Run Pane standard tests	2026-08-03T15:34:44.9060120Z Pane lifecycle session[EE7AFA87-F3A6-4832-967E-A53918F223B0] shutdown completed
SwiftPM standard and compatibility tests	Run Pane standard tests	2026-08-03T15:34:44.9083880Z Pane lifecycle session[EE7AFA87-F3A6-4832-967E-A53918F223B0] deallocated
SwiftPM standard and compatibility tests	Run Pane standard tests	2026-08-03T15:34:44.9085140Z Pane lifecycle session[15686EF7-FA11-4B2D-AD65-BFD677681594] shutdown started
SwiftPM standard and compatibility tests	Run Pane standard tests	2026-08-03T15:34:44.9086650Z Pane lifecycle PTY[77A3D25D-2AE1-4CB7-911E-CD1B6A83B49B] process termination requested pid=6750
SwiftPM standard and compatibility tests	Run Pane standard tests	2026-08-03T15:34:44.9087940Z Pane lifecycle autocomplete[9D2D90F6-FF53-4E8A-8613-A1EDD41F2B30] stopped
SwiftPM standard and compatibility tests	Run Pane standard tests	2026-08-03T15:34:44.9090160Z Pane lifecycle PTY[77A3D25D-2AE1-4CB7-911E-CD1B6A83B49B] process terminated pid=6750 outcome=terminated
SwiftPM standard and compatibility tests	Run Pane standard tests	2026-08-03T15:34:44.9092090Z Pane lifecycle session[15686EF7-FA11-4B2D-AD65-BFD677681594] shutdown completed
SwiftPM standard and compatibility tests	Run Pane standard tests	2026-08-03T15:34:44.9093270Z Pane lifecycle session[15686EF7-FA11-4B2D-AD65-BFD677681594] deallocated
SwiftPM standard and compatibility tests	Run Pane standard tests	2026-08-03T15:34:44.9094300Z Pane lifecycle session[481698A3-3AF2-43FD-ADD5-29FB2B364864] created
SwiftPM standard and compatibility tests	Run Pane standard tests	2026-08-03T15:34:44.9095270Z Pane lifecycle session[F5E16428-E731-4521-AE39-B4D3ECAFF42E] created
SwiftPM standard and compatibility tests	Run Pane standard tests	2026-08-03T15:34:44.9096370Z Pane lifecycle PTY[6A046824-921C-4FA6-A44C-BD4D12B2C61A] process started generation=1
SwiftPM standard and compatibility tests	Run Pane standard tests	2026-08-03T15:34:44.9098400Z Pane lifecycle PTY[59DDCDF2-666D-4DC3-891A-3B582A76B158] process started generation=1
SwiftPM standard and compatibility tests	Run Pane standard tests	2026-08-03T15:34:44.9099830Z Pane lifecycle PTY[D934D13D-2BAB-4325-8E89-BDAACB49E4DA] process terminated pid=6652 outcome=killed
SwiftPM standard and compatibility tests	Run Pane standard tests	2026-08-03T15:34:44.9101280Z Pane lifecycle session[D5A2C245-9D44-49AA-8CBA-D6651B1384D5] shutdown completed
SwiftPM standard and compatibility tests	Run Pane standard tests	2026-08-03T15:34:44.9102570Z Pane lifecycle session[481698A3-3AF2-43FD-ADD5-29FB2B364864] deallocated
SwiftPM standard and compatibility tests	Run Pane standard tests	2026-08-03T15:34:44.9103850Z Pane lifecycle session[F5E16428-E731-4521-AE39-B4D3ECAFF42E] deallocated
SwiftPM standard and compatibility tests	Run Pane standard tests	2026-08-03T15:34:44.9104950Z Pane lifecycle session[D5A2C245-9D44-49AA-8CBA-D6651B1384D5] deallocated
SwiftPM standard and compatibility tests	Run Pane standard tests	2026-08-03T15:34:44.9106000Z Pane lifecycle session[6925F687-D3FE-4B96-A626-CA8F76B3C066] created
SwiftPM standard and compatibility tests	Run Pane standard tests	2026-08-03T15:34:44.9107380Z Pane lifecycle PTY[4F3661A2-D147-4813-84A9-99DAE55AE144] process started generation=1
SwiftPM standard and compatibility tests	Run Pane standard tests	2026-08-03T15:34:44.9109190Z Pane lifecycle session[6925F687-D3FE-4B96-A626-CA8F76B3C066] deallocated
SwiftPM standard and compatibility tests	Run Pane standard tests	2026-08-03T15:34:44.9110280Z Pane lifecycle session[3B0089B7-CDE0-48D6-95B2-A33F734F8D81] created
SwiftPM standard and compatibility tests	Run Pane standard tests	2026-08-03T15:34:44.9111460Z Pane lifecycle PTY[45E4E567-728C-40E1-AE33-474609485F84] process started generation=1
SwiftPM standard and compatibility tests	Run Pane standard tests	2026-08-03T15:34:44.9112820Z Pane lifecycle session[3B0089B7-CDE0-48D6-95B2-A33F734F8D81] deallocated
SwiftPM standard and compatibility tests	Run Pane standard tests	2026-08-03T15:34:44.9116780Z ◇ Test run started.
SwiftPM standard and compatibility tests	Run Pane standard tests	2026-08-03T15:34:44.9122120Z ↳ Testing Library Version: 1743
SwiftPM standard and compatibility tests	Run Pane standard tests	2026-08-03T15:34:44.9122810Z ↳ Target Platform: arm64e-apple-macos14.0
SwiftPM standard and compatibility tests	Run Pane standard tests	2026-08-03T15:34:44.9123540Z ◇ Suite TerminalReplaySanitizerTests started.
SwiftPM standard and compatibility tests	Run Pane standard tests	2026-08-03T15:34:44.9124900Z ◇ Test preservesOSC8HyperlinksButRemovesOtherEightBitControlStrings() started.
SwiftPM standard and compatibility tests	Run Pane standard tests	2026-08-03T15:34:44.9128700Z ◇ Test carriageReturnRewriteRequiresRichRendering() started.
SwiftPM standard and compatibility tests	Run Pane standard tests	2026-08-03T15:34:44.9131120Z ◇ Test boundedCaptureRetainsNewestBytesAndKeepsTruncationSticky() started.
SwiftPM standard and compatibility tests	Run Pane standard tests	2026-08-03T15:34:44.9132470Z ◇ Test frozenReplayUsesCapturedGeometryAndPreservesCellStyles() started.
SwiftPM standard and compatibility tests	Run Pane standard tests	2026-08-03T15:34:44.9133650Z ◇ Test removesSideEffectSequences() started.
SwiftPM standard and compatibility tests	Run Pane standard tests	2026-08-03T15:34:44.9134460Z ◇ Test preservesVisualSequencesAndText() started.
SwiftPM standard and compatibility tests	Run Pane standard tests	2026-08-03T15:34:44.9135410Z ◇ Test plainLineOutputDoesNotRequireRichRendering() started.
SwiftPM standard and compatibility tests	Run Pane standard tests	2026-08-03T15:34:44.9137430Z ✔ Test boundedCaptureRetainsNewestBytesAndKeepsTruncationSticky() passed after 0.001 seconds.
SwiftPM standard and compatibility tests	Run Pane standard tests	2026-08-03T15:34:44.9139140Z ✔ Test carriageReturnRewriteRequiresRichRendering() passed after 0.001 seconds.
SwiftPM standard and compatibility tests	Run Pane standard tests	2026-08-03T15:34:44.9141390Z ✔ Test preservesOSC8HyperlinksButRemovesOtherEightBitControlStrings() passed after 0.001 seconds.
SwiftPM standard and compatibility tests	Run Pane standard tests	2026-08-03T15:34:44.9143480Z ✔ Test preservesVisualSequencesAndText() passed after 0.001 seconds.
SwiftPM standard and compatibility tests	Run Pane standard tests	2026-08-03T15:34:44.9144930Z ✔ Test removesSideEffectSequences() passed after 0.001 seconds.
SwiftPM standard and compatibility tests	Run Pane standard tests	2026-08-03T15:34:44.9146190Z ✔ Test plainLineOutputDoesNotRequireRichRendering() passed after 0.001 seconds.
SwiftPM standard and compatibility tests	Run Pane standard tests	2026-08-03T15:34:44.9147740Z ✔ Test frozenReplayUsesCapturedGeometryAndPreservesCellStyles() passed after 0.117 seconds.
SwiftPM standard and compatibility tests	Run Pane standard tests	2026-08-03T15:34:44.9149490Z ✔ Suite TerminalReplaySanitizerTests passed after 0.117 seconds.
SwiftPM standard and compatibility tests	Run Pane standard tests	2026-08-03T15:34:44.9150750Z ✔ Test run with 7 tests in 1 suite passed after 0.118 seconds.
SwiftPM standard and compatibility tests	Run Pane standard tests	2026-08-03T15:34:44.9182020Z ##[error]Process completed with exit code 1.
