Native Pane test targets	Run PaneTests	﻿2026-08-03T15:32:21.6758820Z ##[group]Run xcodebuild \
Native Pane test targets	Run PaneTests	2026-08-03T15:32:21.6759120Z ^[[36;1mxcodebuild \^[[0m
Native Pane test targets	Run PaneTests	2026-08-03T15:32:21.6759300Z ^[[36;1m  -project Pane.xcodeproj \^[[0m
Native Pane test targets	Run PaneTests	2026-08-03T15:32:21.6759500Z ^[[36;1m  -scheme Pane \^[[0m
Native Pane test targets	Run PaneTests	2026-08-03T15:32:21.6759680Z ^[[36;1m  -destination 'platform=macOS' \^[[0m
Native Pane test targets	Run PaneTests	2026-08-03T15:32:21.6759900Z ^[[36;1m  -configuration Debug \^[[0m
Native Pane test targets	Run PaneTests	2026-08-03T15:32:21.6760100Z ^[[36;1m  -derivedDataPath .ci/DerivedData \^[[0m
Native Pane test targets	Run PaneTests	2026-08-03T15:32:21.6760400Z ^[[36;1m  -clonedSourcePackagesDirPath .ci/SourcePackages \^[[0m
Native Pane test targets	Run PaneTests	2026-08-03T15:32:21.6760720Z ^[[36;1m  -resultBundlePath .ci/PaneTests.xcresult \^[[0m
Native Pane test targets	Run PaneTests	2026-08-03T15:32:21.6760960Z ^[[36;1m  -only-testing:PaneTests \^[[0m
Native Pane test targets	Run PaneTests	2026-08-03T15:32:21.6761160Z ^[[36;1m  CODE_SIGNING_ALLOWED=NO \^[[0m
Native Pane test targets	Run PaneTests	2026-08-03T15:32:21.6761350Z ^[[36;1m  test^[[0m
Native Pane test targets	Run PaneTests	2026-08-03T15:32:21.6794930Z shell: /bin/bash -e {0}
Native Pane test targets	Run PaneTests	2026-08-03T15:32:21.6795090Z env:
Native Pane test targets	Run PaneTests	2026-08-03T15:32:21.6795290Z   DEVELOPER_DIR: /Applications/Xcode_26.4.app/Contents/Developer
Native Pane test targets	Run PaneTests	2026-08-03T15:32:21.6795560Z   PANE_FIXTURE_STARTUP_TIMEOUT_SECONDS: 5
Native Pane test targets	Run PaneTests	2026-08-03T15:32:21.6795830Z   PANE_FIXTURE_READINESS_TIMEOUT_SECONDS: 5
Native Pane test targets	Run PaneTests	2026-08-03T15:32:21.6796050Z   PANE_FIXTURE_ACTION_TIMEOUT_SECONDS: 5
Native Pane test targets	Run PaneTests	2026-08-03T15:32:21.6796270Z   PANE_FIXTURE_CLEANUP_TIMEOUT_SECONDS: 2
Native Pane test targets	Run PaneTests	2026-08-03T15:32:21.6796490Z   PANE_FIXTURE_TOTAL_TIMEOUT_SECONDS: 20
Native Pane test targets	Run PaneTests	2026-08-03T15:32:21.6796770Z   pythonLocation: /Users/runner/hostedtoolcache/Python/3.12.10/arm64
Native Pane test targets	Run PaneTests	2026-08-03T15:32:21.6797190Z   PKG_CONFIG_PATH: /Users/runner/hostedtoolcache/Python/3.12.10/arm64/lib/pkgconfig
Native Pane test targets	Run PaneTests	2026-08-03T15:32:21.6797650Z   Python_ROOT_DIR: /Users/runner/hostedtoolcache/Python/3.12.10/arm64
Native Pane test targets	Run PaneTests	2026-08-03T15:32:21.6798040Z   Python2_ROOT_DIR: /Users/runner/hostedtoolcache/Python/3.12.10/arm64
Native Pane test targets	Run PaneTests	2026-08-03T15:32:21.6798380Z   Python3_ROOT_DIR: /Users/runner/hostedtoolcache/Python/3.12.10/arm64
Native Pane test targets	Run PaneTests	2026-08-03T15:32:21.6798780Z   PANE_FIXTURE_PYTHON: /Library/Frameworks/Python.framework/Versions/3.12/bin/python3
Native Pane test targets	Run PaneTests	2026-08-03T15:32:21.6799090Z ##[endgroup]
Native Pane test targets	Run PaneTests	2026-08-03T15:32:24.6847760Z Command line invocation:
Native Pane test targets	Run PaneTests	2026-08-03T15:32:24.6850890Z     /Applications/Xcode_26.4.1.app/Contents/Developer/usr/bin/xcodebuild -project Pane.xcodeproj -scheme Pane -destination platform=macOS -configuration Debug -derivedDataPath .ci/DerivedData -clonedSourcePackagesDirPath .ci/SourcePackages -resultBundlePath .ci/PaneTests.xcresult "-only-testing:PaneTests" CODE_SIGNING_ALLOWED=NO test
Native Pane test targets	Run PaneTests	2026-08-03T15:32:24.7073480Z 
Native Pane test targets	Run PaneTests	2026-08-03T15:32:24.7073690Z Build settings from command line:
Native Pane test targets	Run PaneTests	2026-08-03T15:32:24.7083050Z     CODE_SIGNING_ALLOWED = NO
Native Pane test targets	Run PaneTests	2026-08-03T15:32:24.7084040Z 
Native Pane test targets	Run PaneTests	2026-08-03T15:32:28.5816690Z Resolve Package Graph
Native Pane test targets	Run PaneTests	2026-08-03T15:32:28.6864660Z 
Native Pane test targets	Run PaneTests	2026-08-03T15:32:28.7002150Z Fetching from https://github.com/apple/swift-argument-parser
Native Pane test targets	Run PaneTests	2026-08-03T15:32:30.6946080Z 
Native Pane test targets	Run PaneTests	2026-08-03T15:32:30.7054970Z Fetching from https://github.com/migueldeicaza/SwiftTerm.git
Native Pane test targets	Run PaneTests	2026-08-03T15:32:30.7158470Z 
Native Pane test targets	Run PaneTests	2026-08-03T15:32:30.7341680Z Creating working copy of package ‘SwiftTerm’
Native Pane test targets	Run PaneTests	2026-08-03T15:32:30.7881240Z 
Native Pane test targets	Run PaneTests	2026-08-03T15:32:30.7992540Z Creating working copy of package ‘swift-argument-parser’
Native Pane test targets	Run PaneTests	2026-08-03T15:32:30.7993990Z 
Native Pane test targets	Run PaneTests	2026-08-03T15:32:30.8096510Z Checking out 1.14.0 of package ‘SwiftTerm’
Native Pane test targets	Run PaneTests	2026-08-03T15:32:31.1455540Z 
Native Pane test targets	Run PaneTests	2026-08-03T15:32:31.1557670Z Checking out 1.8.2 of package ‘swift-argument-parser’
Native Pane test targets	Run PaneTests	2026-08-03T15:32:31.1657660Z 
Native Pane test targets	Run PaneTests	2026-08-03T15:32:43.2167480Z 
Native Pane test targets	Run PaneTests	2026-08-03T15:32:43.2196420Z Resolved source packages:
Native Pane test targets	Run PaneTests	2026-08-03T15:32:43.2197420Z   SwiftTerm: https://github.com/migueldeicaza/SwiftTerm.git @ 1.14.0
Native Pane test targets	Run PaneTests	2026-08-03T15:32:43.2199140Z   swift-argument-parser: https://github.com/apple/swift-argument-parser @ 1.8.2
Native Pane test targets	Run PaneTests	2026-08-03T15:32:43.2240830Z 
Native Pane test targets	Run PaneTests	2026-08-03T15:32:43.2326920Z Writing result bundle at path:
Native Pane test targets	Run PaneTests	2026-08-03T15:32:43.2327700Z 	/Users/runner/work/Pane-Terminal/Pane-Terminal/.ci/PaneTests.xcresult
Native Pane test targets	Run PaneTests	2026-08-03T15:32:43.2328140Z 
Native Pane test targets	Run PaneTests	2026-08-03T15:32:43.2369980Z --- xcodebuild: WARNING: Using the first of multiple matching destinations:
Native Pane test targets	Run PaneTests	2026-08-03T15:32:43.2370800Z { platform:macOS, arch:arm64, id:4eaf3d1a8b6497ac75fab818fabbae527ccdca8e, name:My Mac }
Native Pane test targets	Run PaneTests	2026-08-03T15:32:43.2394650Z { platform:macOS, arch:x86_64, id:4eaf3d1a8b6497ac75fab818fabbae527ccdca8e, name:My Mac }
Native Pane test targets	Run PaneTests	2026-08-03T15:32:46.6354990Z ComputePackagePrebuildTargetDependencyGraph
Native Pane test targets	Run PaneTests	2026-08-03T15:32:46.8380460Z 
Native Pane test targets	Run PaneTests	2026-08-03T15:32:46.8393960Z Prepare packages
Native Pane test targets	Run PaneTests	2026-08-03T15:32:46.8394700Z 
Native Pane test targets	Run PaneTests	2026-08-03T15:32:46.8429920Z CreateBuildRequest
Native Pane test targets	Run PaneTests	2026-08-03T15:32:46.8430700Z 
Native Pane test targets	Run PaneTests	2026-08-03T15:32:46.8431320Z SendProjectDescription
Native Pane test targets	Run PaneTests	2026-08-03T15:32:46.8568930Z 
Native Pane test targets	Run PaneTests	2026-08-03T15:32:46.8569420Z CreateBuildOperation
Native Pane test targets	Run PaneTests	2026-08-03T15:32:46.8612420Z 
Native Pane test targets	Run PaneTests	2026-08-03T15:32:46.8628110Z ComputeTargetDependencyGraph
Native Pane test targets	Run PaneTests	2026-08-03T15:32:46.9039890Z note: Building targets in dependency order
Native Pane test targets	Run PaneTests	2026-08-03T15:32:46.9046390Z note: Target dependency graph (6 targets)
Native Pane test targets	Run PaneTests	2026-08-03T15:32:46.9048590Z     Target 'PaneCompatibilityTests' in project 'Pane'
Native Pane test targets	Run PaneTests	2026-08-03T15:32:46.9050170Z         ➜ Explicit dependency on target 'Pane' in project 'Pane'
Native Pane test targets	Run PaneTests	2026-08-03T15:32:46.9050610Z     Target 'PaneTests' in project 'Pane'
Native Pane test targets	Run PaneTests	2026-08-03T15:32:46.9051200Z         ➜ Explicit dependency on target 'Pane' in project 'Pane'
Native Pane test targets	Run PaneTests	2026-08-03T15:32:46.9051820Z     Target 'Pane' in project 'Pane'
Native Pane test targets	Run PaneTests	2026-08-03T15:32:46.9052490Z         ➜ Explicit dependency on target 'SwiftTerm' in project 'SwiftTerm'
Native Pane test targets	Run PaneTests	2026-08-03T15:32:46.9052870Z     Target 'SwiftTerm' in project 'SwiftTerm'
Native Pane test targets	Run PaneTests	2026-08-03T15:32:46.9053360Z         ➜ Explicit dependency on target 'SwiftTerm' in project 'SwiftTerm'
Native Pane test targets	Run PaneTests	2026-08-03T15:32:46.9053850Z         ➜ Explicit dependency on target 'SwiftTerm_SwiftTerm' in project 'SwiftTerm'
Native Pane test targets	Run PaneTests	2026-08-03T15:32:46.9054310Z     Target 'SwiftTerm' in project 'SwiftTerm'
Native Pane test targets	Run PaneTests	2026-08-03T15:32:46.9054720Z         ➜ Explicit dependency on target 'SwiftTerm_SwiftTerm' in project 'SwiftTerm'
Native Pane test targets	Run PaneTests	2026-08-03T15:32:46.9055240Z     Target 'SwiftTerm_SwiftTerm' in project 'SwiftTerm' (no dependencies)
Native Pane test targets	Run PaneTests	2026-08-03T15:32:46.9055570Z 
Native Pane test targets	Run PaneTests	2026-08-03T15:32:46.9055640Z GatherProvisioningInputs
Native Pane test targets	Run PaneTests	2026-08-03T15:32:46.9055830Z 
Native Pane test targets	Run PaneTests	2026-08-03T15:32:46.9148440Z CreateBuildDescription
Native Pane test targets	Run PaneTests	2026-08-03T15:32:46.9796270Z 
Native Pane test targets	Run PaneTests	2026-08-03T15:32:46.9798950Z ExecuteExternalTool /Applications/Xcode_26.4.1.app/Contents/Developer/Toolchains/XcodeDefault.xctoolchain/usr/bin/swiftc --version
Native Pane test targets	Run PaneTests	2026-08-03T15:32:47.1328910Z 
Native Pane test targets	Run PaneTests	2026-08-03T15:32:47.1332870Z ExecuteExternalTool /Applications/Xcode_26.4.1.app/Contents/Developer/usr/bin/actool --version --output-format xml1
Native Pane test targets	Run PaneTests	2026-08-03T15:32:50.3620500Z 
Native Pane test targets	Run PaneTests	2026-08-03T15:32:50.3622010Z ExecuteExternalTool /Applications/Xcode_26.4.1.app/Contents/Developer/Toolchains/XcodeDefault.xctoolchain/usr/bin/clang -v -E -dM -isysroot /Applications/Xcode_26.4.1.app/Contents/Developer/Platforms/MacOSX.platform/Developer/SDKs/MacOSX26.4.sdk -x c -c /dev/null
Native Pane test targets	Run PaneTests	2026-08-03T15:32:50.3623170Z 
Native Pane test targets	Run PaneTests	2026-08-03T15:32:50.3623680Z ExecuteExternalTool /Applications/Xcode_26.4.1.app/Contents/Developer/Toolchains/XcodeDefault.xctoolchain/usr/bin/ld -version_details
Native Pane test targets	Run PaneTests	2026-08-03T15:32:50.3624190Z 
Native Pane test targets	Run PaneTests	2026-08-03T15:32:50.3624680Z ReadFileContents /Applications/Xcode_26.4.1.app/Contents/Developer/Toolchains/XcodeDefault.xctoolchain/usr/share/docc/features.json
Native Pane test targets	Run PaneTests	2026-08-03T15:32:50.3625290Z 
Native Pane test targets	Run PaneTests	2026-08-03T15:32:50.4408940Z Build description signature: 1e09f85fa63db309164c018b8ec00bc1
Native Pane test targets	Run PaneTests	2026-08-03T15:32:50.4454080Z Build description path: /Users/runner/work/Pane-Terminal/Pane-Terminal/.ci/DerivedData/Build/Intermediates.noindex/XCBuildData/1e09f85fa63db309164c018b8ec00bc1.xcbuilddata
Native Pane test targets	Run PaneTests	2026-08-03T15:32:50.4784580Z ClangStatCache /Applications/Xcode_26.4.1.app/Contents/Developer/Toolchains/XcodeDefault.xctoolchain/usr/bin/clang-stat-cache /Applications/Xcode_26.4.1.app/Contents/Developer/Platforms/MacOSX.platform/Developer/SDKs/MacOSX26.4.sdk /Users/runner/work/Pane-Terminal/Pane-Terminal/.ci/DerivedData/SDKStatCaches.noindex/macosx26.4-25E251-688ef53f1462e2c8f657fdc38a81448f5f67018755ecaf50f85fcd527f9620fa.sdkstatcache
Native Pane test targets	Run PaneTests	2026-08-03T15:32:50.4851660Z     cd /Users/runner/work/Pane-Terminal/Pane-Terminal/Pane.xcodeproj
Native Pane test targets	Run PaneTests	2026-08-03T15:32:50.4854100Z     /Applications/Xcode_26.4.1.app/Contents/Developer/Toolchains/XcodeDefault.xctoolchain/usr/bin/clang-stat-cache /Applications/Xcode_26.4.1.app/Contents/Developer/Platforms/MacOSX.platform/Developer/SDKs/MacOSX26.4.sdk -o /Users/runner/work/Pane-Terminal/Pane-Terminal/.ci/DerivedData/SDKStatCaches.noindex/macosx26.4-25E251-688ef53f1462e2c8f657fdc38a81448f5f67018755ecaf50f85fcd527f9620fa.sdkstatcache
Native Pane test targets	Run PaneTests	2026-08-03T15:32:58.2624670Z 
Native Pane test targets	Run PaneTests	2026-08-03T15:32:58.2641800Z CreateBuildDirectory /Users/runner/work/Pane-Terminal/Pane-Terminal/.ci/DerivedData/Build/Products
Native Pane test targets	Run PaneTests	2026-08-03T15:32:58.2643130Z     cd /Users/runner/work/Pane-Terminal/Pane-Terminal/Pane.xcodeproj
Native Pane test targets	Run PaneTests	2026-08-03T15:32:58.2644850Z     builtin-create-build-directory /Users/runner/work/Pane-Terminal/Pane-Terminal/.ci/DerivedData/Build/Products
Native Pane test targets	Run PaneTests	2026-08-03T15:32:58.2645560Z 
Native Pane test targets	Run PaneTests	2026-08-03T15:32:58.2646020Z CreateBuildDirectory /Users/runner/work/Pane-Terminal/Pane-Terminal/.ci/DerivedData/Build/Intermediates.noindex
Native Pane test targets	Run PaneTests	2026-08-03T15:32:58.2646680Z     cd /Users/runner/work/Pane-Terminal/Pane-Terminal/Pane.xcodeproj
Native Pane test targets	Run PaneTests	2026-08-03T15:32:58.2647590Z     builtin-create-build-directory /Users/runner/work/Pane-Terminal/Pane-Terminal/.ci/DerivedData/Build/Intermediates.noindex
Native Pane test targets	Run PaneTests	2026-08-03T15:32:58.2649030Z 
Native Pane test targets	Run PaneTests	2026-08-03T15:32:58.2649750Z WriteAuxiliaryFile /Users/runner/work/Pane-Terminal/Pane-Terminal/.ci/DerivedData/Build/Intermediates.noindex/Pane.build/Debug/Pane-856c1189ea33eb216496ff32a51b54ce-VFS/all-product-headers.yaml
Native Pane test targets	Run PaneTests	2026-08-03T15:32:58.2651300Z     cd /Users/runner/work/Pane-Terminal/Pane-Terminal/Pane.xcodeproj
Native Pane test targets	Run PaneTests	2026-08-03T15:32:58.2655510Z     write-file /Users/runner/work/Pane-Terminal/Pane-Terminal/.ci/DerivedData/Build/Intermediates.noindex/Pane.build/Debug/Pane-856c1189ea33eb216496ff32a51b54ce-VFS/all-product-headers.yaml
Native Pane test targets	Run PaneTests	2026-08-03T15:32:58.2656500Z 
Native Pane test targets	Run PaneTests	2026-08-03T15:32:58.2656970Z CreateBuildDirectory /Users/runner/work/Pane-Terminal/Pane-Terminal/.ci/DerivedData/Build/Products/Debug
Native Pane test targets	Run PaneTests	2026-08-03T15:32:58.2657610Z     cd /Users/runner/work/Pane-Terminal/Pane-Terminal/Pane.xcodeproj
Native Pane test targets	Run PaneTests	2026-08-03T15:32:58.2658440Z     builtin-create-build-directory /Users/runner/work/Pane-Terminal/Pane-Terminal/.ci/DerivedData/Build/Products/Debug
Native Pane test targets	Run PaneTests	2026-08-03T15:32:58.2659060Z 
Native Pane test targets	Run PaneTests	2026-08-03T15:32:58.2663950Z CreateBuildDirectory /Users/runner/work/Pane-Terminal/Pane-Terminal/.ci/DerivedData/Build/Intermediates.noindex/SwiftExplicitPrecompiledModules
Native Pane test targets	Run PaneTests	2026-08-03T15:32:58.2664950Z     cd /Users/runner/work/Pane-Terminal/Pane-Terminal/Pane.xcodeproj
Native Pane test targets	Run PaneTests	2026-08-03T15:32:58.2665660Z     builtin-create-build-directory /Users/runner/work/Pane-Terminal/Pane-Terminal/.ci/DerivedData/Build/Intermediates.noindex/SwiftExplicitPrecompiledModules
Native Pane test targets	Run PaneTests	2026-08-03T15:32:58.2666240Z 
Native Pane test targets	Run PaneTests	2026-08-03T15:32:58.2667140Z CreateBuildDirectory /Users/runner/work/Pane-Terminal/Pane-Terminal/.ci/DerivedData/Build/Intermediates.noindex/ExplicitPrecompiledModules
Native Pane test targets	Run PaneTests	2026-08-03T15:32:58.2668080Z     cd /Users/runner/work/Pane-Terminal/Pane-Terminal/Pane.xcodeproj
Native Pane test targets	Run PaneTests	2026-08-03T15:32:58.2669000Z     builtin-create-build-directory /Users/runner/work/Pane-Terminal/Pane-Terminal/.ci/DerivedData/Build/Intermediates.noindex/ExplicitPrecompiledModules
Native Pane test targets	Run PaneTests	2026-08-03T15:32:58.2669590Z 
Native Pane test targets	Run PaneTests	2026-08-03T15:32:58.2669950Z CreateBuildDirectory /Users/runner/work/Pane-Terminal/Pane-Terminal/.ci/DerivedData/Build/Intermediates.noindex/EagerLinkingTBDs/Debug
Native Pane test targets	Run PaneTests	2026-08-03T15:32:58.2670740Z     cd /Users/runner/work/Pane-Terminal/Pane-Terminal/Pane.xcodeproj
Native Pane test targets	Run PaneTests	2026-08-03T15:32:58.2671690Z     builtin-create-build-directory /Users/runner/work/Pane-Terminal/Pane-Terminal/.ci/DerivedData/Build/Intermediates.noindex/EagerLinkingTBDs/Debug
Native Pane test targets	Run PaneTests	2026-08-03T15:32:58.2672150Z 
Native Pane test targets	Run PaneTests	2026-08-03T15:32:58.2672610Z CreateBuildDirectory /Users/runner/work/Pane-Terminal/Pane-Terminal/.ci/DerivedData/Build/Products/Debug/PackageFrameworks
Native Pane test targets	Run PaneTests	2026-08-03T15:32:58.2673330Z     cd /Users/runner/work/Pane-Terminal/Pane-Terminal/Pane.xcodeproj
Native Pane test targets	Run PaneTests	2026-08-03T15:32:58.2673970Z     builtin-create-build-directory /Users/runner/work/Pane-Terminal/Pane-Terminal/.ci/DerivedData/Build/Products/Debug/PackageFrameworks
Native Pane test targets	Run PaneTests	2026-08-03T15:32:58.2676300Z 
Native Pane test targets	Run PaneTests	2026-08-03T15:32:58.2676890Z WriteAuxiliaryFile /Users/runner/work/Pane-Terminal/Pane-Terminal/.ci/DerivedData/Build/Intermediates.noindex/Pane.build/Debug/Pane.build/Pane.hmap (in target 'Pane' from project 'Pane')
Native Pane test targets	Run PaneTests	2026-08-03T15:32:58.2681940Z     cd /Users/runner/work/Pane-Terminal/Pane-Terminal
Native Pane test targets	Run PaneTests	2026-08-03T15:32:58.2683030Z     write-file /Users/runner/work/Pane-Terminal/Pane-Terminal/.ci/DerivedData/Build/Intermediates.noindex/Pane.build/Debug/Pane.build/Pane.hmap
Native Pane test targets	Run PaneTests	2026-08-03T15:32:58.2684210Z 
Native Pane test targets	Run PaneTests	2026-08-03T15:32:58.2684920Z WriteAuxiliaryFile /Users/runner/work/Pane-Terminal/Pane-Terminal/.ci/DerivedData/Build/Intermediates.noindex/SwiftTerm.build/Debug/SwiftTerm_SwiftTerm.build/empty-SwiftTerm_SwiftTerm.plist (in target 'SwiftTerm_SwiftTerm' from project 'SwiftTerm')
Native Pane test targets	Run PaneTests	2026-08-03T15:32:58.2686150Z     cd /Users/runner/work/Pane-Terminal/Pane-Terminal/.ci/SourcePackages/checkouts/SwiftTerm
Native Pane test targets	Run PaneTests	2026-08-03T15:32:58.2687040Z     write-file /Users/runner/work/Pane-Terminal/Pane-Terminal/.ci/DerivedData/Build/Intermediates.noindex/SwiftTerm.build/Debug/SwiftTerm_SwiftTerm.build/empty-SwiftTerm_SwiftTerm.plist
Native Pane test targets	Run PaneTests	2026-08-03T15:32:58.2687730Z 
Native Pane test targets	Run PaneTests	2026-08-03T15:32:58.2689850Z WriteAuxiliaryFile /Users/runner/work/Pane-Terminal/Pane-Terminal/.ci/DerivedData/Build/Intermediates.noindex/SwiftTerm.build/Debug/SwiftTerm_SwiftTerm.build/SwiftTerm_SwiftTerm.DependencyStaticMetadataFileList (in target 'SwiftTerm_SwiftTerm' from project 'SwiftTerm')
Native Pane test targets	Run PaneTests	2026-08-03T15:32:58.2691060Z     cd /Users/runner/work/Pane-Terminal/Pane-Terminal/.ci/SourcePackages/checkouts/SwiftTerm
Native Pane test targets	Run PaneTests	2026-08-03T15:32:58.2692000Z     write-file /Users/runner/work/Pane-Terminal/Pane-Terminal/.ci/DerivedData/Build/Intermediates.noindex/SwiftTerm.build/Debug/SwiftTerm_SwiftTerm.build/SwiftTerm_SwiftTerm.DependencyStaticMetadataFileList
Native Pane test targets	Run PaneTests	2026-08-03T15:32:58.2692750Z 
Native Pane test targets	Run PaneTests	2026-08-03T15:32:58.2693560Z WriteAuxiliaryFile /Users/runner/work/Pane-Terminal/Pane-Terminal/.ci/DerivedData/Build/Intermediates.noindex/SwiftTerm.build/Debug/SwiftTerm_SwiftTerm.build/SwiftTerm_SwiftTerm.DependencyMetadataFileList (in target 'SwiftTerm_SwiftTerm' from project 'SwiftTerm')
Native Pane test targets	Run PaneTests	2026-08-03T15:32:58.2696740Z     cd /Users/runner/work/Pane-Terminal/Pane-Terminal/.ci/SourcePackages/checkouts/SwiftTerm
Native Pane test targets	Run PaneTests	2026-08-03T15:32:58.2700290Z     write-file /Users/runner/work/Pane-Terminal/Pane-Terminal/.ci/DerivedData/Build/Intermediates.noindex/SwiftTerm.build/Debug/SwiftTerm_SwiftTerm.build/SwiftTerm_SwiftTerm.DependencyMetadataFileList
Native Pane test targets	Run PaneTests	2026-08-03T15:32:58.2702230Z 
Native Pane test targets	Run PaneTests	2026-08-03T15:32:58.2704510Z WriteAuxiliaryFile /Users/runner/work/Pane-Terminal/Pane-Terminal/.ci/DerivedData/Build/Intermediates.noindex/SwiftTerm.build/Debug/SwiftTerm.build/SwiftTerm.modulemap (in target 'SwiftTerm' from project 'SwiftTerm')
Native Pane test targets	Run PaneTests	2026-08-03T15:32:58.2705520Z     cd /Users/runner/work/Pane-Terminal/Pane-Terminal/.ci/SourcePackages/checkouts/SwiftTerm
Native Pane test targets	Run PaneTests	2026-08-03T15:32:58.2706840Z     write-file /Users/runner/work/Pane-Terminal/Pane-Terminal/.ci/DerivedData/Build/Intermediates.noindex/SwiftTerm.build/Debug/SwiftTerm.build/SwiftTerm.modulemap
Native Pane test targets	Run PaneTests	2026-08-03T15:32:58.2707450Z 
Native Pane test targets	Run PaneTests	2026-08-03T15:32:58.2708380Z WriteAuxiliaryFile /Users/runner/work/Pane-Terminal/Pane-Terminal/.ci/DerivedData/Build/Intermediates.noindex/SwiftTerm.build/Debug/SwiftTerm.build/SwiftTerm.DependencyStaticMetadataFileList (in target 'SwiftTerm' from project 'SwiftTerm')
Native Pane test targets	Run PaneTests	2026-08-03T15:32:58.2710740Z     cd /Users/runner/work/Pane-Terminal/Pane-Terminal/.ci/SourcePackages/checkouts/SwiftTerm
Native Pane test targets	Run PaneTests	2026-08-03T15:32:58.2711610Z     write-file /Users/runner/work/Pane-Terminal/Pane-Terminal/.ci/DerivedData/Build/Intermediates.noindex/SwiftTerm.build/Debug/SwiftTerm.build/SwiftTerm.DependencyStaticMetadataFileList
Native Pane test targets	Run PaneTests	2026-08-03T15:32:58.2713030Z 
Native Pane test targets	Run PaneTests	2026-08-03T15:32:58.2713840Z WriteAuxiliaryFile /Users/runner/work/Pane-Terminal/Pane-Terminal/.ci/DerivedData/Build/Intermediates.noindex/SwiftTerm.build/Debug/SwiftTerm.build/SwiftTerm.DependencyMetadataFileList (in target 'SwiftTerm' from project 'SwiftTerm')
Native Pane test targets	Run PaneTests	2026-08-03T15:32:58.2717530Z     cd /Users/runner/work/Pane-Terminal/Pane-Terminal/.ci/SourcePackages/checkouts/SwiftTerm
Native Pane test targets	Run PaneTests	2026-08-03T15:32:58.2719000Z     write-file /Users/runner/work/Pane-Terminal/Pane-Terminal/.ci/DerivedData/Build/Intermediates.noindex/SwiftTerm.build/Debug/SwiftTerm.build/SwiftTerm.DependencyMetadataFileList
Native Pane test targets	Run PaneTests	2026-08-03T15:32:58.2720090Z 
Native Pane test targets	Run PaneTests	2026-08-03T15:32:58.2721000Z WriteAuxiliaryFile /Users/runner/work/Pane-Terminal/Pane-Terminal/.ci/DerivedData/Build/Intermediates.noindex/SwiftTerm.build/Debug/SwiftTerm.build/Objects-normal/arm64/SwiftTerm_const_extract_protocols.json (in target 'SwiftTerm' from project 'SwiftTerm')
Native Pane test targets	Run PaneTests	2026-08-03T15:32:58.2722240Z     cd /Users/runner/work/Pane-Terminal/Pane-Terminal/.ci/SourcePackages/checkouts/SwiftTerm
Native Pane test targets	Run PaneTests	2026-08-03T15:32:58.2723230Z     write-file /Users/runner/work/Pane-Terminal/Pane-Terminal/.ci/DerivedData/Build/Intermediates.noindex/SwiftTerm.build/Debug/SwiftTerm.build/Objects-normal/arm64/SwiftTerm_const_extract_protocols.json
Native Pane test targets	Run PaneTests	2026-08-03T15:32:58.2723940Z 
Native Pane test targets	Run PaneTests	2026-08-03T15:32:58.2724720Z WriteAuxiliaryFile /Users/runner/work/Pane-Terminal/Pane-Terminal/.ci/DerivedData/Build/Intermediates.noindex/SwiftTerm.build/Debug/SwiftTerm.build/Objects-normal/arm64/SwiftTerm.SwiftFileList (in target 'SwiftTerm' from project 'SwiftTerm')
Native Pane test targets	Run PaneTests	2026-08-03T15:32:58.2726260Z     cd /Users/runner/work/Pane-Terminal/Pane-Terminal/.ci/SourcePackages/checkouts/SwiftTerm
Native Pane test targets	Run PaneTests	2026-08-03T15:32:58.2727230Z     write-file /Users/runner/work/Pane-Terminal/Pane-Terminal/.ci/DerivedData/Build/Intermediates.noindex/SwiftTerm.build/Debug/SwiftTerm.build/Objects-normal/arm64/SwiftTerm.SwiftFileList
Native Pane test targets	Run PaneTests	2026-08-03T15:32:58.2727900Z 
Native Pane test targets	Run PaneTests	2026-08-03T15:32:58.2728820Z WriteAuxiliaryFile /Users/runner/work/Pane-Terminal/Pane-Terminal/.ci/DerivedData/Build/Intermediates.noindex/SwiftTerm.build/Debug/SwiftTerm.build/Objects-normal/arm64/SwiftTerm.SwiftConstValuesFileList (in target 'SwiftTerm' from project 'SwiftTerm')
Native Pane test targets	Run PaneTests	2026-08-03T15:32:58.2730250Z     cd /Users/runner/work/Pane-Terminal/Pane-Terminal/.ci/SourcePackages/checkouts/SwiftTerm
Native Pane test targets	Run PaneTests	2026-08-03T15:32:58.2731230Z     write-file /Users/runner/work/Pane-Terminal/Pane-Terminal/.ci/DerivedData/Build/Intermediates.noindex/SwiftTerm.build/Debug/SwiftTerm.build/Objects-normal/arm64/SwiftTerm.SwiftConstValuesFileList
Native Pane test targets	Run PaneTests	2026-08-03T15:32:58.2732410Z 
Native Pane test targets	Run PaneTests	2026-08-03T15:32:58.2733250Z WriteAuxiliaryFile /Users/runner/work/Pane-Terminal/Pane-Terminal/.ci/DerivedData/Build/Intermediates.noindex/SwiftTerm.build/Debug/SwiftTerm.build/Objects-normal/arm64/SwiftTerm.LinkFileList (in target 'SwiftTerm' from project 'SwiftTerm')
Native Pane test targets	Run PaneTests	2026-08-03T15:32:58.2734660Z     cd /Users/runner/work/Pane-Terminal/Pane-Terminal/.ci/SourcePackages/checkouts/SwiftTerm
Native Pane test targets	Run PaneTests	2026-08-03T15:32:58.2737240Z     write-file /Users/runner/work/Pane-Terminal/Pane-Terminal/.ci/DerivedData/Build/Intermediates.noindex/SwiftTerm.build/Debug/SwiftTerm.build/Objects-normal/arm64/SwiftTerm.LinkFileList
Native Pane test targets	Run PaneTests	2026-08-03T15:32:58.2737950Z 
Native Pane test targets	Run PaneTests	2026-08-03T15:32:58.2738630Z WriteAuxiliaryFile /Users/runner/work/Pane-Terminal/Pane-Terminal/.ci/DerivedData/Build/Intermediates.noindex/SwiftTerm.build/Debug/SwiftTerm.build/Objects-normal/arm64/SwiftTerm-OutputFileMap.json (in target 'SwiftTerm' from project 'SwiftTerm')
Native Pane test targets	Run PaneTests	2026-08-03T15:32:58.2739720Z     cd /Users/runner/work/Pane-Terminal/Pane-Terminal/.ci/SourcePackages/checkouts/SwiftTerm
Native Pane test targets	Run PaneTests	2026-08-03T15:32:58.2740720Z     write-file /Users/runner/work/Pane-Terminal/Pane-Terminal/.ci/DerivedData/Build/Intermediates.noindex/SwiftTerm.build/Debug/SwiftTerm.build/Objects-normal/arm64/SwiftTerm-OutputFileMap.json
Native Pane test targets	Run PaneTests	2026-08-03T15:32:58.2741880Z 
Native Pane test targets	Run PaneTests	2026-08-03T15:32:58.2742640Z WriteAuxiliaryFile /Users/runner/work/Pane-Terminal/Pane-Terminal/.ci/DerivedData/Build/Intermediates.noindex/SwiftTerm.build/Debug/SwiftTerm.build/DerivedSources/resource_bundle_accessor.swift (in target 'SwiftTerm' from project 'SwiftTerm')
Native Pane test targets	Run PaneTests	2026-08-03T15:32:58.2743750Z     cd /Users/runner/work/Pane-Terminal/Pane-Terminal/.ci/SourcePackages/checkouts/SwiftTerm
Native Pane test targets	Run PaneTests	2026-08-03T15:32:58.2744640Z     write-file /Users/runner/work/Pane-Terminal/Pane-Terminal/.ci/DerivedData/Build/Intermediates.noindex/SwiftTerm.build/Debug/SwiftTerm.build/DerivedSources/resource_bundle_accessor.swift
Native Pane test targets	Run PaneTests	2026-08-03T15:32:58.2745290Z 
Native Pane test targets	Run PaneTests	2026-08-03T15:32:58.2745900Z WriteAuxiliaryFile /Users/runner/work/Pane-Terminal/Pane-Terminal/.ci/DerivedData/Build/Intermediates.noindex/Pane.build/Debug/PaneTests.build/empty-PaneTests.plist (in target 'PaneTests' from project 'Pane')
Native Pane test targets	Run PaneTests	2026-08-03T15:32:58.2747220Z     cd /Users/runner/work/Pane-Terminal/Pane-Terminal
Native Pane test targets	Run PaneTests	2026-08-03T15:32:58.2747980Z     write-file /Users/runner/work/Pane-Terminal/Pane-Terminal/.ci/DerivedData/Build/Intermediates.noindex/Pane.build/Debug/PaneTests.build/empty-PaneTests.plist
Native Pane test targets	Run PaneTests	2026-08-03T15:32:58.2748520Z 
Native Pane test targets	Run PaneTests	2026-08-03T15:32:58.2749040Z WriteAuxiliaryFile /Users/runner/work/Pane-Terminal/Pane-Terminal/.ci/DerivedData/Build/Intermediates.noindex/Pane.build/Debug/PaneTests.build/PaneTests.hmap (in target 'PaneTests' from project 'Pane')
Native Pane test targets	Run PaneTests	2026-08-03T15:32:58.2749860Z     cd /Users/runner/work/Pane-Terminal/Pane-Terminal
Native Pane test targets	Run PaneTests	2026-08-03T15:32:58.2750470Z     write-file /Users/runner/work/Pane-Terminal/Pane-Terminal/.ci/DerivedData/Build/Intermediates.noindex/Pane.build/Debug/PaneTests.build/PaneTests.hmap
Native Pane test targets	Run PaneTests	2026-08-03T15:32:58.2751070Z 
Native Pane test targets	Run PaneTests	2026-08-03T15:32:58.2751720Z WriteAuxiliaryFile /Users/runner/work/Pane-Terminal/Pane-Terminal/.ci/DerivedData/Build/Intermediates.noindex/Pane.build/Debug/PaneTests.build/PaneTests.DependencyStaticMetadataFileList (in target 'PaneTests' from project 'Pane')
Native Pane test targets	Run PaneTests	2026-08-03T15:32:58.2752660Z     cd /Users/runner/work/Pane-Terminal/Pane-Terminal
Native Pane test targets	Run PaneTests	2026-08-03T15:32:58.2753440Z     write-file /Users/runner/work/Pane-Terminal/Pane-Terminal/.ci/DerivedData/Build/Intermediates.noindex/Pane.build/Debug/PaneTests.build/PaneTests.DependencyStaticMetadataFileList
Native Pane test targets	Run PaneTests	2026-08-03T15:32:58.2754140Z 
Native Pane test targets	Run PaneTests	2026-08-03T15:32:58.2754860Z WriteAuxiliaryFile /Users/runner/work/Pane-Terminal/Pane-Terminal/.ci/DerivedData/Build/Intermediates.noindex/Pane.build/Debug/PaneTests.build/PaneTests.DependencyMetadataFileList (in target 'PaneTests' from project 'Pane')
Native Pane test targets	Run PaneTests	2026-08-03T15:32:58.2755870Z     cd /Users/runner/work/Pane-Terminal/Pane-Terminal
Native Pane test targets	Run PaneTests	2026-08-03T15:32:58.2756550Z     write-file /Users/runner/work/Pane-Terminal/Pane-Terminal/.ci/DerivedData/Build/Intermediates.noindex/Pane.build/Debug/PaneTests.build/PaneTests.DependencyMetadataFileList
Native Pane test targets	Run PaneTests	2026-08-03T15:32:58.2757450Z 
Native Pane test targets	Run PaneTests	2026-08-03T15:32:58.2758140Z WriteAuxiliaryFile /Users/runner/work/Pane-Terminal/Pane-Terminal/.ci/DerivedData/Build/Intermediates.noindex/Pane.build/Debug/PaneTests.build/PaneTests-project-headers.hmap (in target 'PaneTests' from project 'Pane')
Native Pane test targets	Run PaneTests	2026-08-03T15:32:58.2759220Z     cd /Users/runner/work/Pane-Terminal/Pane-Terminal
Native Pane test targets	Run PaneTests	2026-08-03T15:32:58.2760020Z     write-file /Users/runner/work/Pane-Terminal/Pane-Terminal/.ci/DerivedData/Build/Intermediates.noindex/Pane.build/Debug/PaneTests.build/PaneTests-project-headers.hmap
Native Pane test targets	Run PaneTests	2026-08-03T15:32:58.2789200Z 
Native Pane test targets	Run PaneTests	2026-08-03T15:32:58.2789890Z WriteAuxiliaryFile /Users/runner/work/Pane-Terminal/Pane-Terminal/.ci/DerivedData/Build/Intermediates.noindex/Pane.build/Debug/PaneTests.build/PaneTests-own-target-headers.hmap (in target 'PaneTests' from project 'Pane')
Native Pane test targets	Run PaneTests	2026-08-03T15:32:58.2790810Z     cd /Users/runner/work/Pane-Terminal/Pane-Terminal
Native Pane test targets	Run PaneTests	2026-08-03T15:32:58.2791540Z     write-file /Users/runner/work/Pane-Terminal/Pane-Terminal/.ci/DerivedData/Build/Intermediates.noindex/Pane.build/Debug/PaneTests.build/PaneTests-own-target-headers.hmap
Native Pane test targets	Run PaneTests	2026-08-03T15:32:58.2792140Z 
Native Pane test targets	Run PaneTests	2026-08-03T15:32:58.2792730Z WriteAuxiliaryFile /Users/runner/work/Pane-Terminal/Pane-Terminal/.ci/DerivedData/Build/Intermediates.noindex/Pane.build/Debug/PaneTests.build/PaneTests-generated-files.hmap (in target 'PaneTests' from project 'Pane')
Native Pane test targets	Run PaneTests	2026-08-03T15:32:58.2793570Z     cd /Users/runner/work/Pane-Terminal/Pane-Terminal
Native Pane test targets	Run PaneTests	2026-08-03T15:32:58.2794350Z     write-file /Users/runner/work/Pane-Terminal/Pane-Terminal/.ci/DerivedData/Build/Intermediates.noindex/Pane.build/Debug/PaneTests.build/PaneTests-generated-files.hmap
Native Pane test targets	Run PaneTests	2026-08-03T15:32:58.2795020Z 
Native Pane test targets	Run PaneTests	2026-08-03T15:32:58.2795690Z WriteAuxiliaryFile /Users/runner/work/Pane-Terminal/Pane-Terminal/.ci/DerivedData/Build/Intermediates.noindex/Pane.build/Debug/PaneTests.build/PaneTests-all-target-headers.hmap (in target 'PaneTests' from project 'Pane')
Native Pane test targets	Run PaneTests	2026-08-03T15:32:58.2797060Z     cd /Users/runner/work/Pane-Terminal/Pane-Terminal
Native Pane test targets	Run PaneTests	2026-08-03T15:32:58.2797810Z     write-file /Users/runner/work/Pane-Terminal/Pane-Terminal/.ci/DerivedData/Build/Intermediates.noindex/Pane.build/Debug/PaneTests.build/PaneTests-all-target-headers.hmap
Native Pane test targets	Run PaneTests	2026-08-03T15:32:58.2798470Z 
Native Pane test targets	Run PaneTests	2026-08-03T15:32:58.2799150Z WriteAuxiliaryFile /Users/runner/work/Pane-Terminal/Pane-Terminal/.ci/DerivedData/Build/Intermediates.noindex/Pane.build/Debug/PaneTests.build/PaneTests-all-non-framework-target-headers.hmap (in target 'PaneTests' from project 'Pane')
Native Pane test targets	Run PaneTests	2026-08-03T15:32:58.2800160Z     cd /Users/runner/work/Pane-Terminal/Pane-Terminal
Native Pane test targets	Run PaneTests	2026-08-03T15:32:58.2800930Z     write-file /Users/runner/work/Pane-Terminal/Pane-Terminal/.ci/DerivedData/Build/Intermediates.noindex/Pane.build/Debug/PaneTests.build/PaneTests-all-non-framework-target-headers.hmap
Native Pane test targets	Run PaneTests	2026-08-03T15:32:58.2801600Z 
Native Pane test targets	Run PaneTests	2026-08-03T15:32:58.2802360Z WriteAuxiliaryFile /Users/runner/work/Pane-Terminal/Pane-Terminal/.ci/DerivedData/Build/Intermediates.noindex/Pane.build/Debug/PaneTests.build/Objects-normal/arm64/PaneTests_const_extract_protocols.json (in target 'PaneTests' from project 'Pane')
Native Pane test targets	Run PaneTests	2026-08-03T15:32:58.2803470Z     cd /Users/runner/work/Pane-Terminal/Pane-Terminal
Native Pane test targets	Run PaneTests	2026-08-03T15:32:58.2804260Z     write-file /Users/runner/work/Pane-Terminal/Pane-Terminal/.ci/DerivedData/Build/Intermediates.noindex/Pane.build/Debug/PaneTests.build/Objects-normal/arm64/PaneTests_const_extract_protocols.json
Native Pane test targets	Run PaneTests	2026-08-03T15:32:58.2804920Z 
Native Pane test targets	Run PaneTests	2026-08-03T15:32:58.2805580Z WriteAuxiliaryFile /Users/runner/work/Pane-Terminal/Pane-Terminal/.ci/DerivedData/Build/Intermediates.noindex/Pane.build/Debug/PaneTests.build/Objects-normal/arm64/PaneTests.SwiftFileList (in target 'PaneTests' from project 'Pane')
Native Pane test targets	Run PaneTests	2026-08-03T15:32:58.2806440Z     cd /Users/runner/work/Pane-Terminal/Pane-Terminal
Native Pane test targets	Run PaneTests	2026-08-03T15:32:58.2807190Z     write-file /Users/runner/work/Pane-Terminal/Pane-Terminal/.ci/DerivedData/Build/Intermediates.noindex/Pane.build/Debug/PaneTests.build/Objects-normal/arm64/PaneTests.SwiftFileList
Native Pane test targets	Run PaneTests	2026-08-03T15:32:58.2808030Z 
Native Pane test targets	Run PaneTests	2026-08-03T15:32:58.2808680Z WriteAuxiliaryFile /Users/runner/work/Pane-Terminal/Pane-Terminal/.ci/DerivedData/Build/Intermediates.noindex/Pane.build/Debug/PaneTests.build/Objects-normal/arm64/PaneTests.SwiftConstValuesFileList (in target 'PaneTests' from project 'Pane')
Native Pane test targets	Run PaneTests	2026-08-03T15:32:58.2809580Z     cd /Users/runner/work/Pane-Terminal/Pane-Terminal
Native Pane test targets	Run PaneTests	2026-08-03T15:32:58.2810250Z     write-file /Users/runner/work/Pane-Terminal/Pane-Terminal/.ci/DerivedData/Build/Intermediates.noindex/Pane.build/Debug/PaneTests.build/Objects-normal/arm64/PaneTests.SwiftConstValuesFileList
Native Pane test targets	Run PaneTests	2026-08-03T15:32:58.2811140Z 
Native Pane test targets	Run PaneTests	2026-08-03T15:32:58.2811780Z WriteAuxiliaryFile /Users/runner/work/Pane-Terminal/Pane-Terminal/.ci/DerivedData/Build/Intermediates.noindex/Pane.build/Debug/PaneTests.build/Objects-normal/arm64/PaneTests.LinkFileList (in target 'PaneTests' from project 'Pane')
Native Pane test targets	Run PaneTests	2026-08-03T15:32:58.2812660Z     cd /Users/runner/work/Pane-Terminal/Pane-Terminal
Native Pane test targets	Run PaneTests	2026-08-03T15:32:58.2813310Z     write-file /Users/runner/work/Pane-Terminal/Pane-Terminal/.ci/DerivedData/Build/Intermediates.noindex/Pane.build/Debug/PaneTests.build/Objects-normal/arm64/PaneTests.LinkFileList
Native Pane test targets	Run PaneTests	2026-08-03T15:32:58.2813860Z 
Native Pane test targets	Run PaneTests	2026-08-03T15:32:58.2814520Z WriteAuxiliaryFile /Users/runner/work/Pane-Terminal/Pane-Terminal/.ci/DerivedData/Build/Intermediates.noindex/Pane.build/Debug/PaneTests.build/Objects-normal/arm64/PaneTests-OutputFileMap.json (in target 'PaneTests' from project 'Pane')
Native Pane test targets	Run PaneTests	2026-08-03T15:32:58.2815420Z     cd /Users/runner/work/Pane-Terminal/Pane-Terminal
Native Pane test targets	Run PaneTests	2026-08-03T15:32:58.2816220Z     write-file /Users/runner/work/Pane-Terminal/Pane-Terminal/.ci/DerivedData/Build/Intermediates.noindex/Pane.build/Debug/PaneTests.build/Objects-normal/arm64/PaneTests-OutputFileMap.json
Native Pane test targets	Run PaneTests	2026-08-03T15:32:58.2817000Z 
Native Pane test targets	Run PaneTests	2026-08-03T15:32:58.2817680Z WriteAuxiliaryFile /Users/runner/work/Pane-Terminal/Pane-Terminal/.ci/DerivedData/Build/Intermediates.noindex/Pane.build/Debug/PaneCompatibilityTests.build/empty-PaneCompatibilityTests.plist (in target 'PaneCompatibilityTests' from project 'Pane')
Native Pane test targets	Run PaneTests	2026-08-03T15:32:58.2818870Z     cd /Users/runner/work/Pane-Terminal/Pane-Terminal
Native Pane test targets	Run PaneTests	2026-08-03T15:32:58.2819790Z     write-file /Users/runner/work/Pane-Terminal/Pane-Terminal/.ci/DerivedData/Build/Intermediates.noindex/Pane.build/Debug/PaneCompatibilityTests.build/empty-PaneCompatibilityTests.plist
Native Pane test targets	Run PaneTests	2026-08-03T15:32:58.2820380Z 
Native Pane test targets	Run PaneTests	2026-08-03T15:32:58.2821040Z WriteAuxiliaryFile /Users/runner/work/Pane-Terminal/Pane-Terminal/.ci/DerivedData/Build/Intermediates.noindex/Pane.build/Debug/PaneCompatibilityTests.build/PaneCompatibilityTests.hmap (in target 'PaneCompatibilityTests' from project 'Pane')
Native Pane test targets	Run PaneTests	2026-08-03T15:32:58.2821860Z     cd /Users/runner/work/Pane-Terminal/Pane-Terminal
Native Pane test targets	Run PaneTests	2026-08-03T15:32:58.2822490Z     write-file /Users/runner/work/Pane-Terminal/Pane-Terminal/.ci/DerivedData/Build/Intermediates.noindex/Pane.build/Debug/PaneCompatibilityTests.build/PaneCompatibilityTests.hmap
Native Pane test targets	Run PaneTests	2026-08-03T15:32:58.2823060Z 
Native Pane test targets	Run PaneTests	2026-08-03T15:32:58.2824000Z WriteAuxiliaryFile /Users/runner/work/Pane-Terminal/Pane-Terminal/.ci/DerivedData/Build/Intermediates.noindex/Pane.build/Debug/PaneCompatibilityTests.build/PaneCompatibilityTests.DependencyStaticMetadataFileList (in target 'PaneCompatibilityTests' from project 'Pane')
Native Pane test targets	Run PaneTests	2026-08-03T15:32:58.2825160Z     cd /Users/runner/work/Pane-Terminal/Pane-Terminal
Native Pane test targets	Run PaneTests	2026-08-03T15:32:58.2825880Z     write-file /Users/runner/work/Pane-Terminal/Pane-Terminal/.ci/DerivedData/Build/Intermediates.noindex/Pane.build/Debug/PaneCompatibilityTests.build/PaneCompatibilityTests.DependencyStaticMetadataFileList
Native Pane test targets	Run PaneTests	2026-08-03T15:32:58.2826520Z 
Native Pane test targets	Run PaneTests	2026-08-03T15:32:58.2827290Z WriteAuxiliaryFile /Users/runner/work/Pane-Terminal/Pane-Terminal/.ci/DerivedData/Build/Intermediates.noindex/Pane.build/Debug/PaneCompatibilityTests.build/PaneCompatibilityTests.DependencyMetadataFileList (in target 'PaneCompatibilityTests' from project 'Pane')
Native Pane test targets	Run PaneTests	2026-08-03T15:32:58.2828630Z     cd /Users/runner/work/Pane-Terminal/Pane-Terminal
Native Pane test targets	Run PaneTests	2026-08-03T15:32:58.2829600Z     write-file /Users/runner/work/Pane-Terminal/Pane-Terminal/.ci/DerivedData/Build/Intermediates.noindex/Pane.build/Debug/PaneCompatibilityTests.build/PaneCompatibilityTests.DependencyMetadataFileList
Native Pane test targets	Run PaneTests	2026-08-03T15:32:58.2830570Z 
Native Pane test targets	Run PaneTests	2026-08-03T15:32:58.2831380Z WriteAuxiliaryFile /Users/runner/work/Pane-Terminal/Pane-Terminal/.ci/DerivedData/Build/Intermediates.noindex/Pane.build/Debug/PaneCompatibilityTests.build/PaneCompatibilityTests-project-headers.hmap (in target 'PaneCompatibilityTests' from project 'Pane')
Native Pane test targets	Run PaneTests	2026-08-03T15:32:58.2832290Z     cd /Users/runner/work/Pane-Terminal/Pane-Terminal
Native Pane test targets	Run PaneTests	2026-08-03T15:32:58.2833150Z     write-file /Users/runner/work/Pane-Terminal/Pane-Terminal/.ci/DerivedData/Build/Intermediates.noindex/Pane.build/Debug/PaneCompatibilityTests.build/PaneCompatibilityTests-project-headers.hmap
Native Pane test targets	Run PaneTests	2026-08-03T15:32:58.2833770Z 
Native Pane test targets	Run PaneTests	2026-08-03T15:32:58.2834550Z WriteAuxiliaryFile /Users/runner/work/Pane-Terminal/Pane-Terminal/.ci/DerivedData/Build/Intermediates.noindex/Pane.build/Debug/PaneCompatibilityTests.build/PaneCompatibilityTests-own-target-headers.hmap (in target 'PaneCompatibilityTests' from project 'Pane')
Native Pane test targets	Run PaneTests	2026-08-03T15:32:58.2835460Z     cd /Users/runner/work/Pane-Terminal/Pane-Terminal
Native Pane test targets	Run PaneTests	2026-08-03T15:32:58.2836320Z     write-file /Users/runner/work/Pane-Terminal/Pane-Terminal/.ci/DerivedData/Build/Intermediates.noindex/Pane.build/Debug/PaneCompatibilityTests.build/PaneCompatibilityTests-own-target-headers.hmap
Native Pane test targets	Run PaneTests	2026-08-03T15:32:58.2836930Z 
Native Pane test targets	Run PaneTests	2026-08-03T15:32:58.2837630Z WriteAuxiliaryFile /Users/runner/work/Pane-Terminal/Pane-Terminal/.ci/DerivedData/Build/Intermediates.noindex/Pane.build/Debug/PaneCompatibilityTests.build/PaneCompatibilityTests-generated-files.hmap (in target 'PaneCompatibilityTests' from project 'Pane')
Native Pane test targets	Run PaneTests	2026-08-03T15:32:58.2838800Z     cd /Users/runner/work/Pane-Terminal/Pane-Terminal
Native Pane test targets	Run PaneTests	2026-08-03T15:32:58.2839620Z     write-file /Users/runner/work/Pane-Terminal/Pane-Terminal/.ci/DerivedData/Build/Intermediates.noindex/Pane.build/Debug/PaneCompatibilityTests.build/PaneCompatibilityTests-generated-files.hmap
Native Pane test targets	Run PaneTests	2026-08-03T15:32:58.2840480Z 
Native Pane test targets	Run PaneTests	2026-08-03T15:32:58.2841290Z WriteAuxiliaryFile /Users/runner/work/Pane-Terminal/Pane-Terminal/.ci/DerivedData/Build/Intermediates.noindex/Pane.build/Debug/PaneCompatibilityTests.build/PaneCompatibilityTests-all-target-headers.hmap (in target 'PaneCompatibilityTests' from project 'Pane')
Native Pane test targets	Run PaneTests	2026-08-03T15:32:58.2842360Z     cd /Users/runner/work/Pane-Terminal/Pane-Terminal
Native Pane test targets	Run PaneTests	2026-08-03T15:32:58.2843150Z     write-file /Users/runner/work/Pane-Terminal/Pane-Terminal/.ci/DerivedData/Build/Intermediates.noindex/Pane.build/Debug/PaneCompatibilityTests.build/PaneCompatibilityTests-all-target-headers.hmap
Native Pane test targets	Run PaneTests	2026-08-03T15:32:58.2843800Z 
Native Pane test targets	Run PaneTests	2026-08-03T15:32:58.2844940Z WriteAuxiliaryFile /Users/runner/work/Pane-Terminal/Pane-Terminal/.ci/DerivedData/Build/Intermediates.noindex/Pane.build/Debug/PaneCompatibilityTests.build/PaneCompatibilityTests-all-non-framework-target-headers.hmap (in target 'PaneCompatibilityTests' from project 'Pane')
Native Pane test targets	Run PaneTests	2026-08-03T15:32:58.2846680Z     cd /Users/runner/work/Pane-Terminal/Pane-Terminal
Native Pane test targets	Run PaneTests	2026-08-03T15:32:58.2847520Z     write-file /Users/runner/work/Pane-Terminal/Pane-Terminal/.ci/DerivedData/Build/Intermediates.noindex/Pane.build/Debug/PaneCompatibilityTests.build/PaneCompatibilityTests-all-non-framework-target-headers.hmap
Native Pane test targets	Run PaneTests	2026-08-03T15:32:58.2848330Z 
Native Pane test targets	Run PaneTests	2026-08-03T15:32:58.2849370Z WriteAuxiliaryFile /Users/runner/work/Pane-Terminal/Pane-Terminal/.ci/DerivedData/Build/Intermediates.noindex/Pane.build/Debug/PaneCompatibilityTests.build/Objects-normal/arm64/PaneCompatibilityTests_const_extract_protocols.json (in target 'PaneCompatibilityTests' from project 'Pane')
Native Pane test targets	Run PaneTests	2026-08-03T15:32:58.2850560Z     cd /Users/runner/work/Pane-Terminal/Pane-Terminal
Native Pane test targets	Run PaneTests	2026-08-03T15:32:58.2851330Z     write-file /Users/runner/work/Pane-Terminal/Pane-Terminal/.ci/DerivedData/Build/Intermediates.noindex/Pane.build/Debug/PaneCompatibilityTests.build/Objects-normal/arm64/PaneCompatibilityTests_const_extract_protocols.json
Native Pane test targets	Run PaneTests	2026-08-03T15:32:58.2852000Z 
Native Pane test targets	Run PaneTests	2026-08-03T15:32:58.2853130Z WriteAuxiliaryFile /Users/runner/work/Pane-Terminal/Pane-Terminal/.ci/DerivedData/Build/Intermediates.noindex/Pane.build/Debug/PaneCompatibilityTests.build/Objects-normal/arm64/PaneCompatibilityTests.SwiftFileList (in target 'PaneCompatibilityTests' from project 'Pane')
Native Pane test targets	Run PaneTests	2026-08-03T15:32:58.2854650Z     cd /Users/runner/work/Pane-Terminal/Pane-Terminal
Native Pane test targets	Run PaneTests	2026-08-03T15:32:58.2855560Z     write-file /Users/runner/work/Pane-Terminal/Pane-Terminal/.ci/DerivedData/Build/Intermediates.noindex/Pane.build/Debug/PaneCompatibilityTests.build/Objects-normal/arm64/PaneCompatibilityTests.SwiftFileList
Native Pane test targets	Run PaneTests	2026-08-03T15:32:58.2856210Z 
Native Pane test targets	Run PaneTests	2026-08-03T15:32:58.2857080Z WriteAuxiliaryFile /Users/runner/work/Pane-Terminal/Pane-Terminal/.ci/DerivedData/Build/Intermediates.noindex/Pane.build/Debug/PaneCompatibilityTests.build/Objects-normal/arm64/PaneCompatibilityTests.SwiftConstValuesFileList (in target 'PaneCompatibilityTests' from project 'Pane')
Native Pane test targets	Run PaneTests	2026-08-03T15:32:58.2858270Z     cd /Users/runner/work/Pane-Terminal/Pane-Terminal
Native Pane test targets	Run PaneTests	2026-08-03T15:32:58.2859150Z     write-file /Users/runner/work/Pane-Terminal/Pane-Terminal/.ci/DerivedData/Build/Intermediates.noindex/Pane.build/Debug/PaneCompatibilityTests.build/Objects-normal/arm64/PaneCompatibilityTests.SwiftConstValuesFileList
Native Pane test targets	Run PaneTests	2026-08-03T15:32:58.2860310Z 
Native Pane test targets	Run PaneTests	2026-08-03T15:32:58.2861320Z WriteAuxiliaryFile /Users/runner/work/Pane-Terminal/Pane-Terminal/.ci/DerivedData/Build/Intermediates.noindex/Pane.build/Debug/PaneCompatibilityTests.build/Objects-normal/arm64/PaneCompatibilityTests.LinkFileList (in target 'PaneCompatibilityTests' from project 'Pane')
Native Pane test targets	Run PaneTests	2026-08-03T15:32:58.2862350Z     cd /Users/runner/work/Pane-Terminal/Pane-Terminal
Native Pane test targets	Run PaneTests	2026-08-03T15:32:58.2863270Z     write-file /Users/runner/work/Pane-Terminal/Pane-Terminal/.ci/DerivedData/Build/Intermediates.noindex/Pane.build/Debug/PaneCompatibilityTests.build/Objects-normal/arm64/PaneCompatibilityTests.LinkFileList
Native Pane test targets	Run PaneTests	2026-08-03T15:32:58.2864200Z 
Native Pane test targets	Run PaneTests	2026-08-03T15:32:58.2864990Z WriteAuxiliaryFile /Users/runner/work/Pane-Terminal/Pane-Terminal/.ci/DerivedData/Build/Intermediates.noindex/Pane.build/Debug/PaneCompatibilityTests.build/Objects-normal/arm64/PaneCompatibilityTests-OutputFileMap.json (in target 'PaneCompatibilityTests' from project 'Pane')
Native Pane test targets	Run PaneTests	2026-08-03T15:32:58.2866510Z     cd /Users/runner/work/Pane-Terminal/Pane-Terminal
Native Pane test targets	Run PaneTests	2026-08-03T15:32:58.2867310Z     write-file /Users/runner/work/Pane-Terminal/Pane-Terminal/.ci/DerivedData/Build/Intermediates.noindex/Pane.build/Debug/PaneCompatibilityTests.build/Objects-normal/arm64/PaneCompatibilityTests-OutputFileMap.json
Native Pane test targets	Run PaneTests	2026-08-03T15:32:58.2868020Z 
Native Pane test targets	Run PaneTests	2026-08-03T15:32:58.2868690Z WriteAuxiliaryFile /Users/runner/work/Pane-Terminal/Pane-Terminal/.ci/DerivedData/Build/Intermediates.noindex/Pane.build/Debug/Pane.build/Pane.DependencyStaticMetadataFileList (in target 'Pane' from project 'Pane')
Native Pane test targets	Run PaneTests	2026-08-03T15:32:58.2869660Z     cd /Users/runner/work/Pane-Terminal/Pane-Terminal
Native Pane test targets	Run PaneTests	2026-08-03T15:32:58.2870350Z     write-file /Users/runner/work/Pane-Terminal/Pane-Terminal/.ci/DerivedData/Build/Intermediates.noindex/Pane.build/Debug/Pane.build/Pane.DependencyStaticMetadataFileList
Native Pane test targets	Run PaneTests	2026-08-03T15:32:58.2871030Z 
Native Pane test targets	Run PaneTests	2026-08-03T15:32:58.2871600Z WriteAuxiliaryFile /Users/runner/work/Pane-Terminal/Pane-Terminal/.ci/DerivedData/Build/Intermediates.noindex/Pane.build/Debug/Pane.build/Pane.DependencyMetadataFileList (in target 'Pane' from project 'Pane')
Native Pane test targets	Run PaneTests	2026-08-03T15:32:58.2872390Z     cd /Users/runner/work/Pane-Terminal/Pane-Terminal
Native Pane test targets	Run PaneTests	2026-08-03T15:32:58.2873080Z     write-file /Users/runner/work/Pane-Terminal/Pane-Terminal/.ci/DerivedData/Build/Intermediates.noindex/Pane.build/Debug/Pane.build/Pane.DependencyMetadataFileList
Native Pane test targets	Run PaneTests	2026-08-03T15:32:58.2873620Z 
Native Pane test targets	Run PaneTests	2026-08-03T15:32:58.2874270Z WriteAuxiliaryFile /Users/runner/work/Pane-Terminal/Pane-Terminal/.ci/DerivedData/Build/Intermediates.noindex/Pane.build/Debug/Pane.build/Pane-project-headers.hmap (in target 'Pane' from project 'Pane')
Native Pane test targets	Run PaneTests	2026-08-03T15:32:58.2875140Z     cd /Users/runner/work/Pane-Terminal/Pane-Terminal
Native Pane test targets	Run PaneTests	2026-08-03T15:32:58.2875760Z     write-file /Users/runner/work/Pane-Terminal/Pane-Terminal/.ci/DerivedData/Build/Intermediates.noindex/Pane.build/Debug/Pane.build/Pane-project-headers.hmap
Native Pane test targets	Run PaneTests	2026-08-03T15:32:58.2876780Z 
Native Pane test targets	Run PaneTests	2026-08-03T15:32:58.2877440Z WriteAuxiliaryFile /Users/runner/work/Pane-Terminal/Pane-Terminal/.ci/DerivedData/Build/Intermediates.noindex/Pane.build/Debug/Pane.build/Pane-own-target-headers.hmap (in target 'Pane' from project 'Pane')
Native Pane test targets	Run PaneTests	2026-08-03T15:32:58.2878200Z     cd /Users/runner/work/Pane-Terminal/Pane-Terminal
Native Pane test targets	Run PaneTests	2026-08-03T15:32:58.2878820Z     write-file /Users/runner/work/Pane-Terminal/Pane-Terminal/.ci/DerivedData/Build/Intermediates.noindex/Pane.build/Debug/Pane.build/Pane-own-target-headers.hmap
Native Pane test targets	Run PaneTests	2026-08-03T15:32:58.2879360Z 
Native Pane test targets	Run PaneTests	2026-08-03T15:32:58.2880040Z WriteAuxiliaryFile /Users/runner/work/Pane-Terminal/Pane-Terminal/.ci/DerivedData/Build/Intermediates.noindex/Pane.build/Debug/Pane.build/Pane-generated-files.hmap (in target 'Pane' from project 'Pane')
Native Pane test targets	Run PaneTests	2026-08-03T15:32:58.2880990Z     cd /Users/runner/work/Pane-Terminal/Pane-Terminal
Native Pane test targets	Run PaneTests	2026-08-03T15:32:58.2881670Z     write-file /Users/runner/work/Pane-Terminal/Pane-Terminal/.ci/DerivedData/Build/Intermediates.noindex/Pane.build/Debug/Pane.build/Pane-generated-files.hmap
Native Pane test targets	Run PaneTests	2026-08-03T15:32:58.2882220Z 
Native Pane test targets	Run PaneTests	2026-08-03T15:32:58.2882800Z WriteAuxiliaryFile /Users/runner/work/Pane-Terminal/Pane-Terminal/.ci/DerivedData/Build/Intermediates.noindex/Pane.build/Debug/Pane.build/Pane-all-target-headers.hmap (in target 'Pane' from project 'Pane')
Native Pane test targets	Run PaneTests	2026-08-03T15:32:58.2886160Z     cd /Users/runner/work/Pane-Terminal/Pane-Terminal
Native Pane test targets	Run PaneTests	2026-08-03T15:32:58.2887590Z     write-file /Users/runner/work/Pane-Terminal/Pane-Terminal/.ci/DerivedData/Build/Intermediates.noindex/Pane.build/Debug/Pane.build/Pane-all-target-headers.hmap
Native Pane test targets	Run PaneTests	2026-08-03T15:32:58.2888840Z 
Native Pane test targets	Run PaneTests	2026-08-03T15:32:58.2889960Z WriteAuxiliaryFile /Users/runner/work/Pane-Terminal/Pane-Terminal/.ci/DerivedData/Build/Intermediates.noindex/Pane.build/Debug/Pane.build/Pane-all-non-framework-target-headers.hmap (in target 'Pane' from project 'Pane')
Native Pane test targets	Run PaneTests	2026-08-03T15:32:58.2891530Z     cd /Users/runner/work/Pane-Terminal/Pane-Terminal
Native Pane test targets	Run PaneTests	2026-08-03T15:32:58.2893350Z     write-file /Users/runner/work/Pane-Terminal/Pane-Terminal/.ci/DerivedData/Build/Intermediates.noindex/Pane.build/Debug/Pane.build/Pane-all-non-framework-target-headers.hmap
Native Pane test targets	Run PaneTests	2026-08-03T15:32:58.2894600Z 
Native Pane test targets	Run PaneTests	2026-08-03T15:32:58.2895320Z WriteAuxiliaryFile /Users/runner/work/Pane-Terminal/Pane-Terminal/.ci/DerivedData/Build/Intermediates.noindex/Pane.build/Debug/Pane.build/Pane-DebugDylibPath-normal-arm64.txt (in target 'Pane' from project 'Pane')
Native Pane test targets	Run PaneTests	2026-08-03T15:32:58.2896350Z     cd /Users/runner/work/Pane-Terminal/Pane-Terminal
Native Pane test targets	Run PaneTests	2026-08-03T15:32:58.2898820Z     write-file /Users/runner/work/Pane-Terminal/Pane-Terminal/.ci/DerivedData/Build/Intermediates.noindex/Pane.build/Debug/Pane.build/Pane-DebugDylibPath-normal-arm64.txt
Native Pane test targets	Run PaneTests	2026-08-03T15:32:58.2899830Z 
Native Pane test targets	Run PaneTests	2026-08-03T15:32:58.2900570Z WriteAuxiliaryFile /Users/runner/work/Pane-Terminal/Pane-Terminal/.ci/DerivedData/Build/Intermediates.noindex/Pane.build/Debug/Pane.build/Pane-DebugDylibInstallName-normal-arm64.txt (in target 'Pane' from project 'Pane')
Native Pane test targets	Run PaneTests	2026-08-03T15:32:58.2901490Z     cd /Users/runner/work/Pane-Terminal/Pane-Terminal
Native Pane test targets	Run PaneTests	2026-08-03T15:32:58.2903810Z     write-file /Users/runner/work/Pane-Terminal/Pane-Terminal/.ci/DerivedData/Build/Intermediates.noindex/Pane.build/Debug/Pane.build/Pane-DebugDylibInstallName-normal-arm64.txt
Native Pane test targets	Run PaneTests	2026-08-03T15:32:58.2905330Z 
Native Pane test targets	Run PaneTests	2026-08-03T15:32:58.2907100Z WriteAuxiliaryFile /Users/runner/work/Pane-Terminal/Pane-Terminal/.ci/DerivedData/Build/Intermediates.noindex/Pane.build/Debug/Pane.build/Objects-normal/arm64/Pane_const_extract_protocols.json (in target 'Pane' from project 'Pane')
Native Pane test targets	Run PaneTests	2026-08-03T15:32:58.2910640Z     cd /Users/runner/work/Pane-Terminal/Pane-Terminal
Native Pane test targets	Run PaneTests	2026-08-03T15:32:58.2912280Z     write-file /Users/runner/work/Pane-Terminal/Pane-Terminal/.ci/DerivedData/Build/Intermediates.noindex/Pane.build/Debug/Pane.build/Objects-normal/arm64/Pane_const_extract_protocols.json
Native Pane test targets	Run PaneTests	2026-08-03T15:32:58.2912950Z 
Native Pane test targets	Run PaneTests	2026-08-03T15:32:58.2913790Z WriteAuxiliaryFile /Users/runner/work/Pane-Terminal/Pane-Terminal/.ci/DerivedData/Build/Intermediates.noindex/Pane.build/Debug/Pane.build/Objects-normal/arm64/Pane.SwiftFileList (in target 'Pane' from project 'Pane')
Native Pane test targets	Run PaneTests	2026-08-03T15:32:58.2915190Z     cd /Users/runner/work/Pane-Terminal/Pane-Terminal
Native Pane test targets	Run PaneTests	2026-08-03T15:32:58.2915840Z     write-file /Users/runner/work/Pane-Terminal/Pane-Terminal/.ci/DerivedData/Build/Intermediates.noindex/Pane.build/Debug/Pane.build/Objects-normal/arm64/Pane.SwiftFileList
Native Pane test targets	Run PaneTests	2026-08-03T15:32:58.2917260Z 
Native Pane test targets	Run PaneTests	2026-08-03T15:32:58.2917920Z WriteAuxiliaryFile /Users/runner/work/Pane-Terminal/Pane-Terminal/.ci/DerivedData/Build/Intermediates.noindex/Pane.build/Debug/Pane.build/Objects-normal/arm64/Pane.SwiftConstValuesFileList (in target 'Pane' from project 'Pane')
Native Pane test targets	Run PaneTests	2026-08-03T15:32:58.2918880Z     cd /Users/runner/work/Pane-Terminal/Pane-Terminal
Native Pane test targets	Run PaneTests	2026-08-03T15:32:58.2919590Z     write-file /Users/runner/work/Pane-Terminal/Pane-Terminal/.ci/DerivedData/Build/Intermediates.noindex/Pane.build/Debug/Pane.build/Objects-normal/arm64/Pane.SwiftConstValuesFileList
Native Pane test targets	Run PaneTests	2026-08-03T15:32:58.2920220Z 
Native Pane test targets	Run PaneTests	2026-08-03T15:32:58.2920810Z WriteAuxiliaryFile /Users/runner/work/Pane-Terminal/Pane-Terminal/.ci/DerivedData/Build/Intermediates.noindex/Pane.build/Debug/Pane.build/Objects-normal/arm64/Pane.LinkFileList (in target 'Pane' from project 'Pane')
Native Pane test targets	Run PaneTests	2026-08-03T15:32:58.2921720Z     cd /Users/runner/work/Pane-Terminal/Pane-Terminal
Native Pane test targets	Run PaneTests	2026-08-03T15:32:58.2922510Z     write-file /Users/runner/work/Pane-Terminal/Pane-Terminal/.ci/DerivedData/Build/Intermediates.noindex/Pane.build/Debug/Pane.build/Objects-normal/arm64/Pane.LinkFileList
Native Pane test targets	Run PaneTests	2026-08-03T15:32:58.2923250Z 
Native Pane test targets	Run PaneTests	2026-08-03T15:32:58.2924040Z WriteAuxiliaryFile /Users/runner/work/Pane-Terminal/Pane-Terminal/.ci/DerivedData/Build/Intermediates.noindex/Pane.build/Debug/Pane.build/Objects-normal/arm64/Pane-OutputFileMap.json (in target 'Pane' from project 'Pane')
Native Pane test targets	Run PaneTests	2026-08-03T15:32:58.2925080Z     cd /Users/runner/work/Pane-Terminal/Pane-Terminal
Native Pane test targets	Run PaneTests	2026-08-03T15:32:58.2926550Z     write-file /Users/runner/work/Pane-Terminal/Pane-Terminal/.ci/DerivedData/Build/Intermediates.noindex/Pane.build/Debug/Pane.build/Objects-normal/arm64/Pane-OutputFileMap.json
Native Pane test targets	Run PaneTests	2026-08-03T15:32:58.2927280Z 
Native Pane test targets	Run PaneTests	2026-08-03T15:32:58.2928520Z MkDir /Users/runner/work/Pane-Terminal/Pane-Terminal/.ci/DerivedData/Build/Products/Debug/SwiftTerm_SwiftTerm.bundle/Contents/Resources (in target 'SwiftTerm_SwiftTerm' from project 'SwiftTerm')
Native Pane test targets	Run PaneTests	2026-08-03T15:32:58.2929940Z     cd /Users/runner/work/Pane-Terminal/Pane-Terminal/.ci/SourcePackages/checkouts/SwiftTerm
Native Pane test targets	Run PaneTests	2026-08-03T15:32:58.2931740Z     /bin/mkdir -p /Users/runner/work/Pane-Terminal/Pane-Terminal/.ci/DerivedData/Build/Products/Debug/SwiftTerm_SwiftTerm.bundle/Contents/Resources
Native Pane test targets	Run PaneTests	2026-08-03T15:32:58.2933240Z 
Native Pane test targets	Run PaneTests	2026-08-03T15:32:58.2934530Z MkDir /Users/runner/work/Pane-Terminal/Pane-Terminal/.ci/DerivedData/Build/Products/Debug/SwiftTerm_SwiftTerm.bundle/Contents (in target 'SwiftTerm_SwiftTerm' from project 'SwiftTerm')
Native Pane test targets	Run PaneTests	2026-08-03T15:32:58.2935450Z     cd /Users/runner/work/Pane-Terminal/Pane-Terminal/.ci/SourcePackages/checkouts/SwiftTerm
Native Pane test targets	Run PaneTests	2026-08-03T15:32:58.2936260Z     /bin/mkdir -p /Users/runner/work/Pane-Terminal/Pane-Terminal/.ci/DerivedData/Build/Products/Debug/SwiftTerm_SwiftTerm.bundle/Contents
Native Pane test targets	Run PaneTests	2026-08-03T15:32:58.2936800Z 
Native Pane test targets	Run PaneTests	2026-08-03T15:32:58.2937270Z MkDir /Users/runner/work/Pane-Terminal/Pane-Terminal/.ci/DerivedData/Build/Products/Debug/SwiftTerm_SwiftTerm.bundle (in target 'SwiftTerm_SwiftTerm' from project 'SwiftTerm')
Native Pane test targets	Run PaneTests	2026-08-03T15:32:58.2940600Z     cd /Users/runner/work/Pane-Terminal/Pane-Terminal/.ci/SourcePackages/checkouts/SwiftTerm
Native Pane test targets	Run PaneTests	2026-08-03T15:32:58.2941840Z     /bin/mkdir -p /Users/runner/work/Pane-Terminal/Pane-Terminal/.ci/DerivedData/Build/Products/Debug/SwiftTerm_SwiftTerm.bundle
Native Pane test targets	Run PaneTests	2026-08-03T15:32:58.2942400Z 
Native Pane test targets	Run PaneTests	2026-08-03T15:32:58.2942980Z MkDir /Users/runner/work/Pane-Terminal/Pane-Terminal/.ci/DerivedData/Build/Products/Debug/Pane.app/Contents/PlugIns/PaneTests.xctest/Contents/Resources (in target 'PaneTests' from project 'Pane')
Native Pane test targets	Run PaneTests	2026-08-03T15:32:58.2945550Z     cd /Users/runner/work/Pane-Terminal/Pane-Terminal
Native Pane test targets	Run PaneTests	2026-08-03T15:32:58.2951520Z     /bin/mkdir -p /Users/runner/work/Pane-Terminal/Pane-Terminal/.ci/DerivedData/Build/Products/Debug/Pane.app/Contents/PlugIns/PaneTests.xctest/Contents/Resources
Native Pane test targets	Run PaneTests	2026-08-03T15:32:58.2952700Z 
Native Pane test targets	Run PaneTests	2026-08-03T15:32:58.2953240Z MkDir /Users/runner/work/Pane-Terminal/Pane-Terminal/.ci/DerivedData/Build/Products/Debug/Pane.app/Contents/PlugIns/PaneTests.xctest/Contents/MacOS (in target 'PaneTests' from project 'Pane')
Native Pane test targets	Run PaneTests	2026-08-03T15:32:58.2954080Z     cd /Users/runner/work/Pane-Terminal/Pane-Terminal
Native Pane test targets	Run PaneTests	2026-08-03T15:32:58.2954810Z     /bin/mkdir -p /Users/runner/work/Pane-Terminal/Pane-Terminal/.ci/DerivedData/Build/Products/Debug/Pane.app/Contents/PlugIns/PaneTests.xctest/Contents/MacOS
Native Pane test targets	Run PaneTests	2026-08-03T15:32:58.2955310Z 
Native Pane test targets	Run PaneTests	2026-08-03T15:32:58.2955920Z MkDir /Users/runner/work/Pane-Terminal/Pane-Terminal/.ci/DerivedData/Build/Products/Debug/Pane.app/Contents/PlugIns/PaneTests.xctest/Contents (in target 'PaneTests' from project 'Pane')
Native Pane test targets	Run PaneTests	2026-08-03T15:32:58.2956760Z     cd /Users/runner/work/Pane-Terminal/Pane-Terminal
Native Pane test targets	Run PaneTests	2026-08-03T15:32:58.2957470Z     /bin/mkdir -p /Users/runner/work/Pane-Terminal/Pane-Terminal/.ci/DerivedData/Build/Products/Debug/Pane.app/Contents/PlugIns/PaneTests.xctest/Contents
Native Pane test targets	Run PaneTests	2026-08-03T15:32:58.2958020Z 
Native Pane test targets	Run PaneTests	2026-08-03T15:32:58.2958570Z MkDir /Users/runner/work/Pane-Terminal/Pane-Terminal/.ci/DerivedData/Build/Products/Debug/Pane.app/Contents/PlugIns/PaneTests.xctest (in target 'PaneTests' from project 'Pane')
Native Pane test targets	Run PaneTests	2026-08-03T15:32:58.2959360Z     cd /Users/runner/work/Pane-Terminal/Pane-Terminal
Native Pane test targets	Run PaneTests	2026-08-03T15:32:58.2959920Z     /bin/mkdir -p /Users/runner/work/Pane-Terminal/Pane-Terminal/.ci/DerivedData/Build/Products/Debug/Pane.app/Contents/PlugIns/PaneTests.xctest
Native Pane test targets	Run PaneTests	2026-08-03T15:32:58.2960410Z 
Native Pane test targets	Run PaneTests	2026-08-03T15:32:58.2961210Z MkDir /Users/runner/work/Pane-Terminal/Pane-Terminal/.ci/DerivedData/Build/Products/Debug/Pane.app/Contents/PlugIns/PaneCompatibilityTests.xctest/Contents/Resources (in target 'PaneCompatibilityTests' from project 'Pane')
Native Pane test targets	Run PaneTests	2026-08-03T15:32:58.2963820Z     cd /Users/runner/work/Pane-Terminal/Pane-Terminal
Native Pane test targets	Run PaneTests	2026-08-03T15:32:58.2964740Z     /bin/mkdir -p /Users/runner/work/Pane-Terminal/Pane-Terminal/.ci/DerivedData/Build/Products/Debug/Pane.app/Contents/PlugIns/PaneCompatibilityTests.xctest/Contents/Resources
Native Pane test targets	Run PaneTests	2026-08-03T15:32:58.2965500Z 
Native Pane test targets	Run PaneTests	2026-08-03T15:32:58.2966250Z MkDir /Users/runner/work/Pane-Terminal/Pane-Terminal/.ci/DerivedData/Build/Products/Debug/Pane.app/Contents/PlugIns/PaneCompatibilityTests.xctest/Contents/MacOS (in target 'PaneCompatibilityTests' from project 'Pane')
Native Pane test targets	Run PaneTests	2026-08-03T15:32:58.2969170Z     cd /Users/runner/work/Pane-Terminal/Pane-Terminal
Native Pane test targets	Run PaneTests	2026-08-03T15:32:58.2970120Z     /bin/mkdir -p /Users/runner/work/Pane-Terminal/Pane-Terminal/.ci/DerivedData/Build/Products/Debug/Pane.app/Contents/PlugIns/PaneCompatibilityTests.xctest/Contents/MacOS
Native Pane test targets	Run PaneTests	2026-08-03T15:32:58.2970810Z 
Native Pane test targets	Run PaneTests	2026-08-03T15:32:58.2971430Z MkDir /Users/runner/work/Pane-Terminal/Pane-Terminal/.ci/DerivedData/Build/Products/Debug/Pane.app/Contents/PlugIns/PaneCompatibilityTests.xctest/Contents (in target 'PaneCompatibilityTests' from project 'Pane')
Native Pane test targets	Run PaneTests	2026-08-03T15:32:58.2972210Z     cd /Users/runner/work/Pane-Terminal/Pane-Terminal
Native Pane test targets	Run PaneTests	2026-08-03T15:32:58.2974320Z     /bin/mkdir -p /Users/runner/work/Pane-Terminal/Pane-Terminal/.ci/DerivedData/Build/Products/Debug/Pane.app/Contents/PlugIns/PaneCompatibilityTests.xctest/Contents
Native Pane test targets	Run PaneTests	2026-08-03T15:32:58.2976290Z 
Native Pane test targets	Run PaneTests	2026-08-03T15:32:58.2978400Z MkDir /Users/runner/work/Pane-Terminal/Pane-Terminal/.ci/DerivedData/Build/Products/Debug/Pane.app/Contents/PlugIns/PaneCompatibilityTests.xctest (in target 'PaneCompatibilityTests' from project 'Pane')
Native Pane test targets	Run PaneTests	2026-08-03T15:32:58.2981810Z     cd /Users/runner/work/Pane-Terminal/Pane-Terminal
Native Pane test targets	Run PaneTests	2026-08-03T15:32:58.2982450Z     /bin/mkdir -p /Users/runner/work/Pane-Terminal/Pane-Terminal/.ci/DerivedData/Build/Products/Debug/Pane.app/Contents/PlugIns/PaneCompatibilityTests.xctest
Native Pane test targets	Run PaneTests	2026-08-03T15:32:58.2982960Z 
Native Pane test targets	Run PaneTests	2026-08-03T15:32:58.2983360Z MkDir /Users/runner/work/Pane-Terminal/Pane-Terminal/.ci/DerivedData/Build/Products/Debug/Pane.app/Contents/Resources (in target 'Pane' from project 'Pane')
Native Pane test targets	Run PaneTests	2026-08-03T15:32:58.2984310Z     cd /Users/runner/work/Pane-Terminal/Pane-Terminal
Native Pane test targets	Run PaneTests	2026-08-03T15:32:58.2984820Z     /bin/mkdir -p /Users/runner/work/Pane-Terminal/Pane-Terminal/.ci/DerivedData/Build/Products/Debug/Pane.app/Contents/Resources
Native Pane test targets	Run PaneTests	2026-08-03T15:32:58.2985270Z 
Native Pane test targets	Run PaneTests	2026-08-03T15:32:58.2985690Z MkDir /Users/runner/work/Pane-Terminal/Pane-Terminal/.ci/DerivedData/Build/Products/Debug/Pane.app/Contents/PlugIns (in target 'Pane' from project 'Pane')
Native Pane test targets	Run PaneTests	2026-08-03T15:32:58.2986360Z     cd /Users/runner/work/Pane-Terminal/Pane-Terminal
Native Pane test targets	Run PaneTests	2026-08-03T15:32:58.2987220Z     /bin/mkdir -p /Users/runner/work/Pane-Terminal/Pane-Terminal/.ci/DerivedData/Build/Products/Debug/Pane.app/Contents/PlugIns
Native Pane test targets	Run PaneTests	2026-08-03T15:32:58.2987620Z 
Native Pane test targets	Run PaneTests	2026-08-03T15:32:58.2988000Z MkDir /Users/runner/work/Pane-Terminal/Pane-Terminal/.ci/DerivedData/Build/Products/Debug/Pane.app/Contents/MacOS (in target 'Pane' from project 'Pane')
Native Pane test targets	Run PaneTests	2026-08-03T15:32:58.2988840Z     cd /Users/runner/work/Pane-Terminal/Pane-Terminal
Native Pane test targets	Run PaneTests	2026-08-03T15:32:58.2989340Z     /bin/mkdir -p /Users/runner/work/Pane-Terminal/Pane-Terminal/.ci/DerivedData/Build/Products/Debug/Pane.app/Contents/MacOS
Native Pane test targets	Run PaneTests	2026-08-03T15:32:58.2989730Z 
Native Pane test targets	Run PaneTests	2026-08-03T15:32:58.2990150Z MkDir /Users/runner/work/Pane-Terminal/Pane-Terminal/.ci/DerivedData/Build/Products/Debug/Pane.app/Contents/Frameworks (in target 'Pane' from project 'Pane')
Native Pane test targets	Run PaneTests	2026-08-03T15:32:58.2990880Z     cd /Users/runner/work/Pane-Terminal/Pane-Terminal
Native Pane test targets	Run PaneTests	2026-08-03T15:32:58.2992590Z     /bin/mkdir -p /Users/runner/work/Pane-Terminal/Pane-Terminal/.ci/DerivedData/Build/Products/Debug/Pane.app/Contents/Frameworks
Native Pane test targets	Run PaneTests	2026-08-03T15:32:58.2993740Z 
Native Pane test targets	Run PaneTests	2026-08-03T15:32:58.2994130Z MkDir /Users/runner/work/Pane-Terminal/Pane-Terminal/.ci/DerivedData/Build/Products/Debug/Pane.app/Contents (in target 'Pane' from project 'Pane')
Native Pane test targets	Run PaneTests	2026-08-03T15:32:58.2994680Z     cd /Users/runner/work/Pane-Terminal/Pane-Terminal
Native Pane test targets	Run PaneTests	2026-08-03T15:32:58.2996210Z     /bin/mkdir -p /Users/runner/work/Pane-Terminal/Pane-Terminal/.ci/DerivedData/Build/Products/Debug/Pane.app/Contents
Native Pane test targets	Run PaneTests	2026-08-03T15:32:58.2996600Z 
Native Pane test targets	Run PaneTests	2026-08-03T15:32:58.2996940Z MkDir /Users/runner/work/Pane-Terminal/Pane-Terminal/.ci/DerivedData/Build/Products/Debug/Pane.app (in target 'Pane' from project 'Pane')
Native Pane test targets	Run PaneTests	2026-08-03T15:32:58.2997470Z     cd /Users/runner/work/Pane-Terminal/Pane-Terminal
Native Pane test targets	Run PaneTests	2026-08-03T15:32:58.2998130Z     /bin/mkdir -p /Users/runner/work/Pane-Terminal/Pane-Terminal/.ci/DerivedData/Build/Products/Debug/Pane.app
Native Pane test targets	Run PaneTests	2026-08-03T15:32:58.2998520Z 
Native Pane test targets	Run PaneTests	2026-08-03T15:32:58.3000180Z Copy /Users/runner/work/Pane-Terminal/Pane-Terminal/.ci/DerivedData/Build/Intermediates.noindex/GeneratedModuleMaps/SwiftTerm.modulemap /Users/runner/work/Pane-Terminal/Pane-Terminal/.ci/DerivedData/Build/Intermediates.noindex/SwiftTerm.build/Debug/SwiftTerm.build/SwiftTerm.modulemap (in target 'SwiftTerm' from project 'SwiftTerm')
Native Pane test targets	Run PaneTests	2026-08-03T15:32:58.3003230Z     cd /Users/runner/work/Pane-Terminal/Pane-Terminal/.ci/SourcePackages/checkouts/SwiftTerm
Native Pane test targets	Run PaneTests	2026-08-03T15:32:58.3004710Z     builtin-copy -exclude .DS_Store -exclude CVS -exclude .svn -exclude .git -exclude .hg -resolve-src-symlinks /Users/runner/work/Pane-Terminal/Pane-Terminal/.ci/DerivedData/Build/Intermediates.noindex/SwiftTerm.build/Debug/SwiftTerm.build/SwiftTerm.modulemap /Users/runner/work/Pane-Terminal/Pane-Terminal/.ci/DerivedData/Build/Intermediates.noindex/GeneratedModuleMaps
Native Pane test targets	Run PaneTests	2026-08-03T15:32:58.3005830Z 
Native Pane test targets	Run PaneTests	2026-08-03T15:32:58.3006910Z ProcessInfoPlistFile /Users/runner/work/Pane-Terminal/Pane-Terminal/.ci/DerivedData/Build/Products/Debug/SwiftTerm_SwiftTerm.bundle/Contents/Info.plist /Users/runner/work/Pane-Terminal/Pane-Terminal/.ci/DerivedData/Build/Intermediates.noindex/SwiftTerm.build/Debug/SwiftTerm_SwiftTerm.build/empty-SwiftTerm_SwiftTerm.plist (in target 'SwiftTerm_SwiftTerm' from project 'SwiftTerm')
Native Pane test targets	Run PaneTests	2026-08-03T15:32:58.3008300Z     cd /Users/runner/work/Pane-Terminal/Pane-Terminal/.ci/SourcePackages/checkouts/SwiftTerm
Native Pane test targets	Run PaneTests	2026-08-03T15:32:58.3009910Z     builtin-infoPlistUtility /Users/runner/work/Pane-Terminal/Pane-Terminal/.ci/DerivedData/Build/Intermediates.noindex/SwiftTerm.build/Debug/SwiftTerm_SwiftTerm.build/empty-SwiftTerm_SwiftTerm.plist -producttype com.apple.product-type.bundle -expandbuildsettings -platform macosx -o /Users/runner/work/Pane-Terminal/Pane-Terminal/.ci/DerivedData/Build/Products/Debug/SwiftTerm_SwiftTerm.bundle/Contents/Info.plist
Native Pane test targets	Run PaneTests	2026-08-03T15:32:58.3011770Z 
Native Pane test targets	Run PaneTests	2026-08-03T15:32:58.3013300Z CompileMetalFile /Users/runner/work/Pane-Terminal/Pane-Terminal/.ci/SourcePackages/checkouts/SwiftTerm/Sources/SwiftTerm/Apple/Metal/Shaders.metal (in target 'SwiftTerm_SwiftTerm' from project 'SwiftTerm')
Native Pane test targets	Run PaneTests	2026-08-03T15:32:58.3014930Z     cd /Users/runner/work/Pane-Terminal/Pane-Terminal/.ci/SourcePackages/checkouts/SwiftTerm
Native Pane test targets	Run PaneTests	2026-08-03T15:32:58.3019430Z     /var/run/com.apple.security.cryptexd/mnt/com.apple.MobileAsset.MetalToolchain-v17.5.188.0.fqPWJT/Metal.xctoolchain/usr/bin/metal -c -target air64-apple-macos11.0 -I/Users/runner/work/Pane-Terminal/Pane-Terminal/.ci/DerivedData/Build/Products/Debug/include -F/Users/runner/work/Pane-Terminal/Pane-Terminal/.ci/DerivedData/Build/Products/Debug -isysroot /Applications/Xcode_26.4.1.app/Contents/Developer/Platforms/MacOSX.platform/Developer/SDKs/MacOSX26.4.sdk -fmetal-math-mode\=fast -fmetal-math-fp32-functions\=fast -serialize-diagnostics /Users/runner/work/Pane-Terminal/Pane-Terminal/.ci/DerivedData/Build/Intermediates.noindex/SwiftTerm.build/Debug/SwiftTerm_SwiftTerm.build/Metal/Shaders.dia -o /Users/runner/work/Pane-Terminal/Pane-Terminal/.ci/DerivedData/Build/Intermediates.noindex/SwiftTerm.build/Debug/SwiftTerm_SwiftTerm.build/Metal/Shaders.air -MMD -MT dependencies -MF /Users/runner/work/Pane-Terminal/Pane-Terminal/.ci/DerivedData/Build/Intermediates.noindex/SwiftTerm.build/Debug/SwiftTerm_SwiftTerm.build/Metal/Shaders.dat /Users/runner/work/Pane-Terminal/Pane-Terminal/.ci/SourcePackages/checkouts/SwiftTerm/Sources/SwiftTerm/Apple/Metal/Shaders.metal
Native Pane test targets	Run PaneTests	2026-08-03T15:32:58.3026410Z 
Native Pane test targets	Run PaneTests	2026-08-03T15:32:58.3027270Z MetalLink /Users/runner/work/Pane-Terminal/Pane-Terminal/.ci/DerivedData/Build/Products/Debug/SwiftTerm_SwiftTerm.bundle/Contents/Resources/default.metallib (in target 'SwiftTerm_SwiftTerm' from project 'SwiftTerm')
Native Pane test targets	Run PaneTests	2026-08-03T15:32:58.3028480Z     cd /Users/runner/work/Pane-Terminal/Pane-Terminal/.ci/SourcePackages/checkouts/SwiftTerm
Native Pane test targets	Run PaneTests	2026-08-03T15:32:58.3030090Z     /var/run/com.apple.security.cryptexd/mnt/com.apple.MobileAsset.MetalToolchain-v17.5.188.0.fqPWJT/Metal.xctoolchain/usr/bin/metal -target air64-apple-macos11.0 -o /Users/runner/work/Pane-Terminal/Pane-Terminal/.ci/DerivedData/Build/Products/Debug/SwiftTerm_SwiftTerm.bundle/Contents/Resources/default.metallib /Users/runner/work/Pane-Terminal/Pane-Terminal/.ci/DerivedData/Build/Intermediates.noindex/SwiftTerm.build/Debug/SwiftTerm_SwiftTerm.build/Metal/Shaders.air
Native Pane test targets	Run PaneTests	2026-08-03T15:32:58.3031520Z 
Native Pane test targets	Run PaneTests	2026-08-03T15:32:58.3032080Z RegisterExecutionPolicyException /Users/runner/work/Pane-Terminal/Pane-Terminal/.ci/DerivedData/Build/Products/Debug/SwiftTerm_SwiftTerm.bundle (in target 'SwiftTerm_SwiftTerm' from project 'SwiftTerm')
Native Pane test targets	Run PaneTests	2026-08-03T15:32:58.3032950Z     cd /Users/runner/work/Pane-Terminal/Pane-Terminal/.ci/SourcePackages/checkouts/SwiftTerm
Native Pane test targets	Run PaneTests	2026-08-03T15:32:58.3033800Z     builtin-RegisterExecutionPolicyException /Users/runner/work/Pane-Terminal/Pane-Terminal/.ci/DerivedData/Build/Products/Debug/SwiftTerm_SwiftTerm.bundle
Native Pane test targets	Run PaneTests	2026-08-03T15:32:58.3034290Z 
Native Pane test targets	Run PaneTests	2026-08-03T15:32:58.3035450Z Touch /Users/runner/work/Pane-Terminal/Pane-Terminal/.ci/DerivedData/Build/Products/Debug/SwiftTerm_SwiftTerm.bundle (in target 'SwiftTerm_SwiftTerm' from project 'SwiftTerm')
Native Pane test targets	Run PaneTests	2026-08-03T15:32:58.3037920Z     cd /Users/runner/work/Pane-Terminal/Pane-Terminal/.ci/SourcePackages/checkouts/SwiftTerm
Native Pane test targets	Run PaneTests	2026-08-03T15:32:58.3039740Z     /usr/bin/touch -c /Users/runner/work/Pane-Terminal/Pane-Terminal/.ci/DerivedData/Build/Products/Debug/SwiftTerm_SwiftTerm.bundle
Native Pane test targets	Run PaneTests	2026-08-03T15:32:58.3041500Z 
Native Pane test targets	Run PaneTests	2026-08-03T15:32:58.3041880Z SwiftDriver SwiftTerm normal arm64 com.apple.xcode.tools.swift.compiler (in target 'SwiftTerm' from project 'SwiftTerm')
Native Pane test targets	Run PaneTests	2026-08-03T15:32:58.3042680Z     cd /Users/runner/work/Pane-Terminal/Pane-Terminal/Pane.xcodeproj
Native Pane test targets	Run PaneTests	2026-08-03T15:32:58.3057910Z     builtin-SwiftDriver -- /Applications/Xcode_26.4.1.app/Contents/Developer/Toolchains/XcodeDefault.xctoolchain/usr/bin/swiftc -module-name SwiftTerm -Onone @/Users/runner/work/Pane-Terminal/Pane-Terminal/.ci/DerivedData/Build/Intermediates.noindex/SwiftTerm.build/Debug/SwiftTerm.build/Objects-normal/arm64/SwiftTerm.SwiftFileList -DSWIFT_PACKAGE -DDEBUG -DSWIFT_MODULE_RESOURCE_BUNDLE_AVAILABLE -DXcode -plugin-path /Applications/Xcode_26.4.1.app/Contents/Developer/Toolchains/XcodeDefault.xctoolchain/usr/lib/swift/host/plugins/testing -enable-experimental-feature DebugDescriptionMacro -sdk /Applications/Xcode_26.4.1.app/Contents/Developer/Platforms/MacOSX.platform/Developer/SDKs/MacOSX26.4.sdk -target arm64-apple-macos11.0 -g -module-cache-path /Users/runner/work/Pane-Terminal/Pane-Terminal/.ci/DerivedData/ModuleCache.noindex -Xfrontend -serialize-debugging-options -enable-testing -suppress-warnings -index-store-path /Users/runner/work/Pane-Terminal/Pane-Terminal/.ci/DerivedData/Index.noindex/DataStore -Xcc -D_LIBCPP_HARDENING_MODE\=_LIBCPP_HARDENING_MODE_DEBUG -swift-version 5 -I /Users/runner/work/Pane-Terminal/Pane-Terminal/.ci/DerivedData/Build/Products/Debug -Isystem /Applications/Xcode_26.4.1.app/Contents/Developer/Platforms/MacOSX.platform/Developer/usr/lib -F /Users/runner/work/Pane-Terminal/Pane-Terminal/.ci/DerivedData/Build/Products/Debug -F /Applications/Xcode_26.4.1.app/Contents/Developer/Platforms/MacOSX.platform/Developer/Library/Frameworks -c -j3 -enable-batch-mode -incremental -Xcc -ivfsstatcache -Xcc /Users/runner/work/Pane-Terminal/Pane-Terminal/.ci/DerivedData/SDKStatCaches.noindex/macosx26.4-25E251-688ef53f1462e2c8f657fdc38a81448f5f67018755ecaf50f85fcd527f9620fa.sdkstatcache -output-file-map /Users/runner/work/Pane-Terminal/Pane-Terminal/.ci/DerivedData/Build/Intermediates.noindex/SwiftTerm.build/Debug/SwiftTerm.build/Objects-normal/arm64/SwiftTerm-OutputFileMap.json -use-frontend-parseable-output -save-temps -no-color-diagnostics -explicit-module-build -module-cache-path /Users/runner/work/Pane-Terminal/Pane-Terminal/.ci/DerivedData/Build/Intermediates.noindex/SwiftExplicitPrecompiledModules -clang-scanner-module-cache-path /Users/runner/work/Pane-Terminal/Pane-Terminal/.ci/DerivedData/ModuleCache.noindex -sdk-module-cache-path /Users/runner/work/Pane-Terminal/Pane-Terminal/.ci/DerivedData/ModuleCache.noindex -serialize-diagnostics -emit-dependencies -emit-module -emit-module-path /Users/runner/work/Pane-Terminal/Pane-Terminal/.ci/DerivedData/Build/Intermediates.noindex/SwiftTerm.build/Debug/SwiftTerm.build/Objects-normal/arm64/SwiftTerm.swiftmodule -validate-clang-modules-once -clang-build-session-file /Users/runner/work/Pane-Terminal/Pane-Terminal/.ci/DerivedData/ModuleCache.noindex/Session.modulevalidation -package-name swiftterm -Xcc -I/Users/runner/work/Pane-Terminal/Pane-Terminal/.ci/DerivedData/Build/Intermediates.noindex/SwiftTerm.build/Debug/SwiftTerm.build/swift-overrides.hmap -emit-const-values -Xfrontend -const-gather-protocols-file -Xfrontend /Users/runner/work/Pane-Terminal/Pane-Terminal/.ci/DerivedData/Build/Intermediates.noindex/SwiftTerm.build/Debug/SwiftTerm.build/Objects-normal/arm64/SwiftTerm_const_extract_protocols.json -Xcc -I/Users/runner/work/Pane-Terminal/Pane-Terminal/.ci/DerivedData/Build/Products/Debug/include -Xcc -I/Users/runner/work/Pane-Terminal/Pane-Terminal/.ci/DerivedData/Build/Intermediates.noindex/SwiftTerm.build/Debug/SwiftTerm.build/DerivedSources-normal/arm64 -Xcc -I/Users/runner/work/Pane-Terminal/Pane-Terminal/.ci/DerivedData/Build/Intermediates.noindex/SwiftTerm.build/Debug/SwiftTerm.build/DerivedSources/arm64 -Xcc -I/Users/runner/work/Pane-Terminal/Pane-Terminal/.ci/DerivedData/Build/Intermediates.noindex/SwiftTerm.build/Debug/SwiftTerm.build/DerivedSources -Xcc -DSWIFT_PACKAGE -Xcc -DDEBUG\=1 -emit-objc-header -emit-objc-header-path /Users/runner/work/Pane-Terminal/Pane-Terminal/.ci/DerivedData/Build/Intermediates.noindex/SwiftTerm.build/Debug/SwiftTerm.build/Objects-normal/arm64/SwiftTerm-Swift.h -working-directory /Users/runner/work/Pane-Terminal/Pane-Terminal/Pane.xcodeproj -experimental-emit-module-separately -disable-cmo
Native Pane test targets	Run PaneTests	2026-08-03T15:33:03.2423020Z 
Native Pane test targets	Run PaneTests	2026-08-03T15:33:03.2906980Z SwiftExplicitDependencyGeneratePcm arm64 /Users/runner/work/Pane-Terminal/Pane-Terminal/.ci/DerivedData/ModuleCache.noindex/_Builtin_stdarg-361F47NYFS118AT5HSEVP5EDN.pcm
Native Pane test targets	Run PaneTests	2026-08-03T15:33:03.8793070Z 
Native Pane test targets	Run PaneTests	2026-08-03T15:33:03.8800450Z SwiftExplicitDependencyGeneratePcm arm64 /Users/runner/work/Pane-Terminal/Pane-Terminal/.ci/DerivedData/ModuleCache.noindex/_Builtin_stddef-8UN9IQXE02F6K61ZA1GLY8U4C.pcm
Native Pane test targets	Run PaneTests	2026-08-03T15:33:03.8801200Z 
Native Pane test targets	Run PaneTests	2026-08-03T15:33:03.8801950Z SwiftExplicitDependencyGeneratePcm arm64 /Users/runner/work/Pane-Terminal/Pane-Terminal/.ci/DerivedData/ModuleCache.noindex/_SwiftConcurrencyShims-BOLNDJDGHEUJKYON6TTP8T6RP.pcm
Native Pane test targets	Run PaneTests	2026-08-03T15:33:03.8802730Z 
Native Pane test targets	Run PaneTests	2026-08-03T15:33:03.8803560Z SwiftExplicitDependencyGeneratePcm arm64 /Users/runner/work/Pane-Terminal/Pane-Terminal/.ci/DerivedData/ModuleCache.noindex/DeveloperToolsSupport-6VZT9BVO46MRRWRQRWZR074TD.pcm
Native Pane test targets	Run PaneTests	2026-08-03T15:33:03.9257000Z 
Native Pane test targets	Run PaneTests	2026-08-03T15:33:03.9263280Z SwiftExplicitDependencyGeneratePcm arm64 /Users/runner/work/Pane-Terminal/Pane-Terminal/.ci/DerivedData/ModuleCache.noindex/_AvailabilityInternal-6MSCD9SCVOJMH6GKYFDI98YRM.pcm
Native Pane test targets	Run PaneTests	2026-08-03T15:33:03.9409610Z 
Native Pane test targets	Run PaneTests	2026-08-03T15:33:03.9412740Z SwiftExplicitDependencyGeneratePcm arm64 /Users/runner/work/Pane-Terminal/Pane-Terminal/.ci/DerivedData/ModuleCache.noindex/SwiftShims-9L22L7UDRNMX74PHT9BHF4A8R.pcm
Native Pane test targets	Run PaneTests	2026-08-03T15:33:03.9804460Z 
Native Pane test targets	Run PaneTests	2026-08-03T15:33:03.9923450Z SwiftExplicitDependencyGeneratePcm arm64 /Users/runner/work/Pane-Terminal/Pane-Terminal/.ci/DerivedData/ModuleCache.noindex/ptrcheck-26K9JPHPDR56UA3V4CRD3Q8PC.pcm
Native Pane test targets	Run PaneTests	2026-08-03T15:33:04.0030660Z 
Native Pane test targets	Run PaneTests	2026-08-03T15:33:04.0141120Z SwiftExplicitDependencyGeneratePcm arm64 /Users/runner/work/Pane-Terminal/Pane-Terminal/.ci/DerivedData/ModuleCache.noindex/ptrauth-A9ZB17XYZMJKHRXQND6WINQNK.pcm
Native Pane test targets	Run PaneTests	2026-08-03T15:33:04.0245320Z 
Native Pane test targets	Run PaneTests	2026-08-03T15:33:04.0371660Z SwiftExplicitDependencyGeneratePcm arm64 /Users/runner/work/Pane-Terminal/Pane-Terminal/.ci/DerivedData/ModuleCache.noindex/_Builtin_stdbool-BR22HRTZ6LR5DXX80VAGHO1OQ.pcm
Native Pane test targets	Run PaneTests	2026-08-03T15:33:04.0473070Z 
Native Pane test targets	Run PaneTests	2026-08-03T15:33:04.0575570Z SwiftExplicitDependencyGeneratePcm arm64 /Users/runner/work/Pane-Terminal/Pane-Terminal/.ci/DerivedData/ModuleCache.noindex/_Builtin_float-YP4OQLP95U85K93SI4DOGBGF.pcm
Native Pane test targets	Run PaneTests	2026-08-03T15:33:04.0663970Z 
Native Pane test targets	Run PaneTests	2026-08-03T15:33:04.0665550Z SwiftExplicitDependencyGeneratePcm arm64 /Users/runner/work/Pane-Terminal/Pane-Terminal/.ci/DerivedData/ModuleCache.noindex/_DarwinFoundation1-D2W9K0B9HB6CX1L7IMIBSEC0X.pcm
Native Pane test targets	Run PaneTests	2026-08-03T15:33:04.1054530Z 
Native Pane test targets	Run PaneTests	2026-08-03T15:33:04.1173840Z SwiftExplicitDependencyGeneratePcm arm64 /Users/runner/work/Pane-Terminal/Pane-Terminal/.ci/DerivedData/ModuleCache.noindex/_DarwinFoundation2-9W9TUJEN3G5TMB6833JOL0F5W.pcm
Native Pane test targets	Run PaneTests	2026-08-03T15:33:04.4156530Z 
Native Pane test targets	Run PaneTests	2026-08-03T15:33:04.4257920Z SwiftExplicitDependencyGeneratePcm arm64 /Users/runner/work/Pane-Terminal/Pane-Terminal/.ci/DerivedData/ModuleCache.noindex/_Builtin_limits-AAWYKDS44P84AM01GJ7UB7CNK.pcm
Native Pane test targets	Run PaneTests	2026-08-03T15:33:04.4358970Z 
Native Pane test targets	Run PaneTests	2026-08-03T15:33:04.4461090Z SwiftExplicitDependencyGeneratePcm arm64 /Users/runner/work/Pane-Terminal/Pane-Terminal/.ci/DerivedData/ModuleCache.noindex/sys_types-9H39NDPPU10CVRG3B80JQP9Q9.pcm
Native Pane test targets	Run PaneTests	2026-08-03T15:33:04.4687220Z 
Native Pane test targets	Run PaneTests	2026-08-03T15:33:04.4800130Z SwiftExplicitDependencyGeneratePcm arm64 /Users/runner/work/Pane-Terminal/Pane-Terminal/.ci/DerivedData/ModuleCache.noindex/_Builtin_tgmath-CAF17CAWL3X4FSSNU5FYGQ6II.pcm
Native Pane test targets	Run PaneTests	2026-08-03T15:33:04.4901250Z 
Native Pane test targets	Run PaneTests	2026-08-03T15:33:04.5002720Z SwiftExplicitDependencyGeneratePcm arm64 /Users/runner/work/Pane-Terminal/Pane-Terminal/.ci/DerivedData/ModuleCache.noindex/_Builtin_stdint-45DKFZTA0H3M4VM3CKZ9ON516.pcm
Native Pane test targets	Run PaneTests	2026-08-03T15:33:04.5102560Z 
Native Pane test targets	Run PaneTests	2026-08-03T15:33:04.5205550Z SwiftExplicitDependencyGeneratePcm arm64 /Users/runner/work/Pane-Terminal/Pane-Terminal/.ci/DerivedData/ModuleCache.noindex/OpenGL-5JHD1ZAZ1GQFU1KD99J7YU2K1.pcm
Native Pane test targets	Run PaneTests	2026-08-03T15:33:04.6282110Z 
Native Pane test targets	Run PaneTests	2026-08-03T15:33:04.6383580Z SwiftExplicitDependencyGeneratePcm arm64 /Users/runner/work/Pane-Terminal/Pane-Terminal/.ci/DerivedData/ModuleCache.noindex/_Builtin_stdatomic-6LCJPSZRP0EYEAHHSV38NKKIE.pcm
Native Pane test targets	Run PaneTests	2026-08-03T15:33:04.6484930Z 
Native Pane test targets	Run PaneTests	2026-08-03T15:33:04.6588020Z SwiftExplicitDependencyGeneratePcm arm64 /Users/runner/work/Pane-Terminal/Pane-Terminal/.ci/DerivedData/ModuleCache.noindex/_Builtin_intrinsics-42O2RMW7TUFBSP6J6P61B8C49.pcm
Native Pane test targets	Run PaneTests	2026-08-03T15:33:04.7154440Z 
Native Pane test targets	Run PaneTests	2026-08-03T15:33:04.7255790Z SwiftExplicitDependencyGeneratePcm arm64 /Users/runner/work/Pane-Terminal/Pane-Terminal/.ci/DerivedData/ModuleCache.noindex/libDER-9DHQY6IDLVK49AJSNL9EU91KW.pcm
Native Pane test targets	Run PaneTests	2026-08-03T15:33:04.7356870Z 
Native Pane test targets	Run PaneTests	2026-08-03T15:33:04.7464810Z SwiftExplicitDependencyGeneratePcm arm64 /Users/runner/work/Pane-Terminal/Pane-Terminal/.ci/DerivedData/ModuleCache.noindex/_DarwinFoundation3-3UFD6ZB9QCW6RP0XQ0C7JPN7V.pcm
Native Pane test targets	Run PaneTests	2026-08-03T15:33:04.7567190Z 
Native Pane test targets	Run PaneTests	2026-08-03T15:33:04.7672650Z SwiftExplicitDependencyGeneratePcm arm64 /Users/runner/work/Pane-Terminal/Pane-Terminal/.ci/DerivedData/ModuleCache.noindex/_Builtin_inttypes-JAYMIT7JTH4WVYD13O9N9T8Y.pcm
Native Pane test targets	Run PaneTests	2026-08-03T15:33:04.7784270Z 
Native Pane test targets	Run PaneTests	2026-08-03T15:33:04.7907890Z SwiftExplicitDependencyGeneratePcm arm64 /Users/runner/work/Pane-Terminal/Pane-Terminal/.ci/DerivedData/ModuleCache.noindex/simd-DFNLEZYNK6SLB0PC6HMI6ODK9.pcm
Native Pane test targets	Run PaneTests	2026-08-03T15:33:05.2280320Z 
Native Pane test targets	Run PaneTests	2026-08-03T15:33:05.2400300Z SwiftExplicitDependencyGeneratePcm arm64 /Users/runner/work/Pane-Terminal/Pane-Terminal/.ci/DerivedData/ModuleCache.noindex/Darwin-9LQWWZQGZ2GZD7AUMNNQT9R13.pcm
Native Pane test targets	Run PaneTests	2026-08-03T15:33:05.2516870Z 
Native Pane test targets	Run PaneTests	2026-08-03T15:33:05.2640120Z SwiftExplicitDependencyGeneratePcm arm64 /Users/runner/work/Pane-Terminal/Pane-Terminal/.ci/DerivedData/ModuleCache.noindex/Spatial-BMS4DJ8DWK9KYAQ36Y6LJQO51.pcm
Native Pane test targets	Run PaneTests	2026-08-03T15:33:05.4870250Z 
Native Pane test targets	Run PaneTests	2026-08-03T15:33:05.4971330Z SwiftExplicitDependencyGeneratePcm arm64 /Users/runner/work/Pane-Terminal/Pane-Terminal/.ci/DerivedData/ModuleCache.noindex/launch-9YK2NZD26GU2LQHQD2RJJX5FH.pcm
Native Pane test targets	Run PaneTests	2026-08-03T15:33:05.5071030Z 
Native Pane test targets	Run PaneTests	2026-08-03T15:33:05.5172550Z SwiftExplicitDependencyGeneratePcm arm64 /Users/runner/work/Pane-Terminal/Pane-Terminal/.ci/DerivedData/ModuleCache.noindex/libkern-E2GZP2J6VB1WNONG05748NLS.pcm
Native Pane test targets	Run PaneTests	2026-08-03T15:33:05.5294310Z 
Native Pane test targets	Run PaneTests	2026-08-03T15:33:05.5396050Z SwiftExplicitDependencyGeneratePcm arm64 /Users/runner/work/Pane-Terminal/Pane-Terminal/.ci/DerivedData/ModuleCache.noindex/MachO-6065O5UO8NVWXLY3K4T0LS13C.pcm
Native Pane test targets	Run PaneTests	2026-08-03T15:33:05.5496890Z 
Native Pane test targets	Run PaneTests	2026-08-03T15:33:05.5598090Z SwiftExplicitDependencyGeneratePcm arm64 /Users/runner/work/Pane-Terminal/Pane-Terminal/.ci/DerivedData/ModuleCache.noindex/Compression-EK22Y3XWZ1C3YZ92XTTICCU7A.pcm
Native Pane test targets	Run PaneTests	2026-08-03T15:33:05.5698030Z 
Native Pane test targets	Run PaneTests	2026-08-03T15:33:05.5799070Z SwiftExplicitDependencyGeneratePcm arm64 /Users/runner/work/Pane-Terminal/Pane-Terminal/.ci/DerivedData/ModuleCache.noindex/CUPS-5K5J2IOAQUB6ZBJCL59R3YIQB.pcm
Native Pane test targets	Run PaneTests	2026-08-03T15:33:05.5898850Z 
Native Pane test targets	Run PaneTests	2026-08-03T15:33:05.6000410Z SwiftExplicitDependencyGeneratePcm arm64 /Users/runner/work/Pane-Terminal/Pane-Terminal/.ci/DerivedData/ModuleCache.noindex/ObjectiveC-2FY86M7L7CXCX7DPWN8VR4V8A.pcm
Native Pane test targets	Run PaneTests	2026-08-03T15:33:05.6106740Z 
Native Pane test targets	Run PaneTests	2026-08-03T15:33:05.6208030Z SwiftExplicitDependencyGeneratePcm arm64 /Users/runner/work/Pane-Terminal/Pane-Terminal/.ci/DerivedData/ModuleCache.noindex/os_object-CBJH7AVPM0AROHIKOC7WTK8D.pcm
Native Pane test targets	Run PaneTests	2026-08-03T15:33:05.6309540Z 
Native Pane test targets	Run PaneTests	2026-08-03T15:33:05.6411210Z SwiftExplicitDependencyGeneratePcm arm64 /Users/runner/work/Pane-Terminal/Pane-Terminal/.ci/DerivedData/ModuleCache.noindex/os_workgroup-8OAY39GGJCIP8LPYUPB6UNLNW.pcm
Native Pane test targets	Run PaneTests	2026-08-03T15:33:05.6512680Z 
Native Pane test targets	Run PaneTests	2026-08-03T15:33:05.6613820Z SwiftExplicitDependencyGeneratePcm arm64 /Users/runner/work/Pane-Terminal/Pane-Terminal/.ci/DerivedData/ModuleCache.noindex/Dispatch-2OO1ZRSL9SXOYMK3G6CBZ52EJ.pcm
Native Pane test targets	Run PaneTests	2026-08-03T15:33:05.6716110Z 
Native Pane test targets	Run PaneTests	2026-08-03T15:33:05.6819310Z SwiftExplicitDependencyGeneratePcm arm64 /Users/runner/work/Pane-Terminal/Pane-Terminal/.ci/DerivedData/ModuleCache.noindex/XPC-CRJ5FXGQA0FIZQ2RCY09UHCT0.pcm
Native Pane test targets	Run PaneTests	2026-08-03T15:33:05.7457010Z 
Native Pane test targets	Run PaneTests	2026-08-03T15:33:05.7558570Z SwiftExplicitDependencyGeneratePcm arm64 /Users/runner/work/Pane-Terminal/Pane-Terminal/.ci/DerivedData/ModuleCache.noindex/CoreFoundation-1DD33BQEWT8MG9A78BDOGN3YT.pcm
Native Pane test targets	Run PaneTests	2026-08-03T15:33:05.7877500Z 
Native Pane test targets	Run PaneTests	2026-08-03T15:33:05.7979520Z SwiftExplicitDependencyGeneratePcm arm64 /Users/runner/work/Pane-Terminal/Pane-Terminal/.ci/DerivedData/ModuleCache.noindex/os-EK89I4WSH0JUZ6WFVB3R13TWR.pcm
Native Pane test targets	Run PaneTests	2026-08-03T15:33:05.8081630Z 
Native Pane test targets	Run PaneTests	2026-08-03T15:33:05.8187020Z SwiftExplicitDependencyGeneratePcm arm64 /Users/runner/work/Pane-Terminal/Pane-Terminal/.ci/DerivedData/ModuleCache.noindex/IOKit-6O3VH9WAUXNFI8AINVIVDKC3J.pcm
Native Pane test targets	Run PaneTests	2026-08-03T15:33:06.0238160Z 
Native Pane test targets	Run PaneTests	2026-08-03T15:33:06.0353980Z SwiftExplicitDependencyGeneratePcm arm64 /Users/runner/work/Pane-Terminal/Pane-Terminal/.ci/DerivedData/ModuleCache.noindex/CFNetwork-8UXAIQTWP4TY1KTJHBP3QEY27.pcm
Native Pane test targets	Run PaneTests	2026-08-03T15:33:06.0455470Z 
Native Pane test targets	Run PaneTests	2026-08-03T15:33:06.0556610Z SwiftExplicitDependencyGeneratePcm arm64 /Users/runner/work/Pane-Terminal/Pane-Terminal/.ci/DerivedData/ModuleCache.noindex/Security-2G1MDFP5D2MHGHENLQNJQQEQJ.pcm
Native Pane test targets	Run PaneTests	2026-08-03T15:33:06.0657150Z 
Native Pane test targets	Run PaneTests	2026-08-03T15:33:06.0758930Z SwiftExplicitDependencyGeneratePcm arm64 /Users/runner/work/Pane-Terminal/Pane-Terminal/.ci/DerivedData/ModuleCache.noindex/ColorSync-47VOFHPZT5XL1F2KF7QY0GK2R.pcm
Native Pane test targets	Run PaneTests	2026-08-03T15:33:06.0858760Z 
Native Pane test targets	Run PaneTests	2026-08-03T15:33:06.0960490Z SwiftExplicitDependencyGeneratePcm arm64 /Users/runner/work/Pane-Terminal/Pane-Terminal/.ci/DerivedData/ModuleCache.noindex/DiskArbitration-4QLV7F3N2CINN2I7V2HLH82RY.pcm
Native Pane test targets	Run PaneTests	2026-08-03T15:33:06.1061070Z 
Native Pane test targets	Run PaneTests	2026-08-03T15:33:06.1162440Z SwiftExplicitDependencyGeneratePcm arm64 /Users/runner/work/Pane-Terminal/Pane-Terminal/.ci/DerivedData/ModuleCache.noindex/CoreGraphics-9UZ1IOFVDXOQJ9GFOQBLRYPSF.pcm
Native Pane test targets	Run PaneTests	2026-08-03T15:33:06.1362640Z 
Native Pane test targets	Run PaneTests	2026-08-03T15:33:06.1476320Z SwiftExplicitDependencyGeneratePcm arm64 /Users/runner/work/Pane-Terminal/Pane-Terminal/.ci/DerivedData/ModuleCache.noindex/CoreServices-90UFZT0YCG3INSG6R626FOCZP.pcm
Native Pane test targets	Run PaneTests	2026-08-03T15:33:06.3816560Z 
Native Pane test targets	Run PaneTests	2026-08-03T15:33:06.3934070Z SwiftExplicitDependencyGeneratePcm arm64 /Users/runner/work/Pane-Terminal/Pane-Terminal/.ci/DerivedData/ModuleCache.noindex/ImageIO-2TRX2ZW8X1PAJZMKHNYKAEA70.pcm
Native Pane test targets	Run PaneTests	2026-08-03T15:33:06.4035450Z 
Native Pane test targets	Run PaneTests	2026-08-03T15:33:06.4137080Z SwiftExplicitDependencyGeneratePcm arm64 /Users/runner/work/Pane-Terminal/Pane-Terminal/.ci/DerivedData/ModuleCache.noindex/CoreText-3QF0RZPY49KUSVGYW8E8HNV26.pcm
Native Pane test targets	Run PaneTests	2026-08-03T15:33:06.4237060Z 
Native Pane test targets	Run PaneTests	2026-08-03T15:33:06.4339010Z SwiftExplicitDependencyGeneratePcm arm64 /Users/runner/work/Pane-Terminal/Pane-Terminal/.ci/DerivedData/ModuleCache.noindex/Foundation-OOVZZNOJ4N5R0QJSQXW1ZBDT.pcm
Native Pane test targets	Run PaneTests	2026-08-03T15:33:06.8361810Z 
Native Pane test targets	Run PaneTests	2026-08-03T15:33:06.8495510Z SwiftExplicitDependencyGeneratePcm arm64 /Users/runner/work/Pane-Terminal/Pane-Terminal/.ci/DerivedData/ModuleCache.noindex/Accessibility-2L4LH8TX6NQCY2CDS6KN5XBSA.pcm
Native Pane test targets	Run PaneTests	2026-08-03T15:33:06.9576020Z 
Native Pane test targets	Run PaneTests	2026-08-03T15:33:06.9677490Z SwiftExplicitDependencyGeneratePcm arm64 /Users/runner/work/Pane-Terminal/Pane-Terminal/.ci/DerivedData/ModuleCache.noindex/ApplicationServices-8LXTEH8K83PL3G0EHFV3DGZTY.pcm
Native Pane test targets	Run PaneTests	2026-08-03T15:33:06.9979560Z 
Native Pane test targets	Run PaneTests	2026-08-03T15:33:07.0082980Z SwiftExplicitDependencyGeneratePcm arm64 /Users/runner/work/Pane-Terminal/Pane-Terminal/.ci/DerivedData/ModuleCache.noindex/CoreData-78GX4QDNGXDRR3NFCKFWRPZ0G.pcm
Native Pane test targets	Run PaneTests	2026-08-03T15:33:07.0184130Z 
Native Pane test targets	Run PaneTests	2026-08-03T15:33:07.0285800Z SwiftExplicitDependencyGeneratePcm arm64 /Users/runner/work/Pane-Terminal/Pane-Terminal/.ci/DerivedData/ModuleCache.noindex/CoreTransferable-DZW52BAK6YRFBVCLBCVSAJHFF.pcm
Native Pane test targets	Run PaneTests	2026-08-03T15:33:07.0385560Z 
Native Pane test targets	Run PaneTests	2026-08-03T15:33:07.0487100Z SwiftExplicitDependencyGeneratePcm arm64 /Users/runner/work/Pane-Terminal/Pane-Terminal/.ci/DerivedData/ModuleCache.noindex/DataDetection-DDDWJ2F9W9Q9O0T4GW8YS7D37.pcm
Native Pane test targets	Run PaneTests	2026-08-03T15:33:07.0588540Z 
Native Pane test targets	Run PaneTests	2026-08-03T15:33:07.0689700Z SwiftExplicitDependencyGeneratePcm arm64 /Users/runner/work/Pane-Terminal/Pane-Terminal/.ci/DerivedData/ModuleCache.noindex/OSLog-1RYTBAB6EUUGVYD7YFEXYGJK6.pcm
Native Pane test targets	Run PaneTests	2026-08-03T15:33:07.0806020Z 
Native Pane test targets	Run PaneTests	2026-08-03T15:33:07.0910130Z SwiftExplicitDependencyGeneratePcm arm64 /Users/runner/work/Pane-Terminal/Pane-Terminal/.ci/DerivedData/ModuleCache.noindex/IOSurface-9D2GMDEKSLWJG1L077SUK7FT1.pcm
Native Pane test targets	Run PaneTests	2026-08-03T15:33:07.1011860Z 
Native Pane test targets	Run PaneTests	2026-08-03T15:33:07.1114600Z SwiftExplicitDependencyGeneratePcm arm64 /Users/runner/work/Pane-Terminal/Pane-Terminal/.ci/DerivedData/ModuleCache.noindex/Carbon-AIB5S9O54XAAJD3BG2QELHR15.pcm
Native Pane test targets	Run PaneTests	2026-08-03T15:33:07.2325080Z 
Native Pane test targets	Run PaneTests	2026-08-03T15:33:07.2426520Z SwiftExplicitDependencyGeneratePcm arm64 /Users/runner/work/Pane-Terminal/Pane-Terminal/.ci/DerivedData/ModuleCache.noindex/UniformTypeIdentifiers-2S5RKXO4GY7KH0JSN0KMAHPIG.pcm
Native Pane test targets	Run PaneTests	2026-08-03T15:33:07.2526280Z 
Native Pane test targets	Run PaneTests	2026-08-03T15:33:07.2627620Z SwiftExplicitDependencyGeneratePcm arm64 /Users/runner/work/Pane-Terminal/Pane-Terminal/.ci/DerivedData/ModuleCache.noindex/ModelIO-90MQHL5GDZMN09CZI6LL6OP1N.pcm
Native Pane test targets	Run PaneTests	2026-08-03T15:33:07.2727130Z 
Native Pane test targets	Run PaneTests	2026-08-03T15:33:07.2828450Z SwiftExplicitDependencyGeneratePcm arm64 /Users/runner/work/Pane-Terminal/Pane-Terminal/.ci/DerivedData/ModuleCache.noindex/Metal-C9WIUUX7B5OYUWBIAJ0FEAR3E.pcm
Native Pane test targets	Run PaneTests	2026-08-03T15:33:07.3131030Z 
Native Pane test targets	Run PaneTests	2026-08-03T15:33:07.3232320Z SwiftExplicitDependencyGeneratePcm arm64 /Users/runner/work/Pane-Terminal/Pane-Terminal/.ci/DerivedData/ModuleCache.noindex/Symbols-45F06PU7EREZ3497GGC6ORC78.pcm
Native Pane test targets	Run PaneTests	2026-08-03T15:33:07.3332020Z 
Native Pane test targets	Run PaneTests	2026-08-03T15:33:07.3434540Z SwiftExplicitDependencyGeneratePcm arm64 /Users/runner/work/Pane-Terminal/Pane-Terminal/.ci/DerivedData/ModuleCache.noindex/CoreVideo-AMZHL2Z7ZZKDJY2G7XL6E1GQ7.pcm
Native Pane test targets	Run PaneTests	2026-08-03T15:33:07.4036430Z 
Native Pane test targets	Run PaneTests	2026-08-03T15:33:07.4137810Z SwiftExplicitDependencyGeneratePcm arm64 /Users/runner/work/Pane-Terminal/Pane-Terminal/.ci/DerivedData/ModuleCache.noindex/CoreImage-69EFMHE5H5YZ0CP23WPR402Q3.pcm
Native Pane test targets	Run PaneTests	2026-08-03T15:33:07.5466390Z 
Native Pane test targets	Run PaneTests	2026-08-03T15:33:07.5561970Z SwiftExplicitDependencyGeneratePcm arm64 /Users/runner/work/Pane-Terminal/Pane-Terminal/.ci/DerivedData/ModuleCache.noindex/QuartzCore-CTSADWZZVMUVWA9BE872C2MNE.pcm
Native Pane test targets	Run PaneTests	2026-08-03T15:33:07.5663130Z 
Native Pane test targets	Run PaneTests	2026-08-03T15:33:07.5732980Z SwiftExplicitDependencyGeneratePcm arm64 /Users/runner/work/Pane-Terminal/Pane-Terminal/.ci/DerivedData/ModuleCache.noindex/SwiftUICore-5HMOS2K8QW9Q0ZT8V384Q53YV.pcm
Native Pane test targets	Run PaneTests	2026-08-03T15:33:07.5822740Z 
Native Pane test targets	Run PaneTests	2026-08-03T15:33:07.5902570Z SwiftExplicitDependencyGeneratePcm arm64 /Users/runner/work/Pane-Terminal/Pane-Terminal/.ci/DerivedData/ModuleCache.noindex/AppKit-C2XH0309IR0WYVD86H1K2K5JH.pcm
Native Pane test targets	Run PaneTests	2026-08-03T15:33:08.2961310Z 
Native Pane test targets	Run PaneTests	2026-08-03T15:33:08.2965650Z SwiftExplicitDependencyGeneratePcm arm64 /Users/runner/work/Pane-Terminal/Pane-Terminal/.ci/DerivedData/ModuleCache.noindex/SwiftUI-57LYXUU9SN3FT0A0GPX8OB4EJ.pcm
Native Pane test targets	Run PaneTests	2026-08-03T15:33:08.3676410Z 
Native Pane test targets	Run PaneTests	2026-08-03T15:33:08.3778120Z SwiftExplicitDependencyGeneratePcm arm64 /Users/runner/work/Pane-Terminal/Pane-Terminal/.ci/DerivedData/ModuleCache.noindex/MetalKit-3TPOYEW67YXPYR82899SC1NR.pcm
Native Pane test targets	Run PaneTests	2026-08-03T15:33:08.4038810Z 
Native Pane test targets	Run PaneTests	2026-08-03T15:33:08.4040330Z SwiftEmitModule normal arm64 Emitting\ module\ for\ SwiftTerm (in target 'SwiftTerm' from project 'SwiftTerm')
Native Pane test targets	Run PaneTests	2026-08-03T15:33:08.4736400Z 
Native Pane test targets	Run PaneTests	2026-08-03T15:33:08.4871570Z EmitSwiftModule normal arm64 (in target 'SwiftTerm' from project 'SwiftTerm')
Native Pane test targets	Run PaneTests	2026-08-03T15:33:08.4972990Z     cd /Users/runner/work/Pane-Terminal/Pane-Terminal/Pane.xcodeproj
Native Pane test targets	Run PaneTests	2026-08-03T15:33:08.5074340Z     
Native Pane test targets	Run PaneTests	2026-08-03T15:33:09.9362630Z 
Native Pane test targets	Run PaneTests	2026-08-03T15:33:09.9575480Z SwiftCompile normal arm64 Compiling\ SearchOptions.swift,\ SearchService.swift,\ SearchState.swift,\ SelectionService.swift,\ SixelDcsHandler.swift,\ SyncDebug.swift,\ Terminal.swift,\ TerminalOptions.swift,\ TerminalViewSearch.swift,\ UnicodeWidthData.swift,\ Utilities.swift,\ SwiftUITerminalView.swift,\ iOSAccessoryView.swift,\ iOSCaretView.swift,\ iOSDoubleButton.swift,\ iOSExtensions.swift,\ iOSKeyboardView.swift,\ iOSTerminalView.swift,\ iOSTextInput.swift,\ iOSTextStorage.swift /Users/runner/work/Pane-Terminal/Pane-Terminal/.ci/SourcePackages/checkouts/SwiftTerm/Sources/SwiftTerm/SearchOptions.swift /Users/runner/work/Pane-Terminal/Pane-Terminal/.ci/SourcePackages/checkouts/SwiftTerm/Sources/SwiftTerm/SearchService.swift /Users/runner/work/Pane-Terminal/Pane-Terminal/.ci/SourcePackages/checkouts/SwiftTerm/Sources/SwiftTerm/SearchState.swift /Users/runner/work/Pane-Terminal/Pane-Terminal/.ci/SourcePackages/checkouts/SwiftTerm/Sources/SwiftTerm/SelectionService.swift /Users/runner/work/Pane-Terminal/Pane-Terminal/.ci/SourcePackages/checkouts/SwiftTerm/Sources/SwiftTerm/SixelDcsHandler.swift /Users/runner/work/Pane-Terminal/Pane-Terminal/.ci/SourcePackages/checkouts/SwiftTerm/Sources/SwiftTerm/SyncDebug.swift /Users/runner/work/Pane-Terminal/Pane-Terminal/.ci/SourcePackages/checkouts/SwiftTerm/Sources/SwiftTerm/Terminal.swift /Users/runner/work/Pane-Terminal/Pane-Terminal/.ci/SourcePackages/checkouts/SwiftTerm/Sources/SwiftTerm/TerminalOptions.swift /Users/runner/work/Pane-Terminal/Pane-Terminal/.ci/SourcePackages/checkouts/SwiftTerm/Sources/SwiftTerm/TerminalViewSearch.swift /Users/runner/work/Pane-Terminal/Pane-Terminal/.ci/SourcePackages/checkouts/SwiftTerm/Sources/SwiftTerm/UnicodeWidthData.swift /Users/runner/work/Pane-Terminal/Pane-Terminal/.ci/SourcePackages/checkouts/SwiftTerm/Sources/SwiftTerm/Utilities.swift /Users/runner/work/Pane-Terminal/Pane-Terminal/.ci/SourcePackages/checkouts/SwiftTerm/Sources/SwiftTerm/iOS/SwiftUITerminalView.swift /Users/runner/work/Pane-Terminal/Pane-Terminal/.ci/SourcePackages/checkouts/SwiftTerm/Sources/SwiftTerm/iOS/iOSAccessoryView.swift /Users/runner/work/Pane-Terminal/Pane-Terminal/.ci/SourcePackages/checkouts/SwiftTerm/Sources/SwiftTerm/iOS/iOSCaretView.swift /Users/runner/work/Pane-Terminal/Pane-Terminal/.ci/SourcePackages/checkouts/SwiftTerm/Sources/SwiftTerm/iOS/iOSDoubleButton.swift /Users/runner/work/Pane-Terminal/Pane-Terminal/.ci/SourcePackages/checkouts/SwiftTerm/Sources/SwiftTerm/iOS/iOSExtensions.swift /Users/runner/work/Pane-Terminal/Pane-Terminal/.ci/SourcePackages/checkouts/SwiftTerm/Sources/SwiftTerm/iOS/iOSKeyboardView.swift /Users/runner/work/Pane-Terminal/Pane-Terminal/.ci/SourcePackages/checkouts/SwiftTerm/Sources/SwiftTerm/iOS/iOSTerminalView.swift /Users/runner/work/Pane-Terminal/Pane-Terminal/.ci/SourcePackages/checkouts/SwiftTerm/Sources/SwiftTerm/iOS/iOSTextInput.swift /Users/runner/work/Pane-Terminal/Pane-Terminal/.ci/SourcePackages/checkouts/SwiftTerm/Sources/SwiftTerm/iOS/iOSTextStorage.swift (in target 'SwiftTerm' from project 'SwiftTerm')
Native Pane test targets	Run PaneTests	2026-08-03T15:33:09.9690880Z SwiftCompile normal arm64 /Users/runner/work/Pane-Terminal/Pane-Terminal/.ci/SourcePackages/checkouts/SwiftTerm/Sources/SwiftTerm/SearchOptions.swift (in target 'SwiftTerm' from project 'SwiftTerm')
Native Pane test targets	Run PaneTests	2026-08-03T15:33:09.9794220Z     cd /Users/runner/work/Pane-Terminal/Pane-Terminal/Pane.xcodeproj
Native Pane test targets	Run PaneTests	2026-08-03T15:33:09.9896580Z     
Native Pane test targets	Run PaneTests	2026-08-03T15:33:15.6052720Z 
Native Pane test targets	Run PaneTests	2026-08-03T15:33:15.6180360Z SwiftCompile normal arm64 /Users/runner/work/Pane-Terminal/Pane-Terminal/.ci/SourcePackages/checkouts/SwiftTerm/Sources/SwiftTerm/SearchService.swift (in target 'SwiftTerm' from project 'SwiftTerm')
Native Pane test targets	Run PaneTests	2026-08-03T15:33:15.6282230Z     cd /Users/runner/work/Pane-Terminal/Pane-Terminal/Pane.xcodeproj
Native Pane test targets	Run PaneTests	2026-08-03T15:33:15.6384630Z     
Native Pane test targets	Run PaneTests	2026-08-03T15:33:15.6485420Z 
Native Pane test targets	Run PaneTests	2026-08-03T15:33:15.6587760Z SwiftCompile normal arm64 /Users/runner/work/Pane-Terminal/Pane-Terminal/.ci/SourcePackages/checkouts/SwiftTerm/Sources/SwiftTerm/SearchState.swift (in target 'SwiftTerm' from project 'SwiftTerm')
Native Pane test targets	Run PaneTests	2026-08-03T15:33:15.6687540Z     cd /Users/runner/work/Pane-Terminal/Pane-Terminal/Pane.xcodeproj
Native Pane test targets	Run PaneTests	2026-08-03T15:33:15.6788660Z     
Native Pane test targets	Run PaneTests	2026-08-03T15:33:15.6889640Z 
Native Pane test targets	Run PaneTests	2026-08-03T15:33:15.6994340Z SwiftCompile normal arm64 /Users/runner/work/Pane-Terminal/Pane-Terminal/.ci/SourcePackages/checkouts/SwiftTerm/Sources/SwiftTerm/SelectionService.swift (in target 'SwiftTerm' from project 'SwiftTerm')
Native Pane test targets	Run PaneTests	2026-08-03T15:33:15.7093900Z     cd /Users/runner/work/Pane-Terminal/Pane-Terminal/Pane.xcodeproj
Native Pane test targets	Run PaneTests	2026-08-03T15:33:15.7194960Z     
Native Pane test targets	Run PaneTests	2026-08-03T15:33:15.7295870Z 
Native Pane test targets	Run PaneTests	2026-08-03T15:33:15.7397270Z SwiftCompile normal arm64 /Users/runner/work/Pane-Terminal/Pane-Terminal/.ci/SourcePackages/checkouts/SwiftTerm/Sources/SwiftTerm/SixelDcsHandler.swift (in target 'SwiftTerm' from project 'SwiftTerm')
Native Pane test targets	Run PaneTests	2026-08-03T15:33:15.7499080Z     cd /Users/runner/work/Pane-Terminal/Pane-Terminal/Pane.xcodeproj
Native Pane test targets	Run PaneTests	2026-08-03T15:33:15.7600600Z     
Native Pane test targets	Run PaneTests	2026-08-03T15:33:15.7703880Z 
Native Pane test targets	Run PaneTests	2026-08-03T15:33:15.7821870Z SwiftCompile normal arm64 /Users/runner/work/Pane-Terminal/Pane-Terminal/.ci/SourcePackages/checkouts/SwiftTerm/Sources/SwiftTerm/SyncDebug.swift (in target 'SwiftTerm' from project 'SwiftTerm')
Native Pane test targets	Run PaneTests	2026-08-03T15:33:15.7929930Z     cd /Users/runner/work/Pane-Terminal/Pane-Terminal/Pane.xcodeproj
Native Pane test targets	Run PaneTests	2026-08-03T15:33:15.8040890Z     
Native Pane test targets	Run PaneTests	2026-08-03T15:33:15.8142060Z 
Native Pane test targets	Run PaneTests	2026-08-03T15:33:15.8243170Z SwiftCompile normal arm64 /Users/runner/work/Pane-Terminal/Pane-Terminal/.ci/SourcePackages/checkouts/SwiftTerm/Sources/SwiftTerm/Terminal.swift (in target 'SwiftTerm' from project 'SwiftTerm')
Native Pane test targets	Run PaneTests	2026-08-03T15:33:15.8343130Z     cd /Users/runner/work/Pane-Terminal/Pane-Terminal/Pane.xcodeproj
Native Pane test targets	Run PaneTests	2026-08-03T15:33:15.8475180Z     
Native Pane test targets	Run PaneTests	2026-08-03T15:33:15.8579020Z 
Native Pane test targets	Run PaneTests	2026-08-03T15:33:15.8682230Z SwiftCompile normal arm64 /Users/runner/work/Pane-Terminal/Pane-Terminal/.ci/SourcePackages/checkouts/SwiftTerm/Sources/SwiftTerm/TerminalOptions.swift (in target 'SwiftTerm' from project 'SwiftTerm')
Native Pane test targets	Run PaneTests	2026-08-03T15:33:15.8784750Z     cd /Users/runner/work/Pane-Terminal/Pane-Terminal/Pane.xcodeproj
Native Pane test targets	Run PaneTests	2026-08-03T15:33:15.8886260Z     
Native Pane test targets	Run PaneTests	2026-08-03T15:33:15.8991530Z 
Native Pane test targets	Run PaneTests	2026-08-03T15:33:15.9094470Z SwiftCompile normal arm64 /Users/runner/work/Pane-Terminal/Pane-Terminal/.ci/SourcePackages/checkouts/SwiftTerm/Sources/SwiftTerm/TerminalViewSearch.swift (in target 'SwiftTerm' from project 'SwiftTerm')
Native Pane test targets	Run PaneTests	2026-08-03T15:33:15.9098040Z     cd /Users/runner/work/Pane-Terminal/Pane-Terminal/Pane.xcodeproj
Native Pane test targets	Run PaneTests	2026-08-03T15:33:15.9199030Z     
Native Pane test targets	Run PaneTests	2026-08-03T15:33:15.9306830Z 
Native Pane test targets	Run PaneTests	2026-08-03T15:33:15.9413840Z SwiftCompile normal arm64 /Users/runner/work/Pane-Terminal/Pane-Terminal/.ci/SourcePackages/checkouts/SwiftTerm/Sources/SwiftTerm/UnicodeWidthData.swift (in target 'SwiftTerm' from project 'SwiftTerm')
Native Pane test targets	Run PaneTests	2026-08-03T15:33:15.9520220Z     cd /Users/runner/work/Pane-Terminal/Pane-Terminal/Pane.xcodeproj
Native Pane test targets	Run PaneTests	2026-08-03T15:33:15.9621910Z     
Native Pane test targets	Run PaneTests	2026-08-03T15:33:15.9722430Z 
Native Pane test targets	Run PaneTests	2026-08-03T15:33:15.9828050Z SwiftCompile normal arm64 /Users/runner/work/Pane-Terminal/Pane-Terminal/.ci/SourcePackages/checkouts/SwiftTerm/Sources/SwiftTerm/Utilities.swift (in target 'SwiftTerm' from project 'SwiftTerm')
Native Pane test targets	Run PaneTests	2026-08-03T15:33:15.9929800Z     cd /Users/runner/work/Pane-Terminal/Pane-Terminal/Pane.xcodeproj
Native Pane test targets	Run PaneTests	2026-08-03T15:33:16.0039830Z     
Native Pane test targets	Run PaneTests	2026-08-03T15:33:16.0143930Z 
Native Pane test targets	Run PaneTests	2026-08-03T15:33:16.0246060Z SwiftCompile normal arm64 /Users/runner/work/Pane-Terminal/Pane-Terminal/.ci/SourcePackages/checkouts/SwiftTerm/Sources/SwiftTerm/iOS/SwiftUITerminalView.swift (in target 'SwiftTerm' from project 'SwiftTerm')
Native Pane test targets	Run PaneTests	2026-08-03T15:33:16.0372580Z     cd /Users/runner/work/Pane-Terminal/Pane-Terminal/Pane.xcodeproj
Native Pane test targets	Run PaneTests	2026-08-03T15:33:16.0474600Z     
Native Pane test targets	Run PaneTests	2026-08-03T15:33:16.0576280Z 
Native Pane test targets	Run PaneTests	2026-08-03T15:33:16.0696350Z SwiftCompile normal arm64 /Users/runner/work/Pane-Terminal/Pane-Terminal/.ci/SourcePackages/checkouts/SwiftTerm/Sources/SwiftTerm/iOS/iOSAccessoryView.swift (in target 'SwiftTerm' from project 'SwiftTerm')
Native Pane test targets	Run PaneTests	2026-08-03T15:33:16.0800360Z     cd /Users/runner/work/Pane-Terminal/Pane-Terminal/Pane.xcodeproj
Native Pane test targets	Run PaneTests	2026-08-03T15:33:16.0902200Z     
Native Pane test targets	Run PaneTests	2026-08-03T15:33:16.1006120Z 
Native Pane test targets	Run PaneTests	2026-08-03T15:33:16.1129430Z SwiftCompile normal arm64 /Users/runner/work/Pane-Terminal/Pane-Terminal/.ci/SourcePackages/checkouts/SwiftTerm/Sources/SwiftTerm/iOS/iOSCaretView.swift (in target 'SwiftTerm' from project 'SwiftTerm')
Native Pane test targets	Run PaneTests	2026-08-03T15:33:16.1238240Z     cd /Users/runner/work/Pane-Terminal/Pane-Terminal/Pane.xcodeproj
Native Pane test targets	Run PaneTests	2026-08-03T15:33:16.1339900Z     
Native Pane test targets	Run PaneTests	2026-08-03T15:33:16.1454270Z 
Native Pane test targets	Run PaneTests	2026-08-03T15:33:16.1558220Z SwiftCompile normal arm64 /Users/runner/work/Pane-Terminal/Pane-Terminal/.ci/SourcePackages/checkouts/SwiftTerm/Sources/SwiftTerm/iOS/iOSDoubleButton.swift (in target 'SwiftTerm' from project 'SwiftTerm')
Native Pane test targets	Run PaneTests	2026-08-03T15:33:16.1666470Z     cd /Users/runner/work/Pane-Terminal/Pane-Terminal/Pane.xcodeproj
Native Pane test targets	Run PaneTests	2026-08-03T15:33:16.1771260Z     
Native Pane test targets	Run PaneTests	2026-08-03T15:33:16.1873700Z 
Native Pane test targets	Run PaneTests	2026-08-03T15:33:16.1979130Z SwiftCompile normal arm64 /Users/runner/work/Pane-Terminal/Pane-Terminal/.ci/SourcePackages/checkouts/SwiftTerm/Sources/SwiftTerm/iOS/iOSExtensions.swift (in target 'SwiftTerm' from project 'SwiftTerm')
Native Pane test targets	Run PaneTests	2026-08-03T15:33:16.2089580Z     cd /Users/runner/work/Pane-Terminal/Pane-Terminal/Pane.xcodeproj
Native Pane test targets	Run PaneTests	2026-08-03T15:33:16.2197960Z     
Native Pane test targets	Run PaneTests	2026-08-03T15:33:16.2329570Z 
Native Pane test targets	Run PaneTests	2026-08-03T15:33:16.2446120Z SwiftCompile normal arm64 /Users/runner/work/Pane-Terminal/Pane-Terminal/.ci/SourcePackages/checkouts/SwiftTerm/Sources/SwiftTerm/iOS/iOSKeyboardView.swift (in target 'SwiftTerm' from project 'SwiftTerm')
Native Pane test targets	Run PaneTests	2026-08-03T15:33:16.2551640Z     cd /Users/runner/work/Pane-Terminal/Pane-Terminal/Pane.xcodeproj
Native Pane test targets	Run PaneTests	2026-08-03T15:33:16.2704870Z     
Native Pane test targets	Run PaneTests	2026-08-03T15:33:16.2812600Z 
Native Pane test targets	Run PaneTests	2026-08-03T15:33:16.2920120Z SwiftCompile normal arm64 /Users/runner/work/Pane-Terminal/Pane-Terminal/.ci/SourcePackages/checkouts/SwiftTerm/Sources/SwiftTerm/iOS/iOSTerminalView.swift (in target 'SwiftTerm' from project 'SwiftTerm')
Native Pane test targets	Run PaneTests	2026-08-03T15:33:16.3025570Z     cd /Users/runner/work/Pane-Terminal/Pane-Terminal/Pane.xcodeproj
Native Pane test targets	Run PaneTests	2026-08-03T15:33:16.3128030Z     
Native Pane test targets	Run PaneTests	2026-08-03T15:33:16.3228630Z 
Native Pane test targets	Run PaneTests	2026-08-03T15:33:16.3333560Z SwiftCompile normal arm64 /Users/runner/work/Pane-Terminal/Pane-Terminal/.ci/SourcePackages/checkouts/SwiftTerm/Sources/SwiftTerm/iOS/iOSTextInput.swift (in target 'SwiftTerm' from project 'SwiftTerm')
Native Pane test targets	Run PaneTests	2026-08-03T15:33:16.3435180Z     cd /Users/runner/work/Pane-Terminal/Pane-Terminal/Pane.xcodeproj
Native Pane test targets	Run PaneTests	2026-08-03T15:33:16.3536840Z     
Native Pane test targets	Run PaneTests	2026-08-03T15:33:16.3641260Z 
Native Pane test targets	Run PaneTests	2026-08-03T15:33:16.3747620Z SwiftCompile normal arm64 /Users/runner/work/Pane-Terminal/Pane-Terminal/.ci/SourcePackages/checkouts/SwiftTerm/Sources/SwiftTerm/iOS/iOSTextStorage.swift (in target 'SwiftTerm' from project 'SwiftTerm')
Native Pane test targets	Run PaneTests	2026-08-03T15:33:16.3851330Z     cd /Users/runner/work/Pane-Terminal/Pane-Terminal/Pane.xcodeproj
Native Pane test targets	Run PaneTests	2026-08-03T15:33:16.3952370Z     
Native Pane test targets	Run PaneTests	2026-08-03T15:33:16.4063350Z 
Native Pane test targets	Run PaneTests	2026-08-03T15:33:16.4179200Z SwiftCompile normal arm64 Compiling\ EscapeSequences.swift,\ ExtensionsTerminal.swift,\ File.swift,\ HeadlessTerminal.swift,\ KittyGraphics.swift,\ KittyKeyboardEncoder.swift,\ KittyKeyboardProtocol.swift,\ KittyPlaceholder.swift,\ Line.swift,\ LocalProcess.swift,\ MacAccessibilityService.swift,\ MacCaretView.swift,\ MacDebugView.swift,\ MacExtensions.swift,\ MacFindBarView.swift,\ MacLocalTerminalView.swift,\ MacTerminalView.swift,\ Position.swift,\ Pty.swift,\ SearchEngine.swift,\ SearchLineCache.swift /Users/runner/work/Pane-Terminal/Pane-Terminal/.ci/SourcePackages/checkouts/SwiftTerm/Sources/SwiftTerm/EscapeSequences.swift /Users/runner/work/Pane-Terminal/Pane-Terminal/.ci/SourcePackages/checkouts/SwiftTerm/Sources/SwiftTerm/ExtensionsTerminal.swift /Users/runner/work/Pane-Terminal/Pane-Terminal/.ci/SourcePackages/checkouts/SwiftTerm/Sources/SwiftTerm/File.swift /Users/runner/work/Pane-Terminal/Pane-Terminal/.ci/SourcePackages/checkouts/SwiftTerm/Sources/SwiftTerm/HeadlessTerminal.swift /Users/runner/work/Pane-Terminal/Pane-Terminal/.ci/SourcePackages/checkouts/SwiftTerm/Sources/SwiftTerm/KittyGraphics.swift /Users/runner/work/Pane-Terminal/Pane-Terminal/.ci/SourcePackages/checkouts/SwiftTerm/Sources/SwiftTerm/KittyKeyboardEncoder.swift /Users/runner/work/Pane-Terminal/Pane-Terminal/.ci/SourcePackages/checkouts/SwiftTerm/Sources/SwiftTerm/KittyKeyboardProtocol.swift /Users/runner/work/Pane-Terminal/Pane-Terminal/.ci/SourcePackages/checkouts/SwiftTerm/Sources/SwiftTerm/KittyPlaceholder.swift /Users/runner/work/Pane-Terminal/Pane-Terminal/.ci/SourcePackages/checkouts/SwiftTerm/Sources/SwiftTerm/Line.swift /Users/runner/work/Pane-Terminal/Pane-Terminal/.ci/SourcePackages/checkouts/SwiftTerm/Sources/SwiftTerm/LocalProcess.swift /Users/runner/work/Pane-Terminal/Pane-Terminal/.ci/SourcePackages/checkouts/SwiftTerm/Sources/SwiftTerm/Mac/MacAccessibilityService.swift /Users/runner/work/Pane-Terminal/Pane-Terminal/.ci/SourcePackages/checkouts/SwiftTerm/Sources/SwiftTerm/Mac/MacCaretView.swift /Users/runner/work/Pane-Terminal/Pane-Terminal/.ci/SourcePackages/checkouts/SwiftTerm/Sources/SwiftTerm/Mac/MacDebugView.swift /Users/runner/work/Pane-Terminal/Pane-Terminal/.ci/SourcePackages/checkouts/SwiftTerm/Sources/SwiftTerm/Mac/MacExtensions.swift /Users/runner/work/Pane-Terminal/Pane-Terminal/.ci/SourcePackages/checkouts/SwiftTerm/Sources/SwiftTerm/Mac/MacFindBarView.swift /Users/runner/work/Pane-Terminal/Pane-Terminal/.ci/SourcePackages/checkouts/SwiftTerm/Sources/SwiftTerm/Mac/MacLocalTerminalView.swift /Users/runner/work/Pane-Terminal/Pane-Terminal/.ci/SourcePackages/checkouts/SwiftTerm/Sources/SwiftTerm/Mac/MacTerminalView.swift /Users/runner/work/Pane-Terminal/Pane-Terminal/.ci/SourcePackages/checkouts/SwiftTerm/Sources/SwiftTerm/Position.swift /Users/runner/work/Pane-Terminal/Pane-Terminal/.ci/SourcePackages/checkouts/SwiftTerm/Sources/SwiftTerm/Pty.swift /Users/runner/work/Pane-Terminal/Pane-Terminal/.ci/SourcePackages/checkouts/SwiftTerm/Sources/SwiftTerm/SearchEngine.swift /Users/runner/work/Pane-Terminal/Pane-Terminal/.ci/SourcePackages/checkouts/SwiftTerm/Sources/SwiftTerm/SearchLineCache.swift (in target 'SwiftTerm' from project 'SwiftTerm')
Native Pane test targets	Run PaneTests	2026-08-03T15:33:16.4304410Z SwiftCompile normal arm64 /Users/runner/work/Pane-Terminal/Pane-Terminal/.ci/SourcePackages/checkouts/SwiftTerm/Sources/SwiftTerm/EscapeSequences.swift (in target 'SwiftTerm' from project 'SwiftTerm')
Native Pane test targets	Run PaneTests	2026-08-03T15:33:16.4415930Z     cd /Users/runner/work/Pane-Terminal/Pane-Terminal/Pane.xcodeproj
Native Pane test targets	Run PaneTests	2026-08-03T15:33:16.4530170Z     
Native Pane test targets	Run PaneTests	2026-08-03T15:33:17.4291200Z 
Native Pane test targets	Run PaneTests	2026-08-03T15:33:17.4420580Z SwiftCompile normal arm64 /Users/runner/work/Pane-Terminal/Pane-Terminal/.ci/SourcePackages/checkouts/SwiftTerm/Sources/SwiftTerm/ExtensionsTerminal.swift (in target 'SwiftTerm' from project 'SwiftTerm')
Native Pane test targets	Run PaneTests	2026-08-03T15:33:17.4547840Z     cd /Users/runner/work/Pane-Terminal/Pane-Terminal/Pane.xcodeproj
Native Pane test targets	Run PaneTests	2026-08-03T15:33:17.4668580Z     
Native Pane test targets	Run PaneTests	2026-08-03T15:33:17.4668850Z 
Native Pane test targets	Run PaneTests	2026-08-03T15:33:17.4778590Z SwiftCompile normal arm64 /Users/runner/work/Pane-Terminal/Pane-Terminal/.ci/SourcePackages/checkouts/SwiftTerm/Sources/SwiftTerm/File.swift (in target 'SwiftTerm' from project 'SwiftTerm')
Native Pane test targets	Run PaneTests	2026-08-03T15:33:17.4882780Z     cd /Users/runner/work/Pane-Terminal/Pane-Terminal/Pane.xcodeproj
Native Pane test targets	Run PaneTests	2026-08-03T15:33:17.4992870Z     
Native Pane test targets	Run PaneTests	2026-08-03T15:33:17.5093500Z 
Native Pane test targets	Run PaneTests	2026-08-03T15:33:17.5194830Z SwiftCompile normal arm64 /Users/runner/work/Pane-Terminal/Pane-Terminal/.ci/SourcePackages/checkouts/SwiftTerm/Sources/SwiftTerm/HeadlessTerminal.swift (in target 'SwiftTerm' from project 'SwiftTerm')
Native Pane test targets	Run PaneTests	2026-08-03T15:33:17.5296470Z     cd /Users/runner/work/Pane-Terminal/Pane-Terminal/Pane.xcodeproj
Native Pane test targets	Run PaneTests	2026-08-03T15:33:17.5397510Z     
Native Pane test targets	Run PaneTests	2026-08-03T15:33:17.5498350Z 
Native Pane test targets	Run PaneTests	2026-08-03T15:33:17.5600610Z SwiftCompile normal arm64 /Users/runner/work/Pane-Terminal/Pane-Terminal/.ci/SourcePackages/checkouts/SwiftTerm/Sources/SwiftTerm/KittyGraphics.swift (in target 'SwiftTerm' from project 'SwiftTerm')
Native Pane test targets	Run PaneTests	2026-08-03T15:33:17.5702200Z     cd /Users/runner/work/Pane-Terminal/Pane-Terminal/Pane.xcodeproj
Native Pane test targets	Run PaneTests	2026-08-03T15:33:17.5803400Z     
Native Pane test targets	Run PaneTests	2026-08-03T15:33:17.5904200Z 
Native Pane test targets	Run PaneTests	2026-08-03T15:33:17.6005570Z SwiftCompile normal arm64 /Users/runner/work/Pane-Terminal/Pane-Terminal/.ci/SourcePackages/checkouts/SwiftTerm/Sources/SwiftTerm/KittyKeyboardEncoder.swift (in target 'SwiftTerm' from project 'SwiftTerm')
Native Pane test targets	Run PaneTests	2026-08-03T15:33:17.6107340Z     cd /Users/runner/work/Pane-Terminal/Pane-Terminal/Pane.xcodeproj
Native Pane test targets	Run PaneTests	2026-08-03T15:33:17.6208890Z     
Native Pane test targets	Run PaneTests	2026-08-03T15:33:17.6309570Z 
Native Pane test targets	Run PaneTests	2026-08-03T15:33:17.6418270Z SwiftCompile normal arm64 /Users/runner/work/Pane-Terminal/Pane-Terminal/.ci/SourcePackages/checkouts/SwiftTerm/Sources/SwiftTerm/KittyKeyboardProtocol.swift (in target 'SwiftTerm' from project 'SwiftTerm')
Native Pane test targets	Run PaneTests	2026-08-03T15:33:17.6533070Z     cd /Users/runner/work/Pane-Terminal/Pane-Terminal/Pane.xcodeproj
Native Pane test targets	Run PaneTests	2026-08-03T15:33:17.6672720Z     
Native Pane test targets	Run PaneTests	2026-08-03T15:33:17.6794970Z 
Native Pane test targets	Run PaneTests	2026-08-03T15:33:17.6942020Z SwiftCompile normal arm64 /Users/runner/work/Pane-Terminal/Pane-Terminal/.ci/SourcePackages/checkouts/SwiftTerm/Sources/SwiftTerm/KittyPlaceholder.swift (in target 'SwiftTerm' from project 'SwiftTerm')
Native Pane test targets	Run PaneTests	2026-08-03T15:33:17.7052400Z     cd /Users/runner/work/Pane-Terminal/Pane-Terminal/Pane.xcodeproj
Native Pane test targets	Run PaneTests	2026-08-03T15:33:17.7196770Z     
Native Pane test targets	Run PaneTests	2026-08-03T15:33:17.7320030Z 
Native Pane test targets	Run PaneTests	2026-08-03T15:33:17.7534680Z SwiftCompile normal arm64 /Users/runner/work/Pane-Terminal/Pane-Terminal/.ci/SourcePackages/checkouts/SwiftTerm/Sources/SwiftTerm/Line.swift (in target 'SwiftTerm' from project 'SwiftTerm')
Native Pane test targets	Run PaneTests	2026-08-03T15:33:17.7637060Z     cd /Users/runner/work/Pane-Terminal/Pane-Terminal/Pane.xcodeproj
Native Pane test targets	Run PaneTests	2026-08-03T15:33:17.7768590Z     
Native Pane test targets	Run PaneTests	2026-08-03T15:33:17.7869560Z 
Native Pane test targets	Run PaneTests	2026-08-03T15:33:17.7873570Z SwiftCompile normal arm64 /Users/runner/work/Pane-Terminal/Pane-Terminal/.ci/SourcePackages/checkouts/SwiftTerm/Sources/SwiftTerm/LocalProcess.swift (in target 'SwiftTerm' from project 'SwiftTerm')
Native Pane test targets	Run PaneTests	2026-08-03T15:33:17.7978110Z     cd /Users/runner/work/Pane-Terminal/Pane-Terminal/Pane.xcodeproj
Native Pane test targets	Run PaneTests	2026-08-03T15:33:17.8079340Z     
Native Pane test targets	Run PaneTests	2026-08-03T15:33:17.8180050Z 
Native Pane test targets	Run PaneTests	2026-08-03T15:33:17.8292410Z SwiftCompile normal arm64 /Users/runner/work/Pane-Terminal/Pane-Terminal/.ci/SourcePackages/checkouts/SwiftTerm/Sources/SwiftTerm/Mac/MacAccessibilityService.swift (in target 'SwiftTerm' from project 'SwiftTerm')
Native Pane test targets	Run PaneTests	2026-08-03T15:33:17.8395660Z     cd /Users/runner/work/Pane-Terminal/Pane-Terminal/Pane.xcodeproj
Native Pane test targets	Run PaneTests	2026-08-03T15:33:17.8498590Z     
Native Pane test targets	Run PaneTests	2026-08-03T15:33:17.8617130Z 
Native Pane test targets	Run PaneTests	2026-08-03T15:33:17.8618230Z SwiftCompile normal arm64 /Users/runner/work/Pane-Terminal/Pane-Terminal/.ci/SourcePackages/checkouts/SwiftTerm/Sources/SwiftTerm/Mac/MacCaretView.swift (in target 'SwiftTerm' from project 'SwiftTerm')
Native Pane test targets	Run PaneTests	2026-08-03T15:33:17.8619160Z     cd /Users/runner/work/Pane-Terminal/Pane-Terminal/Pane.xcodeproj
Native Pane test targets	Run PaneTests	2026-08-03T15:33:17.8619640Z     
Native Pane test targets	Run PaneTests	2026-08-03T15:33:17.8619800Z 
Native Pane test targets	Run PaneTests	2026-08-03T15:33:17.8620520Z SwiftCompile normal arm64 /Users/runner/work/Pane-Terminal/Pane-Terminal/.ci/SourcePackages/checkouts/SwiftTerm/Sources/SwiftTerm/Mac/MacDebugView.swift (in target 'SwiftTerm' from project 'SwiftTerm')
Native Pane test targets	Run PaneTests	2026-08-03T15:33:17.8621490Z     cd /Users/runner/work/Pane-Terminal/Pane-Terminal/Pane.xcodeproj
Native Pane test targets	Run PaneTests	2026-08-03T15:33:17.8622480Z     
Native Pane test targets	Run PaneTests	2026-08-03T15:33:17.8622580Z 
Native Pane test targets	Run PaneTests	2026-08-03T15:33:17.8623240Z SwiftCompile normal arm64 /Users/runner/work/Pane-Terminal/Pane-Terminal/.ci/SourcePackages/checkouts/SwiftTerm/Sources/SwiftTerm/Mac/MacExtensions.swift (in target 'SwiftTerm' from project 'SwiftTerm')
Native Pane test targets	Run PaneTests	2026-08-03T15:33:17.8624050Z     cd /Users/runner/work/Pane-Terminal/Pane-Terminal/Pane.xcodeproj
Native Pane test targets	Run PaneTests	2026-08-03T15:33:17.8624410Z     
Native Pane test targets	Run PaneTests	2026-08-03T15:33:17.8624590Z 
Native Pane test targets	Run PaneTests	2026-08-03T15:33:17.8625270Z SwiftCompile normal arm64 /Users/runner/work/Pane-Terminal/Pane-Terminal/.ci/SourcePackages/checkouts/SwiftTerm/Sources/SwiftTerm/Mac/MacFindBarView.swift (in target 'SwiftTerm' from project 'SwiftTerm')
Native Pane test targets	Run PaneTests	2026-08-03T15:33:17.8626060Z     cd /Users/runner/work/Pane-Terminal/Pane-Terminal/Pane.xcodeproj
Native Pane test targets	Run PaneTests	2026-08-03T15:33:17.8626890Z     
Native Pane test targets	Run PaneTests	2026-08-03T15:33:17.8627060Z 
Native Pane test targets	Run PaneTests	2026-08-03T15:33:17.8627610Z SwiftCompile normal arm64 /Users/runner/work/Pane-Terminal/Pane-Terminal/.ci/SourcePackages/checkouts/SwiftTerm/Sources/SwiftTerm/Mac/MacLocalTerminalView.swift (in target 'SwiftTerm' from project 'SwiftTerm')
Native Pane test targets	Run PaneTests	2026-08-03T15:33:17.8628490Z     cd /Users/runner/work/Pane-Terminal/Pane-Terminal/Pane.xcodeproj
Native Pane test targets	Run PaneTests	2026-08-03T15:33:17.8628810Z     
Native Pane test targets	Run PaneTests	2026-08-03T15:33:17.8628920Z 
Native Pane test targets	Run PaneTests	2026-08-03T15:33:17.8629570Z SwiftCompile normal arm64 /Users/runner/work/Pane-Terminal/Pane-Terminal/.ci/SourcePackages/checkouts/SwiftTerm/Sources/SwiftTerm/Mac/MacTerminalView.swift (in target 'SwiftTerm' from project 'SwiftTerm')
Native Pane test targets	Run PaneTests	2026-08-03T15:33:17.8630330Z     cd /Users/runner/work/Pane-Terminal/Pane-Terminal/Pane.xcodeproj
Native Pane test targets	Run PaneTests	2026-08-03T15:33:17.8630680Z     
Native Pane test targets	Run PaneTests	2026-08-03T15:33:17.8630830Z 
Native Pane test targets	Run PaneTests	2026-08-03T15:33:17.8631430Z SwiftCompile normal arm64 /Users/runner/work/Pane-Terminal/Pane-Terminal/.ci/SourcePackages/checkouts/SwiftTerm/Sources/SwiftTerm/Position.swift (in target 'SwiftTerm' from project 'SwiftTerm')
Native Pane test targets	Run PaneTests	2026-08-03T15:33:17.8633080Z     cd /Users/runner/work/Pane-Terminal/Pane-Terminal/Pane.xcodeproj
Native Pane test targets	Run PaneTests	2026-08-03T15:33:17.8633560Z     
Native Pane test targets	Run PaneTests	2026-08-03T15:33:17.8633640Z 
Native Pane test targets	Run PaneTests	2026-08-03T15:33:17.8634330Z SwiftCompile normal arm64 /Users/runner/work/Pane-Terminal/Pane-Terminal/.ci/SourcePackages/checkouts/SwiftTerm/Sources/SwiftTerm/Pty.swift (in target 'SwiftTerm' from project 'SwiftTerm')
Native Pane test targets	Run PaneTests	2026-08-03T15:33:17.8635580Z     cd /Users/runner/work/Pane-Terminal/Pane-Terminal/Pane.xcodeproj
Native Pane test targets	Run PaneTests	2026-08-03T15:33:17.8635960Z     
Native Pane test targets	Run PaneTests	2026-08-03T15:33:17.8636070Z 
Native Pane test targets	Run PaneTests	2026-08-03T15:33:17.8636770Z SwiftCompile normal arm64 /Users/runner/work/Pane-Terminal/Pane-Terminal/.ci/SourcePackages/checkouts/SwiftTerm/Sources/SwiftTerm/SearchEngine.swift (in target 'SwiftTerm' from project 'SwiftTerm')
Native Pane test targets	Run PaneTests	2026-08-03T15:33:17.8638150Z     cd /Users/runner/work/Pane-Terminal/Pane-Terminal/Pane.xcodeproj
Native Pane test targets	Run PaneTests	2026-08-03T15:33:17.8724030Z     
Native Pane test targets	Run PaneTests	2026-08-03T15:33:17.8824640Z 
Native Pane test targets	Run PaneTests	2026-08-03T15:33:17.8926570Z SwiftCompile normal arm64 /Users/runner/work/Pane-Terminal/Pane-Terminal/.ci/SourcePackages/checkouts/SwiftTerm/Sources/SwiftTerm/SearchLineCache.swift (in target 'SwiftTerm' from project 'SwiftTerm')
Native Pane test targets	Run PaneTests	2026-08-03T15:33:17.9027830Z     cd /Users/runner/work/Pane-Terminal/Pane-Terminal/Pane.xcodeproj
Native Pane test targets	Run PaneTests	2026-08-03T15:33:17.9128680Z     
Native Pane test targets	Run PaneTests	2026-08-03T15:33:17.9230530Z 
Native Pane test targets	Run PaneTests	2026-08-03T15:33:17.9361160Z SwiftCompile normal arm64 Compiling\ resource_bundle_accessor.swift,\ AppleTerminalView.swift,\ BlockElementRenderer.swift,\ BoxDrawingRenderer.swift,\ CaretView.swift,\ Extensions.swift,\ CoreTextGlyphRasterizer.swift,\ GlyphAtlas.swift,\ MetalBufferingMode.swift,\ MetalError.swift,\ MetalTerminalRenderer.swift,\ TerminalProgressBarView.swift,\ TerminalViewDelegate.swift,\ Buffer.swift,\ BufferLine.swift,\ BufferSet.swift,\ CharData.swift,\ CharSets.swift,\ CircularList.swift,\ Colors.swift,\ EscapeSequenceParser.swift /Users/runner/work/Pane-Terminal/Pane-Terminal/.ci/DerivedData/Build/Intermediates.noindex/SwiftTerm.build/Debug/SwiftTerm.build/DerivedSources/resource_bundle_accessor.swift /Users/runner/work/Pane-Terminal/Pane-Terminal/.ci/SourcePackages/checkouts/SwiftTerm/Sources/SwiftTerm/Apple/AppleTerminalView.swift /Users/runner/work/Pane-Terminal/Pane-Terminal/.ci/SourcePackages/checkouts/SwiftTerm/Sources/SwiftTerm/Apple/BlockElementRenderer.swift /Users/runner/work/Pane-Terminal/Pane-Terminal/.ci/SourcePackages/checkouts/SwiftTerm/Sources/SwiftTerm/Apple/BoxDrawingRenderer.swift /Users/runner/work/Pane-Terminal/Pane-Terminal/.ci/SourcePackages/checkouts/SwiftTerm/Sources/SwiftTerm/Apple/CaretView.swift /Users/runner/work/Pane-Terminal/Pane-Terminal/.ci/SourcePackages/checkouts/SwiftTerm/Sources/SwiftTerm/Apple/Extensions.swift /Users/runner/work/Pane-Terminal/Pane-Terminal/.ci/SourcePackages/checkouts/SwiftTerm/Sources/SwiftTerm/Apple/Metal/CoreTextGlyphRasterizer.swift /Users/runner/work/Pane-Terminal/Pane-Terminal/.ci/SourcePackages/checkouts/SwiftTerm/Sources/SwiftTerm/Apple/Metal/GlyphAtlas.swift /Users/runner/work/Pane-Terminal/Pane-Terminal/.ci/SourcePackages/checkouts/SwiftTerm/Sources/SwiftTerm/Apple/Metal/MetalBufferingMode.swift /Users/runner/work/Pane-Terminal/Pane-Terminal/.ci/SourcePackages/checkouts/SwiftTerm/Sources/SwiftTerm/Apple/Metal/MetalError.swift /Users/runner/work/Pane-Terminal/Pane-Terminal/.ci/SourcePackages/checkouts/SwiftTerm/Sources/SwiftTerm/Apple/Metal/MetalTerminalRenderer.swift /Users/runner/work/Pane-Terminal/Pane-Terminal/.ci/SourcePackages/checkouts/SwiftTerm/Sources/SwiftTerm/Apple/TerminalProgressBarView.swift /Users/runner/work/Pane-Terminal/Pane-Terminal/.ci/SourcePackages/checkouts/SwiftTerm/Sources/SwiftTerm/Apple/TerminalViewDelegate.swift /Users/runner/work/Pane-Terminal/Pane-Terminal/.ci/SourcePackages/checkouts/SwiftTerm/Sources/SwiftTerm/Buffer.swift /Users/runner/work/Pane-Terminal/Pane-Terminal/.ci/SourcePackages/checkouts/SwiftTerm/Sources/SwiftTerm/BufferLine.swift /Users/runner/work/Pane-Terminal/Pane-Terminal/.ci/SourcePackages/checkouts/SwiftTerm/Sources/SwiftTerm/BufferSet.swift /Users/runner/work/Pane-Terminal/Pane-Terminal/.ci/SourcePackages/checkouts/SwiftTerm/Sources/SwiftTerm/CharData.swift /Users/runner/work/Pane-Terminal/Pane-Terminal/.ci/SourcePackages/checkouts/SwiftTerm/Sources/SwiftTerm/CharSets.swift /Users/runner/work/Pane-Terminal/Pane-Terminal/.ci/SourcePackages/checkouts/SwiftTerm/Sources/SwiftTerm/CircularList.swift /Users/runner/work/Pane-Terminal/Pane-Terminal/.ci/SourcePackages/checkouts/SwiftTerm/Sources/SwiftTerm/Colors.swift /Users/runner/work/Pane-Terminal/Pane-Terminal/.ci/SourcePackages/checkouts/SwiftTerm/Sources/SwiftTerm/EscapeSequenceParser.swift (in target 'SwiftTerm' from project 'SwiftTerm')
Native Pane test targets	Run PaneTests	2026-08-03T15:33:17.9435750Z SwiftCompile normal arm64 /Users/runner/work/Pane-Terminal/Pane-Terminal/.ci/DerivedData/Build/Intermediates.noindex/SwiftTerm.build/Debug/SwiftTerm.build/DerivedSources/resource_bundle_accessor.swift (in target 'SwiftTerm' from project 'SwiftTerm')
Native Pane test targets	Run PaneTests	2026-08-03T15:33:17.9563610Z     cd /Users/runner/work/Pane-Terminal/Pane-Terminal/Pane.xcodeproj
Native Pane test targets	Run PaneTests	2026-08-03T15:33:17.9671140Z     
Native Pane test targets	Run PaneTests	2026-08-03T15:33:18.6848720Z 
Native Pane test targets	Run PaneTests	2026-08-03T15:33:18.6950670Z SwiftCompile normal arm64 /Users/runner/work/Pane-Terminal/Pane-Terminal/.ci/SourcePackages/checkouts/SwiftTerm/Sources/SwiftTerm/Apple/AppleTerminalView.swift (in target 'SwiftTerm' from project 'SwiftTerm')
Native Pane test targets	Run PaneTests	2026-08-03T15:33:18.7054250Z     cd /Users/runner/work/Pane-Terminal/Pane-Terminal/Pane.xcodeproj
Native Pane test targets	Run PaneTests	2026-08-03T15:33:18.7194040Z     
Native Pane test targets	Run PaneTests	2026-08-03T15:33:18.7331060Z 
Native Pane test targets	Run PaneTests	2026-08-03T15:33:18.7453480Z SwiftCompile normal arm64 /Users/runner/work/Pane-Terminal/Pane-Terminal/.ci/SourcePackages/checkouts/SwiftTerm/Sources/SwiftTerm/Apple/BlockElementRenderer.swift (in target 'SwiftTerm' from project 'SwiftTerm')
Native Pane test targets	Run PaneTests	2026-08-03T15:33:18.7586690Z     cd /Users/runner/work/Pane-Terminal/Pane-Terminal/Pane.xcodeproj
Native Pane test targets	Run PaneTests	2026-08-03T15:33:18.7690110Z     
Native Pane test targets	Run PaneTests	2026-08-03T15:33:18.7790360Z 
Native Pane test targets	Run PaneTests	2026-08-03T15:33:18.7891600Z SwiftCompile normal arm64 /Users/runner/work/Pane-Terminal/Pane-Terminal/.ci/SourcePackages/checkouts/SwiftTerm/Sources/SwiftTerm/Apple/BoxDrawingRenderer.swift (in target 'SwiftTerm' from project 'SwiftTerm')
Native Pane test targets	Run PaneTests	2026-08-03T15:33:18.7991570Z     cd /Users/runner/work/Pane-Terminal/Pane-Terminal/Pane.xcodeproj
Native Pane test targets	Run PaneTests	2026-08-03T15:33:18.8091810Z     
Native Pane test targets	Run PaneTests	2026-08-03T15:33:18.8191960Z 
Native Pane test targets	Run PaneTests	2026-08-03T15:33:18.8293620Z SwiftCompile normal arm64 /Users/runner/work/Pane-Terminal/Pane-Terminal/.ci/SourcePackages/checkouts/SwiftTerm/Sources/SwiftTerm/Apple/CaretView.swift (in target 'SwiftTerm' from project 'SwiftTerm')
Native Pane test targets	Run PaneTests	2026-08-03T15:33:18.8395260Z     cd /Users/runner/work/Pane-Terminal/Pane-Terminal/Pane.xcodeproj
Native Pane test targets	Run PaneTests	2026-08-03T15:33:18.8496190Z     
Native Pane test targets	Run PaneTests	2026-08-03T15:33:18.8596900Z 
Native Pane test targets	Run PaneTests	2026-08-03T15:33:18.8698340Z SwiftCompile normal arm64 /Users/runner/work/Pane-Terminal/Pane-Terminal/.ci/SourcePackages/checkouts/SwiftTerm/Sources/SwiftTerm/Apple/Extensions.swift (in target 'SwiftTerm' from project 'SwiftTerm')
Native Pane test targets	Run PaneTests	2026-08-03T15:33:18.8808150Z     cd /Users/runner/work/Pane-Terminal/Pane-Terminal/Pane.xcodeproj
Native Pane test targets	Run PaneTests	2026-08-03T15:33:18.8922600Z     
Native Pane test targets	Run PaneTests	2026-08-03T15:33:18.9023250Z 
Native Pane test targets	Run PaneTests	2026-08-03T15:33:18.9124620Z SwiftCompile normal arm64 /Users/runner/work/Pane-Terminal/Pane-Terminal/.ci/SourcePackages/checkouts/SwiftTerm/Sources/SwiftTerm/Apple/Metal/CoreTextGlyphRasterizer.swift (in target 'SwiftTerm' from project 'SwiftTerm')
Native Pane test targets	Run PaneTests	2026-08-03T15:33:18.9226450Z     cd /Users/runner/work/Pane-Terminal/Pane-Terminal/Pane.xcodeproj
Native Pane test targets	Run PaneTests	2026-08-03T15:33:18.9327560Z     
Native Pane test targets	Run PaneTests	2026-08-03T15:33:18.9428280Z 
Native Pane test targets	Run PaneTests	2026-08-03T15:33:18.9529810Z SwiftCompile normal arm64 /Users/runner/work/Pane-Terminal/Pane-Terminal/.ci/SourcePackages/checkouts/SwiftTerm/Sources/SwiftTerm/Apple/Metal/GlyphAtlas.swift (in target 'SwiftTerm' from project 'SwiftTerm')
Native Pane test targets	Run PaneTests	2026-08-03T15:33:18.9631370Z     cd /Users/runner/work/Pane-Terminal/Pane-Terminal/Pane.xcodeproj
Native Pane test targets	Run PaneTests	2026-08-03T15:33:18.9732390Z     
Native Pane test targets	Run PaneTests	2026-08-03T15:33:18.9833080Z 
Native Pane test targets	Run PaneTests	2026-08-03T15:33:18.9934570Z SwiftCompile normal arm64 /Users/runner/work/Pane-Terminal/Pane-Terminal/.ci/SourcePackages/checkouts/SwiftTerm/Sources/SwiftTerm/Apple/Metal/MetalBufferingMode.swift (in target 'SwiftTerm' from project 'SwiftTerm')
Native Pane test targets	Run PaneTests	2026-08-03T15:33:19.0036160Z     cd /Users/runner/work/Pane-Terminal/Pane-Terminal/Pane.xcodeproj
Native Pane test targets	Run PaneTests	2026-08-03T15:33:19.0137700Z     
Native Pane test targets	Run PaneTests	2026-08-03T15:33:19.0240290Z 
Native Pane test targets	Run PaneTests	2026-08-03T15:33:19.0342560Z SwiftCompile normal arm64 /Users/runner/work/Pane-Terminal/Pane-Terminal/.ci/SourcePackages/checkouts/SwiftTerm/Sources/SwiftTerm/Apple/Metal/MetalError.swift (in target 'SwiftTerm' from project 'SwiftTerm')
Native Pane test targets	Run PaneTests	2026-08-03T15:33:19.0446840Z     cd /Users/runner/work/Pane-Terminal/Pane-Terminal/Pane.xcodeproj
Native Pane test targets	Run PaneTests	2026-08-03T15:33:19.0549240Z     
Native Pane test targets	Run PaneTests	2026-08-03T15:33:19.0649920Z 
Native Pane test targets	Run PaneTests	2026-08-03T15:33:19.0788470Z SwiftCompile normal arm64 /Users/runner/work/Pane-Terminal/Pane-Terminal/.ci/SourcePackages/checkouts/SwiftTerm/Sources/SwiftTerm/Apple/Metal/MetalTerminalRenderer.swift (in target 'SwiftTerm' from project 'SwiftTerm')
Native Pane test targets	Run PaneTests	2026-08-03T15:33:19.0895030Z     cd /Users/runner/work/Pane-Terminal/Pane-Terminal/Pane.xcodeproj
Native Pane test targets	Run PaneTests	2026-08-03T15:33:19.1020370Z     
Native Pane test targets	Run PaneTests	2026-08-03T15:33:19.1149890Z 
Native Pane test targets	Run PaneTests	2026-08-03T15:33:19.1288550Z SwiftCompile normal arm64 /Users/runner/work/Pane-Terminal/Pane-Terminal/.ci/SourcePackages/checkouts/SwiftTerm/Sources/SwiftTerm/Apple/TerminalProgressBarView.swift (in target 'SwiftTerm' from project 'SwiftTerm')
Native Pane test targets	Run PaneTests	2026-08-03T15:33:19.1391660Z     cd /Users/runner/work/Pane-Terminal/Pane-Terminal/Pane.xcodeproj
Native Pane test targets	Run PaneTests	2026-08-03T15:33:19.1493230Z     
Native Pane test targets	Run PaneTests	2026-08-03T15:33:19.1594310Z 
Native Pane test targets	Run PaneTests	2026-08-03T15:33:19.1707980Z SwiftCompile normal arm64 /Users/runner/work/Pane-Terminal/Pane-Terminal/.ci/SourcePackages/checkouts/SwiftTerm/Sources/SwiftTerm/Apple/TerminalViewDelegate.swift (in target 'SwiftTerm' from project 'SwiftTerm')
Native Pane test targets	Run PaneTests	2026-08-03T15:33:19.1809610Z     cd /Users/runner/work/Pane-Terminal/Pane-Terminal/Pane.xcodeproj
Native Pane test targets	Run PaneTests	2026-08-03T15:33:19.1910890Z     
Native Pane test targets	Run PaneTests	2026-08-03T15:33:19.2011610Z 
Native Pane test targets	Run PaneTests	2026-08-03T15:33:19.2112940Z SwiftCompile normal arm64 /Users/runner/work/Pane-Terminal/Pane-Terminal/.ci/SourcePackages/checkouts/SwiftTerm/Sources/SwiftTerm/Buffer.swift (in target 'SwiftTerm' from project 'SwiftTerm')
Native Pane test targets	Run PaneTests	2026-08-03T15:33:19.2214520Z     cd /Users/runner/work/Pane-Terminal/Pane-Terminal/Pane.xcodeproj
Native Pane test targets	Run PaneTests	2026-08-03T15:33:19.2315700Z     
Native Pane test targets	Run PaneTests	2026-08-03T15:33:19.2416550Z 
Native Pane test targets	Run PaneTests	2026-08-03T15:33:19.2519220Z SwiftCompile normal arm64 /Users/runner/work/Pane-Terminal/Pane-Terminal/.ci/SourcePackages/checkouts/SwiftTerm/Sources/SwiftTerm/BufferLine.swift (in target 'SwiftTerm' from project 'SwiftTerm')
Native Pane test targets	Run PaneTests	2026-08-03T15:33:19.2658940Z     cd /Users/runner/work/Pane-Terminal/Pane-Terminal/Pane.xcodeproj
Native Pane test targets	Run PaneTests	2026-08-03T15:33:19.2659520Z     
Native Pane test targets	Run PaneTests	2026-08-03T15:33:19.2764660Z 
Native Pane test targets	Run PaneTests	2026-08-03T15:33:19.2875100Z SwiftCompile normal arm64 /Users/runner/work/Pane-Terminal/Pane-Terminal/.ci/SourcePackages/checkouts/SwiftTerm/Sources/SwiftTerm/BufferSet.swift (in target 'SwiftTerm' from project 'SwiftTerm')
Native Pane test targets	Run PaneTests	2026-08-03T15:33:19.2983510Z     cd /Users/runner/work/Pane-Terminal/Pane-Terminal/Pane.xcodeproj
Native Pane test targets	Run PaneTests	2026-08-03T15:33:19.3084540Z     
Native Pane test targets	Run PaneTests	2026-08-03T15:33:19.3185150Z 
Native Pane test targets	Run PaneTests	2026-08-03T15:33:19.3300410Z SwiftCompile normal arm64 /Users/runner/work/Pane-Terminal/Pane-Terminal/.ci/SourcePackages/checkouts/SwiftTerm/Sources/SwiftTerm/CharData.swift (in target 'SwiftTerm' from project 'SwiftTerm')
Native Pane test targets	Run PaneTests	2026-08-03T15:33:19.3402920Z     cd /Users/runner/work/Pane-Terminal/Pane-Terminal/Pane.xcodeproj
Native Pane test targets	Run PaneTests	2026-08-03T15:33:19.3504650Z     
Native Pane test targets	Run PaneTests	2026-08-03T15:33:19.3622320Z 
Native Pane test targets	Run PaneTests	2026-08-03T15:33:19.3728120Z SwiftCompile normal arm64 /Users/runner/work/Pane-Terminal/Pane-Terminal/.ci/SourcePackages/checkouts/SwiftTerm/Sources/SwiftTerm/CharSets.swift (in target 'SwiftTerm' from project 'SwiftTerm')
Native Pane test targets	Run PaneTests	2026-08-03T15:33:19.3835120Z     cd /Users/runner/work/Pane-Terminal/Pane-Terminal/Pane.xcodeproj
Native Pane test targets	Run PaneTests	2026-08-03T15:33:19.3956680Z     
Native Pane test targets	Run PaneTests	2026-08-03T15:33:19.4057670Z 
Native Pane test targets	Run PaneTests	2026-08-03T15:33:19.4179970Z SwiftCompile normal arm64 /Users/runner/work/Pane-Terminal/Pane-Terminal/.ci/SourcePackages/checkouts/SwiftTerm/Sources/SwiftTerm/CircularList.swift (in target 'SwiftTerm' from project 'SwiftTerm')
Native Pane test targets	Run PaneTests	2026-08-03T15:33:19.4296870Z     cd /Users/runner/work/Pane-Terminal/Pane-Terminal/Pane.xcodeproj
Native Pane test targets	Run PaneTests	2026-08-03T15:33:19.4400610Z     
Native Pane test targets	Run PaneTests	2026-08-03T15:33:19.4501250Z 
Native Pane test targets	Run PaneTests	2026-08-03T15:33:19.4607170Z SwiftCompile normal arm64 /Users/runner/work/Pane-Terminal/Pane-Terminal/.ci/SourcePackages/checkouts/SwiftTerm/Sources/SwiftTerm/Colors.swift (in target 'SwiftTerm' from project 'SwiftTerm')
Native Pane test targets	Run PaneTests	2026-08-03T15:33:19.4735230Z     cd /Users/runner/work/Pane-Terminal/Pane-Terminal/Pane.xcodeproj
Native Pane test targets	Run PaneTests	2026-08-03T15:33:19.4837660Z     
Native Pane test targets	Run PaneTests	2026-08-03T15:33:19.4945260Z 
Native Pane test targets	Run PaneTests	2026-08-03T15:33:19.5047450Z SwiftCompile normal arm64 /Users/runner/work/Pane-Terminal/Pane-Terminal/.ci/SourcePackages/checkouts/SwiftTerm/Sources/SwiftTerm/EscapeSequenceParser.swift (in target 'SwiftTerm' from project 'SwiftTerm')
Native Pane test targets	Run PaneTests	2026-08-03T15:33:19.5148940Z     cd /Users/runner/work/Pane-Terminal/Pane-Terminal/Pane.xcodeproj
Native Pane test targets	Run PaneTests	2026-08-03T15:33:19.5250360Z     
Native Pane test targets	Run PaneTests	2026-08-03T15:33:19.5352160Z 
Native Pane test targets	Run PaneTests	2026-08-03T15:33:19.5469080Z SwiftDriverJobDiscovery normal arm64 Emitting module for SwiftTerm (in target 'SwiftTerm' from project 'SwiftTerm')
Native Pane test targets	Run PaneTests	2026-08-03T15:33:19.5578320Z 
Native Pane test targets	Run PaneTests	2026-08-03T15:33:19.5681890Z SwiftDriver\ Compilation\ Requirements SwiftTerm normal arm64 com.apple.xcode.tools.swift.compiler (in target 'SwiftTerm' from project 'SwiftTerm')
Native Pane test targets	Run PaneTests	2026-08-03T15:33:19.5787080Z     cd /Users/runner/work/Pane-Terminal/Pane-Terminal/Pane.xcodeproj
Native Pane test targets	Run PaneTests	2026-08-03T15:33:19.5905430Z     builtin-Swift-Compilation-Requirements -- /Applications/Xcode_26.4.1.app/Contents/Developer/Toolchains/XcodeDefault.xctoolchain/usr/bin/swiftc -module-name SwiftTerm -Onone @/Users/runner/work/Pane-Terminal/Pane-Terminal/.ci/DerivedData/Build/Intermediates.noindex/SwiftTerm.build/Debug/SwiftTerm.build/Objects-normal/arm64/SwiftTerm.SwiftFileList -DSWIFT_PACKAGE -DDEBUG -DSWIFT_MODULE_RESOURCE_BUNDLE_AVAILABLE -DXcode -plugin-path /Applications/Xcode_26.4.1.app/Contents/Developer/Toolchains/XcodeDefault.xctoolchain/usr/lib/swift/host/plugins/testing -enable-experimental-feature DebugDescriptionMacro -sdk /Applications/Xcode_26.4.1.app/Contents/Developer/Platforms/MacOSX.platform/Developer/SDKs/MacOSX26.4.sdk -target arm64-apple-macos11.0 -g -module-cache-path /Users/runner/work/Pane-Terminal/Pane-Terminal/.ci/DerivedData/ModuleCache.noindex -Xfrontend -serialize-debugging-options -enable-testing -suppress-warnings -index-store-path /Users/runner/work/Pane-Terminal/Pane-Terminal/.ci/DerivedData/Index.noindex/DataStore -Xcc -D_LIBCPP_HARDENING_MODE\=_LIBCPP_HARDENING_MODE_DEBUG -swift-version 5 -I /Users/runner/work/Pane-Terminal/Pane-Terminal/.ci/DerivedData/Build/Products/Debug -Isystem /Applications/Xcode_26.4.1.app/Contents/Developer/Platforms/MacOSX.platform/Developer/usr/lib -F /Users/runner/work/Pane-Terminal/Pane-Terminal/.ci/DerivedData/Build/Products/Debug -F /Applications/Xcode_26.4.1.app/Contents/Developer/Platforms/MacOSX.platform/Developer/Library/Frameworks -c -j3 -enable-batch-mode -incremental -Xcc -ivfsstatcache -Xcc /Users/runner/work/Pane-Terminal/Pane-Terminal/.ci/DerivedData/SDKStatCaches.noindex/macosx26.4-25E251-688ef53f1462e2c8f657fdc38a81448f5f67018755ecaf50f85fcd527f9620fa.sdkstatcache -output-file-map /Users/runner/work/Pane-Terminal/Pane-Terminal/.ci/DerivedData/Build/Intermediates.noindex/SwiftTerm.build/Debug/SwiftTerm.build/Objects-normal/arm64/SwiftTerm-OutputFileMap.json -use-frontend-parseable-output -save-temps -no-color-diagnostics -explicit-module-build -module-cache-path /Users/runner/work/Pane-Terminal/Pane-Terminal/.ci/DerivedData/Build/Intermediates.noindex/SwiftExplicitPrecompiledModules -clang-scanner-module-cache-path /Users/runner/work/Pane-Terminal/Pane-Terminal/.ci/DerivedData/ModuleCache.noindex -sdk-module-cache-path /Users/runner/work/Pane-Terminal/Pane-Terminal/.ci/DerivedData/ModuleCache.noindex -serialize-diagnostics -emit-dependencies -emit-module -emit-module-path /Users/runner/work/Pane-Terminal/Pane-Terminal/.ci/DerivedData/Build/Intermediates.noindex/SwiftTerm.build/Debug/SwiftTerm.build/Objects-normal/arm64/SwiftTerm.swiftmodule -validate-clang-modules-once -clang-build-session-file /Users/runner/work/Pane-Terminal/Pane-Terminal/.ci/DerivedData/ModuleCache.noindex/Session.modulevalidation -package-name swiftterm -Xcc -I/Users/runner/work/Pane-Terminal/Pane-Terminal/.ci/DerivedData/Build/Intermediates.noindex/SwiftTerm.build/Debug/SwiftTerm.build/swift-overrides.hmap -emit-const-values -Xfrontend -const-gather-protocols-file -Xfrontend /Users/runner/work/Pane-Terminal/Pane-Terminal/.ci/DerivedData/Build/Intermediates.noindex/SwiftTerm.build/Debug/SwiftTerm.build/Objects-normal/arm64/SwiftTerm_const_extract_protocols.json -Xcc -I/Users/runner/work/Pane-Terminal/Pane-Terminal/.ci/DerivedData/Build/Products/Debug/include -Xcc -I/Users/runner/work/Pane-Terminal/Pane-Terminal/.ci/DerivedData/Build/Intermediates.noindex/SwiftTerm.build/Debug/SwiftTerm.build/DerivedSources-normal/arm64 -Xcc -I/Users/runner/work/Pane-Terminal/Pane-Terminal/.ci/DerivedData/Build/Intermediates.noindex/SwiftTerm.build/Debug/SwiftTerm.build/DerivedSources/arm64 -Xcc -I/Users/runner/work/Pane-Terminal/Pane-Terminal/.ci/DerivedData/Build/Intermediates.noindex/SwiftTerm.build/Debug/SwiftTerm.build/DerivedSources -Xcc -DSWIFT_PACKAGE -Xcc -DDEBUG\=1 -emit-objc-header -emit-objc-header-path /Users/runner/work/Pane-Terminal/Pane-Terminal/.ci/DerivedData/Build/Intermediates.noindex/SwiftTerm.build/Debug/SwiftTerm.build/Objects-normal/arm64/SwiftTerm-Swift.h -working-directory /Users/runner/work/Pane-Terminal/Pane-Terminal/Pane.xcodeproj -experimental-emit-module-separately -disable-cmo
Native Pane test targets	Run PaneTests	2026-08-03T15:33:19.6010120Z 
Native Pane test targets	Run PaneTests	2026-08-03T15:33:19.6112380Z SwiftDriverJobDiscovery normal arm64 Compiling SearchOptions.swift, SearchService.swift, SearchState.swift, SelectionService.swift, SixelDcsHandler.swift, SyncDebug.swift, Terminal.swift, TerminalOptions.swift, TerminalViewSearch.swift, UnicodeWidthData.swift, Utilities.swift, SwiftUITerminalView.swift, iOSAccessoryView.swift, iOSCaretView.swift, iOSDoubleButton.swift, iOSExtensions.swift, iOSKeyboardView.swift, iOSTerminalView.swift, iOSTextInput.swift, iOSTextStorage.swift (in target 'SwiftTerm' from project 'SwiftTerm')
Native Pane test targets	Run PaneTests	2026-08-03T15:33:19.6214620Z 
Native Pane test targets	Run PaneTests	2026-08-03T15:33:19.6322510Z SwiftMergeGeneratedHeaders /Users/runner/work/Pane-Terminal/Pane-Terminal/.ci/DerivedData/Build/Intermediates.noindex/GeneratedModuleMaps/SwiftTerm-Swift.h /Users/runner/work/Pane-Terminal/Pane-Terminal/.ci/DerivedData/Build/Intermediates.noindex/SwiftTerm.build/Debug/SwiftTerm.build/Objects-normal/arm64/SwiftTerm-Swift.h (in target 'SwiftTerm' from project 'SwiftTerm')
Native Pane test targets	Run PaneTests	2026-08-03T15:33:19.6439440Z     cd /Users/runner/work/Pane-Terminal/Pane-Terminal/.ci/SourcePackages/checkouts/SwiftTerm
Native Pane test targets	Run PaneTests	2026-08-03T15:33:19.6556770Z     builtin-swiftHeaderTool -arch arm64 /Users/runner/work/Pane-Terminal/Pane-Terminal/.ci/DerivedData/Build/Intermediates.noindex/SwiftTerm.build/Debug/SwiftTerm.build/Objects-normal/arm64/SwiftTerm-Swift.h -o /Users/runner/work/Pane-Terminal/Pane-Terminal/.ci/DerivedData/Build/Intermediates.noindex/GeneratedModuleMaps/SwiftTerm-Swift.h
Native Pane test targets	Run PaneTests	2026-08-03T15:33:19.6661280Z 
Native Pane test targets	Run PaneTests	2026-08-03T15:33:19.6763640Z Copy /Users/runner/work/Pane-Terminal/Pane-Terminal/.ci/DerivedData/Build/Products/Debug/SwiftTerm.swiftmodule/arm64-apple-macos.swiftmodule /Users/runner/work/Pane-Terminal/Pane-Terminal/.ci/DerivedData/Build/Intermediates.noindex/SwiftTerm.build/Debug/SwiftTerm.build/Objects-normal/arm64/SwiftTerm.swiftmodule (in target 'SwiftTerm' from project 'SwiftTerm')
Native Pane test targets	Run PaneTests	2026-08-03T15:33:19.6865810Z     cd /Users/runner/work/Pane-Terminal/Pane-Terminal/.ci/SourcePackages/checkouts/SwiftTerm
Native Pane test targets	Run PaneTests	2026-08-03T15:33:19.6989140Z     builtin-copy -exclude .DS_Store -exclude CVS -exclude .svn -exclude .git -exclude .hg -resolve-src-symlinks -rename /Users/runner/work/Pane-Terminal/Pane-Terminal/.ci/DerivedData/Build/Intermediates.noindex/SwiftTerm.build/Debug/SwiftTerm.build/Objects-normal/arm64/SwiftTerm.swiftmodule /Users/runner/work/Pane-Terminal/Pane-Terminal/.ci/DerivedData/Build/Products/Debug/SwiftTerm.swiftmodule/arm64-apple-macos.swiftmodule
Native Pane test targets	Run PaneTests	2026-08-03T15:33:19.7091030Z 
Native Pane test targets	Run PaneTests	2026-08-03T15:33:19.7192910Z Copy /Users/runner/work/Pane-Terminal/Pane-Terminal/.ci/DerivedData/Build/Products/Debug/SwiftTerm.swiftmodule/arm64-apple-macos.swiftdoc /Users/runner/work/Pane-Terminal/Pane-Terminal/.ci/DerivedData/Build/Intermediates.noindex/SwiftTerm.build/Debug/SwiftTerm.build/Objects-normal/arm64/SwiftTerm.swiftdoc (in target 'SwiftTerm' from project 'SwiftTerm')
Native Pane test targets	Run PaneTests	2026-08-03T15:33:19.7295030Z     cd /Users/runner/work/Pane-Terminal/Pane-Terminal/.ci/SourcePackages/checkouts/SwiftTerm
Native Pane test targets	Run PaneTests	2026-08-03T15:33:19.7408540Z     builtin-copy -exclude .DS_Store -exclude CVS -exclude .svn -exclude .git -exclude .hg -resolve-src-symlinks -rename /Users/runner/work/Pane-Terminal/Pane-Terminal/.ci/DerivedData/Build/Intermediates.noindex/SwiftTerm.build/Debug/SwiftTerm.build/Objects-normal/arm64/SwiftTerm.swiftdoc /Users/runner/work/Pane-Terminal/Pane-Terminal/.ci/DerivedData/Build/Products/Debug/SwiftTerm.swiftmodule/arm64-apple-macos.swiftdoc
Native Pane test targets	Run PaneTests	2026-08-03T15:33:19.7509850Z 
Native Pane test targets	Run PaneTests	2026-08-03T15:33:19.7613400Z Copy /Users/runner/work/Pane-Terminal/Pane-Terminal/.ci/DerivedData/Build/Products/Debug/SwiftTerm.swiftmodule/arm64-apple-macos.abi.json /Users/runner/work/Pane-Terminal/Pane-Terminal/.ci/DerivedData/Build/Intermediates.noindex/SwiftTerm.build/Debug/SwiftTerm.build/Objects-normal/arm64/SwiftTerm.abi.json (in target 'SwiftTerm' from project 'SwiftTerm')
Native Pane test targets	Run PaneTests	2026-08-03T15:33:19.7711380Z     cd /Users/runner/work/Pane-Terminal/Pane-Terminal/.ci/SourcePackages/checkouts/SwiftTerm
Native Pane test targets	Run PaneTests	2026-08-03T15:33:19.7813900Z     builtin-copy -exclude .DS_Store -exclude CVS -exclude .svn -exclude .git -exclude .hg -resolve-src-symlinks -rename /Users/runner/work/Pane-Terminal/Pane-Terminal/.ci/DerivedData/Build/Intermediates.noindex/SwiftTerm.build/Debug/SwiftTerm.build/Objects-normal/arm64/SwiftTerm.abi.json /Users/runner/work/Pane-Terminal/Pane-Terminal/.ci/DerivedData/Build/Products/Debug/SwiftTerm.swiftmodule/arm64-apple-macos.abi.json
Native Pane test targets	Run PaneTests	2026-08-03T15:33:19.7916420Z 
Native Pane test targets	Run PaneTests	2026-08-03T15:33:19.8018360Z Copy /Users/runner/work/Pane-Terminal/Pane-Terminal/.ci/DerivedData/Build/Products/Debug/SwiftTerm.swiftmodule/Project/arm64-apple-macos.swiftsourceinfo /Users/runner/work/Pane-Terminal/Pane-Terminal/.ci/DerivedData/Build/Intermediates.noindex/SwiftTerm.build/Debug/SwiftTerm.build/Objects-normal/arm64/SwiftTerm.swiftsourceinfo (in target 'SwiftTerm' from project 'SwiftTerm')
Native Pane test targets	Run PaneTests	2026-08-03T15:33:19.8120510Z     cd /Users/runner/work/Pane-Terminal/Pane-Terminal/.ci/SourcePackages/checkouts/SwiftTerm
Native Pane test targets	Run PaneTests	2026-08-03T15:33:19.8200480Z     builtin-copy -exclude .DS_Store -exclude CVS -exclude .svn -exclude .git -exclude .hg -resolve-src-symlinks -rename /Users/runner/work/Pane-Terminal/Pane-Terminal/.ci/DerivedData/Build/Intermediates.noindex/SwiftTerm.build/Debug/SwiftTerm.build/Objects-normal/arm64/SwiftTerm.swiftsourceinfo /Users/runner/work/Pane-Terminal/Pane-Terminal/.ci/DerivedData/Build/Products/Debug/SwiftTerm.swiftmodule/Project/arm64-apple-macos.swiftsourceinfo
Native Pane test targets	Run PaneTests	2026-08-03T15:33:19.8302540Z 
Native Pane test targets	Run PaneTests	2026-08-03T15:33:19.8403880Z MkDir /Users/runner/work/Pane-Terminal/Pane-Terminal/.ci/DerivedData/Build/Intermediates.noindex/Pane.build/Debug/Pane.build/assetcatalog_output/unthinned (in target 'Pane' from project 'Pane')
Native Pane test targets	Run PaneTests	2026-08-03T15:33:19.8505970Z     cd /Users/runner/work/Pane-Terminal/Pane-Terminal
Native Pane test targets	Run PaneTests	2026-08-03T15:33:19.8607520Z     /bin/mkdir -p /Users/runner/work/Pane-Terminal/Pane-Terminal/.ci/DerivedData/Build/Intermediates.noindex/Pane.build/Debug/Pane.build/assetcatalog_output/unthinned
Native Pane test targets	Run PaneTests	2026-08-03T15:33:19.8708690Z 
Native Pane test targets	Run PaneTests	2026-08-03T15:33:19.8810200Z MkDir /Users/runner/work/Pane-Terminal/Pane-Terminal/.ci/DerivedData/Build/Intermediates.noindex/Pane.build/Debug/Pane.build/assetcatalog_output/thinned (in target 'Pane' from project 'Pane')
Native Pane test targets	Run PaneTests	2026-08-03T15:33:19.8920430Z     cd /Users/runner/work/Pane-Terminal/Pane-Terminal
Native Pane test targets	Run PaneTests	2026-08-03T15:33:19.9021870Z     /bin/mkdir -p /Users/runner/work/Pane-Terminal/Pane-Terminal/.ci/DerivedData/Build/Intermediates.noindex/Pane.build/Debug/Pane.build/assetcatalog_output/thinned
Native Pane test targets	Run PaneTests	2026-08-03T15:33:19.9153730Z 
Native Pane test targets	Run PaneTests	2026-08-03T15:33:19.9266380Z GenerateAssetSymbols /Users/runner/work/Pane-Terminal/Pane-Terminal/Pane/AppIcons.icon (in target 'Pane' from project 'Pane')
Native Pane test targets	Run PaneTests	2026-08-03T15:33:19.9367680Z     cd /Users/runner/work/Pane-Terminal/Pane-Terminal
Native Pane test targets	Run PaneTests	2026-08-03T15:33:19.9477930Z     /Applications/Xcode_26.4.1.app/Contents/Developer/usr/bin/actool /Users/runner/work/Pane-Terminal/Pane-Terminal/Pane/AppIcons.icon --compile /Users/runner/work/Pane-Terminal/Pane-Terminal/.ci/DerivedData/Build/Products/Debug/Pane.app/Contents/Resources --output-format human-readable-text --notices --warnings --export-dependency-info /Users/runner/work/Pane-Terminal/Pane-Terminal/.ci/DerivedData/Build/Intermediates.noindex/Pane.build/Debug/Pane.build/assetcatalog_dependencies --output-partial-info-plist /Users/runner/work/Pane-Terminal/Pane-Terminal/.ci/DerivedData/Build/Intermediates.noindex/Pane.build/Debug/Pane.build/assetcatalog_generated_info.plist --app-icon AppIcons --include-all-app-icons --enable-on-demand-resources NO --development-region en --target-device mac --minimum-deployment-target 14.0 --platform macosx --bundle-identifier com.gilbertkrantz.Pane --generate-swift-asset-symbol-extensions NO --generate-swift-asset-symbols /Users/runner/work/Pane-Terminal/Pane-Terminal/.ci/DerivedData/Build/Intermediates.noindex/Pane.build/Debug/Pane.build/DerivedSources/GeneratedAssetSymbols.swift --generate-objc-asset-symbols /Users/runner/work/Pane-Terminal/Pane-Terminal/.ci/DerivedData/Build/Intermediates.noindex/Pane.build/Debug/Pane.build/DerivedSources/GeneratedAssetSymbols.h --generate-asset-symbol-index /Users/runner/work/Pane-Terminal/Pane-Terminal/.ci/DerivedData/Build/Intermediates.noindex/Pane.build/Debug/Pane.build/DerivedSources/GeneratedAssetSymbols-Index.plist
Native Pane test targets	Run PaneTests	2026-08-03T15:33:19.9597980Z /* com.apple.actool.compilation-results */
Native Pane test targets	Run PaneTests	2026-08-03T15:33:19.9720280Z /Users/runner/work/Pane-Terminal/Pane-Terminal/.ci/DerivedData/Build/Intermediates.noindex/Pane.build/Debug/Pane.build/DerivedSources/GeneratedAssetSymbols-Index.plist
Native Pane test targets	Run PaneTests	2026-08-03T15:33:19.9824430Z /Users/runner/work/Pane-Terminal/Pane-Terminal/.ci/DerivedData/Build/Intermediates.noindex/Pane.build/Debug/Pane.build/DerivedSources/GeneratedAssetSymbols.h
Native Pane test targets	Run PaneTests	2026-08-03T15:33:19.9935790Z /Users/runner/work/Pane-Terminal/Pane-Terminal/.ci/DerivedData/Build/Intermediates.noindex/Pane.build/Debug/Pane.build/DerivedSources/GeneratedAssetSymbols.swift
Native Pane test targets	Run PaneTests	2026-08-03T15:33:20.0047560Z 
Native Pane test targets	Run PaneTests	2026-08-03T15:33:20.0148090Z 
Native Pane test targets	Run PaneTests	2026-08-03T15:33:20.0249560Z CompileAssetCatalogVariant thinned /Users/runner/work/Pane-Terminal/Pane-Terminal/.ci/DerivedData/Build/Products/Debug/Pane.app/Contents/Resources /Users/runner/work/Pane-Terminal/Pane-Terminal/Pane/AppIcons.icon (in target 'Pane' from project 'Pane')
Native Pane test targets	Run PaneTests	2026-08-03T15:33:20.0349500Z     cd /Users/runner/work/Pane-Terminal/Pane-Terminal
Native Pane test targets	Run PaneTests	2026-08-03T15:33:20.0452310Z     /Applications/Xcode_26.4.1.app/Contents/Developer/usr/bin/actool /Users/runner/work/Pane-Terminal/Pane-Terminal/Pane/AppIcons.icon --compile /Users/runner/work/Pane-Terminal/Pane-Terminal/.ci/DerivedData/Build/Intermediates.noindex/Pane.build/Debug/Pane.build/assetcatalog_output/thinned --output-format human-readable-text --notices --warnings --export-dependency-info /Users/runner/work/Pane-Terminal/Pane-Terminal/.ci/DerivedData/Build/Intermediates.noindex/Pane.build/Debug/Pane.build/assetcatalog_dependencies_thinned --output-partial-info-plist /Users/runner/work/Pane-Terminal/Pane-Terminal/.ci/DerivedData/Build/Intermediates.noindex/Pane.build/Debug/Pane.build/assetcatalog_generated_info.plist_thinned --app-icon AppIcons --include-all-app-icons --enable-on-demand-resources NO --development-region en --target-device mac --minimum-deployment-target 14.0 --platform macosx
Native Pane test targets	Run PaneTests	2026-08-03T15:33:20.0549700Z /* com.apple.actool.compilation-results */
Native Pane test targets	Run PaneTests	2026-08-03T15:33:20.0650770Z /Users/runner/work/Pane-Terminal/Pane-Terminal/.ci/DerivedData/Build/Intermediates.noindex/Pane.build/Debug/Pane.build/assetcatalog_generated_info.plist_thinned
Native Pane test targets	Run PaneTests	2026-08-03T15:33:20.0751200Z /Users/runner/work/Pane-Terminal/Pane-Terminal/.ci/DerivedData/Build/Intermediates.noindex/Pane.build/Debug/Pane.build/assetcatalog_output/thinned/AppIcons.icns
Native Pane test targets	Run PaneTests	2026-08-03T15:33:20.0851700Z /Users/runner/work/Pane-Terminal/Pane-Terminal/.ci/DerivedData/Build/Intermediates.noindex/Pane.build/Debug/Pane.build/assetcatalog_output/thinned/Assets.car
Native Pane test targets	Run PaneTests	2026-08-03T15:33:20.0952150Z 
Native Pane test targets	Run PaneTests	2026-08-03T15:33:20.1052770Z 
Native Pane test targets	Run PaneTests	2026-08-03T15:33:20.1154820Z SwiftDriverJobDiscovery normal arm64 Compiling EscapeSequences.swift, ExtensionsTerminal.swift, File.swift, HeadlessTerminal.swift, KittyGraphics.swift, KittyKeyboardEncoder.swift, KittyKeyboardProtocol.swift, KittyPlaceholder.swift, Line.swift, LocalProcess.swift, MacAccessibilityService.swift, MacCaretView.swift, MacDebugView.swift, MacExtensions.swift, MacFindBarView.swift, MacLocalTerminalView.swift, MacTerminalView.swift, Position.swift, Pty.swift, SearchEngine.swift, SearchLineCache.swift (in target 'SwiftTerm' from project 'SwiftTerm')
Native Pane test targets	Run PaneTests	2026-08-03T15:33:20.1253570Z 
Native Pane test targets	Run PaneTests	2026-08-03T15:33:20.1354330Z SwiftDriver Pane normal arm64 com.apple.xcode.tools.swift.compiler (in target 'Pane' from project 'Pane')
Native Pane test targets	Run PaneTests	2026-08-03T15:33:20.1455690Z     cd /Users/runner/work/Pane-Terminal/Pane-Terminal
Native Pane test targets	Run PaneTests	2026-08-03T15:33:20.1584550Z     builtin-SwiftDriver -- /Applications/Xcode_26.4.1.app/Contents/Developer/Toolchains/XcodeDefault.xctoolchain/usr/bin/swiftc -module-name Pane -Onone @/Users/runner/work/Pane-Terminal/Pane-Terminal/.ci/DerivedData/Build/Intermediates.noindex/Pane.build/Debug/Pane.build/Objects-normal/arm64/Pane.SwiftFileList -DDEBUG -enable-bare-slash-regex -enable-experimental-feature DebugDescriptionMacro -sdk /Applications/Xcode_26.4.1.app/Contents/Developer/Platforms/MacOSX.platform/Developer/SDKs/MacOSX26.4.sdk -target arm64-apple-macos14.0 -g -module-cache-path /Users/runner/work/Pane-Terminal/Pane-Terminal/.ci/DerivedData/ModuleCache.noindex -Xfrontend -serialize-debugging-options -enable-testing -index-store-path /Users/runner/work/Pane-Terminal/Pane-Terminal/.ci/DerivedData/Index.noindex/DataStore -swift-version 5 -I /Users/runner/work/Pane-Terminal/Pane-Terminal/.ci/DerivedData/Build/Products/Debug -F /Users/runner/work/Pane-Terminal/Pane-Terminal/.ci/DerivedData/Build/Products/Debug/PackageFrameworks -F /Users/runner/work/Pane-Terminal/Pane-Terminal/.ci/DerivedData/Build/Products/Debug -emit-localized-strings -emit-localized-strings-path /Users/runner/work/Pane-Terminal/Pane-Terminal/.ci/DerivedData/Build/Intermediates.noindex/Pane.build/Debug/Pane.build/Objects-normal/arm64 -c -j3 -enable-batch-mode -incremental -Xcc -ivfsstatcache -Xcc /Users/runner/work/Pane-Terminal/Pane-Terminal/.ci/DerivedData/SDKStatCaches.noindex/macosx26.4-25E251-688ef53f1462e2c8f657fdc38a81448f5f67018755ecaf50f85fcd527f9620fa.sdkstatcache -output-file-map /Users/runner/work/Pane-Terminal/Pane-Terminal/.ci/DerivedData/Build/Intermediates.noindex/Pane.build/Debug/Pane.build/Objects-normal/arm64/Pane-OutputFileMap.json -use-frontend-parseable-output -save-temps -no-color-diagnostics -explicit-module-build -module-cache-path /Users/runner/work/Pane-Terminal/Pane-Terminal/.ci/DerivedData/Build/Intermediates.noindex/SwiftExplicitPrecompiledModules -clang-scanner-module-cache-path /Users/runner/work/Pane-Terminal/Pane-Terminal/.ci/DerivedData/ModuleCache.noindex -sdk-module-cache-path /Users/runner/work/Pane-Terminal/Pane-Terminal/.ci/DerivedData/ModuleCache.noindex -serialize-diagnostics -emit-dependencies -emit-module -emit-module-path /Users/runner/work/Pane-Terminal/Pane-Terminal/.ci/DerivedData/Build/Intermediates.noindex/Pane.build/Debug/Pane.build/Objects-normal/arm64/Pane.swiftmodule -validate-clang-modules-once -clang-build-session-file /Users/runner/work/Pane-Terminal/Pane-Terminal/.ci/DerivedData/ModuleCache.noindex/Session.modulevalidation -Xcc -I/Users/runner/work/Pane-Terminal/Pane-Terminal/.ci/DerivedData/Build/Intermediates.noindex/Pane.build/Debug/Pane.build/swift-overrides.hmap -emit-const-values -Xfrontend -const-gather-protocols-file -Xfrontend /Users/runner/work/Pane-Terminal/Pane-Terminal/.ci/DerivedData/Build/Intermediates.noindex/Pane.build/Debug/Pane.build/Objects-normal/arm64/Pane_const_extract_protocols.json -Xcc -iquote -Xcc /Users/runner/work/Pane-Terminal/Pane-Terminal/.ci/DerivedData/Build/Intermediates.noindex/Pane.build/Debug/Pane.build/Pane-generated-files.hmap -Xcc -I/Users/runner/work/Pane-Terminal/Pane-Terminal/.ci/DerivedData/Build/Intermediates.noindex/Pane.build/Debug/Pane.build/Pane-own-target-headers.hmap -Xcc -I/Users/runner/work/Pane-Terminal/Pane-Terminal/.ci/DerivedData/Build/Intermediates.noindex/Pane.build/Debug/Pane.build/Pane-all-non-framework-target-headers.hmap -Xcc -ivfsoverlay -Xcc /Users/runner/work/Pane-Terminal/Pane-Terminal/.ci/DerivedData/Build/Intermediates.noindex/Pane.build/Debug/Pane-856c1189ea33eb216496ff32a51b54ce-VFS/all-product-headers.yaml -Xcc -iquote -Xcc /Users/runner/work/Pane-Terminal/Pane-Terminal/.ci/DerivedData/Build/Intermediates.noindex/Pane.build/Debug/Pane.build/Pane-project-headers.hmap -Xcc -I/Users/runner/work/Pane-Terminal/Pane-Terminal/.ci/DerivedData/Build/Products/Debug/include -Xcc -I/Users/runner/work/Pane-Terminal/Pane-Terminal/.ci/DerivedData/Build/Intermediates.noindex/Pane.build/Debug/Pane.build/DerivedSources-normal/arm64 -Xcc -I/Users/runner/work/Pane-Terminal/Pane-Terminal/.ci/DerivedData/Build/Intermediates.noindex/Pane.build/Debug/Pane.build/DerivedSources/arm64 -Xcc -I/Users/runner/work/Pane-Terminal/Pane-Terminal/.ci/DerivedData/Build/Intermediates.noindex/Pane.build/Debug/Pane.build/DerivedSources -emit-objc-header -emit-objc-header-path /Users/runner/work/Pane-Terminal/Pane-Terminal/.ci/DerivedData/Build/Intermediates.noindex/Pane.build/Debug/Pane.build/Objects-normal/arm64/Pane-Swift.h -working-directory /Users/runner/work/Pane-Terminal/Pane-Terminal -experimental-emit-module-separately -disable-cmo
Native Pane test targets	Run PaneTests	2026-08-03T15:33:20.1691350Z 
Native Pane test targets	Run PaneTests	2026-08-03T15:33:20.1796860Z SwiftExplicitDependencyGeneratePcm arm64 /Users/runner/work/Pane-Terminal/Pane-Terminal/.ci/DerivedData/ModuleCache.noindex/_Builtin_stdbool-1EOAGRL3N5816UZW6JTMMBFDN.pcm
Native Pane test targets	Run PaneTests	2026-08-03T15:33:20.1903930Z 
Native Pane test targets	Run PaneTests	2026-08-03T15:33:20.2009730Z SwiftExplicitDependencyGeneratePcm arm64 /Users/runner/work/Pane-Terminal/Pane-Terminal/.ci/DerivedData/ModuleCache.noindex/ptrcheck-92B47UHFSQJ04X857M2P9ZJ0P.pcm
Native Pane test targets	Run PaneTests	2026-08-03T15:33:20.2110820Z 
Native Pane test targets	Run PaneTests	2026-08-03T15:33:20.2213300Z SwiftDriverJobDiscovery normal arm64 Compiling resource_bundle_accessor.swift, AppleTerminalView.swift, BlockElementRenderer.swift, BoxDrawingRenderer.swift, CaretView.swift, Extensions.swift, CoreTextGlyphRasterizer.swift, GlyphAtlas.swift, MetalBufferingMode.swift, MetalError.swift, MetalTerminalRenderer.swift, TerminalProgressBarView.swift, TerminalViewDelegate.swift, Buffer.swift, BufferLine.swift, BufferSet.swift, CharData.swift, CharSets.swift, CircularList.swift, Colors.swift, EscapeSequenceParser.swift (in target 'SwiftTerm' from project 'SwiftTerm')
Native Pane test targets	Run PaneTests	2026-08-03T15:33:20.2316120Z 
Native Pane test targets	Run PaneTests	2026-08-03T15:33:20.2439420Z SwiftExplicitDependencyGeneratePcm arm64 /Users/runner/work/Pane-Terminal/Pane-Terminal/.ci/DerivedData/ModuleCache.noindex/SwiftShims-C70MGQ3NCKUXRPEVJDHM7OJP7.pcm
Native Pane test targets	Run PaneTests	2026-08-03T15:33:20.2555660Z 
Native Pane test targets	Run PaneTests	2026-08-03T15:33:20.2663320Z SwiftExplicitDependencyGeneratePcm arm64 /Users/runner/work/Pane-Terminal/Pane-Terminal/.ci/DerivedData/ModuleCache.noindex/ptrauth-4UKWWCBF801EYIEYO03E5WLOY.pcm
Native Pane test targets	Run PaneTests	2026-08-03T15:33:20.2763490Z 
Native Pane test targets	Run PaneTests	2026-08-03T15:33:20.2864390Z SwiftExplicitDependencyGeneratePcm arm64 /Users/runner/work/Pane-Terminal/Pane-Terminal/.ci/DerivedData/ModuleCache.noindex/_Builtin_float-3KXK2LF33KPSLCVG4YB7ICG97.pcm
Native Pane test targets	Run PaneTests	2026-08-03T15:33:20.2965450Z 
Native Pane test targets	Run PaneTests	2026-08-03T15:33:20.3066670Z SwiftExplicitDependencyGeneratePcm arm64 /Users/runner/work/Pane-Terminal/Pane-Terminal/.ci/DerivedData/ModuleCache.noindex/_Builtin_stddef-E9DWIWLMBJ38JI3XJKB3WMR4L.pcm
Native Pane test targets	Run PaneTests	2026-08-03T15:33:20.3166490Z 
Native Pane test targets	Run PaneTests	2026-08-03T15:33:20.3268320Z SwiftExplicitDependencyGeneratePcm arm64 /Users/runner/work/Pane-Terminal/Pane-Terminal/.ci/DerivedData/ModuleCache.noindex/_SwiftConcurrencyShims-CEQHBVNKDIG22QO51SAUPK1VP.pcm
Native Pane test targets	Run PaneTests	2026-08-03T15:33:20.3369390Z 
Native Pane test targets	Run PaneTests	2026-08-03T15:33:20.3470650Z SwiftExplicitDependencyGeneratePcm arm64 /Users/runner/work/Pane-Terminal/Pane-Terminal/.ci/DerivedData/ModuleCache.noindex/_AvailabilityInternal-8AWDFD61CDB2CCJKZSFPSOWHB.pcm
Native Pane test targets	Run PaneTests	2026-08-03T15:33:20.3571780Z 
Native Pane test targets	Run PaneTests	2026-08-03T15:33:20.3673190Z SwiftExplicitDependencyGeneratePcm arm64 /Users/runner/work/Pane-Terminal/Pane-Terminal/.ci/DerivedData/ModuleCache.noindex/DeveloperToolsSupport-CF2C3HMEB5M3RO3YM5TYW6YFZ.pcm
Native Pane test targets	Run PaneTests	2026-08-03T15:33:20.3772780Z 
Native Pane test targets	Run PaneTests	2026-08-03T15:33:20.3874050Z SwiftExplicitDependencyGeneratePcm arm64 /Users/runner/work/Pane-Terminal/Pane-Terminal/.ci/DerivedData/ModuleCache.noindex/_Builtin_stdarg-A01RFLLIIDOXPIWZCZFCV68J1.pcm
Native Pane test targets	Run PaneTests	2026-08-03T15:33:20.3974840Z 
Native Pane test targets	Run PaneTests	2026-08-03T15:33:20.4076190Z SwiftExplicitDependencyGeneratePcm arm64 /Users/runner/work/Pane-Terminal/Pane-Terminal/.ci/DerivedData/ModuleCache.noindex/_DarwinFoundation1-7P65PIOQPR7REEEB9DPW4ETKH.pcm
Native Pane test targets	Run PaneTests	2026-08-03T15:33:20.4176150Z 
Native Pane test targets	Run PaneTests	2026-08-03T15:33:20.4277610Z SwiftDriver\ Compilation SwiftTerm normal arm64 com.apple.xcode.tools.swift.compiler (in target 'SwiftTerm' from project 'SwiftTerm')
Native Pane test targets	Run PaneTests	2026-08-03T15:33:20.4388100Z     cd /Users/runner/work/Pane-Terminal/Pane-Terminal/Pane.xcodeproj
Native Pane test targets	Run PaneTests	2026-08-03T15:33:20.4534900Z     builtin-Swift-Compilation -- /Applications/Xcode_26.4.1.app/Contents/Developer/Toolchains/XcodeDefault.xctoolchain/usr/bin/swiftc -module-name SwiftTerm -Onone @/Users/runner/work/Pane-Terminal/Pane-Terminal/.ci/DerivedData/Build/Intermediates.noindex/SwiftTerm.build/Debug/SwiftTerm.build/Objects-normal/arm64/SwiftTerm.SwiftFileList -DSWIFT_PACKAGE -DDEBUG -DSWIFT_MODULE_RESOURCE_BUNDLE_AVAILABLE -DXcode -plugin-path /Applications/Xcode_26.4.1.app/Contents/Developer/Toolchains/XcodeDefault.xctoolchain/usr/lib/swift/host/plugins/testing -enable-experimental-feature DebugDescriptionMacro -sdk /Applications/Xcode_26.4.1.app/Contents/Developer/Platforms/MacOSX.platform/Developer/SDKs/MacOSX26.4.sdk -target arm64-apple-macos11.0 -g -module-cache-path /Users/runner/work/Pane-Terminal/Pane-Terminal/.ci/DerivedData/ModuleCache.noindex -Xfrontend -serialize-debugging-options -enable-testing -suppress-warnings -index-store-path /Users/runner/work/Pane-Terminal/Pane-Terminal/.ci/DerivedData/Index.noindex/DataStore -Xcc -D_LIBCPP_HARDENING_MODE\=_LIBCPP_HARDENING_MODE_DEBUG -swift-version 5 -I /Users/runner/work/Pane-Terminal/Pane-Terminal/.ci/DerivedData/Build/Products/Debug -Isystem /Applications/Xcode_26.4.1.app/Contents/Developer/Platforms/MacOSX.platform/Developer/usr/lib -F /Users/runner/work/Pane-Terminal/Pane-Terminal/.ci/DerivedData/Build/Products/Debug -F /Applications/Xcode_26.4.1.app/Contents/Developer/Platforms/MacOSX.platform/Developer/Library/Frameworks -c -j3 -enable-batch-mode -incremental -Xcc -ivfsstatcache -Xcc /Users/runner/work/Pane-Terminal/Pane-Terminal/.ci/DerivedData/SDKStatCaches.noindex/macosx26.4-25E251-688ef53f1462e2c8f657fdc38a81448f5f67018755ecaf50f85fcd527f9620fa.sdkstatcache -output-file-map /Users/runner/work/Pane-Terminal/Pane-Terminal/.ci/DerivedData/Build/Intermediates.noindex/SwiftTerm.build/Debug/SwiftTerm.build/Objects-normal/arm64/SwiftTerm-OutputFileMap.json -use-frontend-parseable-output -save-temps -no-color-diagnostics -explicit-module-build -module-cache-path /Users/runner/work/Pane-Terminal/Pane-Terminal/.ci/DerivedData/Build/Intermediates.noindex/SwiftExplicitPrecompiledModules -clang-scanner-module-cache-path /Users/runner/work/Pane-Terminal/Pane-Terminal/.ci/DerivedData/ModuleCache.noindex -sdk-module-cache-path /Users/runner/work/Pane-Terminal/Pane-Terminal/.ci/DerivedData/ModuleCache.noindex -serialize-diagnostics -emit-dependencies -emit-module -emit-module-path /Users/runner/work/Pane-Terminal/Pane-Terminal/.ci/DerivedData/Build/Intermediates.noindex/SwiftTerm.build/Debug/SwiftTerm.build/Objects-normal/arm64/SwiftTerm.swiftmodule -validate-clang-modules-once -clang-build-session-file /Users/runner/work/Pane-Terminal/Pane-Terminal/.ci/DerivedData/ModuleCache.noindex/Session.modulevalidation -package-name swiftterm -Xcc -I/Users/runner/work/Pane-Terminal/Pane-Terminal/.ci/DerivedData/Build/Intermediates.noindex/SwiftTerm.build/Debug/SwiftTerm.build/swift-overrides.hmap -emit-const-values -Xfrontend -const-gather-protocols-file -Xfrontend /Users/runner/work/Pane-Terminal/Pane-Terminal/.ci/DerivedData/Build/Intermediates.noindex/SwiftTerm.build/Debug/SwiftTerm.build/Objects-normal/arm64/SwiftTerm_const_extract_protocols.json -Xcc -I/Users/runner/work/Pane-Terminal/Pane-Terminal/.ci/DerivedData/Build/Products/Debug/include -Xcc -I/Users/runner/work/Pane-Terminal/Pane-Terminal/.ci/DerivedData/Build/Intermediates.noindex/SwiftTerm.build/Debug/SwiftTerm.build/DerivedSources-normal/arm64 -Xcc -I/Users/runner/work/Pane-Terminal/Pane-Terminal/.ci/DerivedData/Build/Intermediates.noindex/SwiftTerm.build/Debug/SwiftTerm.build/DerivedSources/arm64 -Xcc -I/Users/runner/work/Pane-Terminal/Pane-Terminal/.ci/DerivedData/Build/Intermediates.noindex/SwiftTerm.build/Debug/SwiftTerm.build/DerivedSources -Xcc -DSWIFT_PACKAGE -Xcc -DDEBUG\=1 -emit-objc-header -emit-objc-header-path /Users/runner/work/Pane-Terminal/Pane-Terminal/.ci/DerivedData/Build/Intermediates.noindex/SwiftTerm.build/Debug/SwiftTerm.build/Objects-normal/arm64/SwiftTerm-Swift.h -working-directory /Users/runner/work/Pane-Terminal/Pane-Terminal/Pane.xcodeproj -experimental-emit-module-separately -disable-cmo
Native Pane test targets	Run PaneTests	2026-08-03T15:33:20.4663510Z 
Native Pane test targets	Run PaneTests	2026-08-03T15:33:20.4764790Z Ld /Users/runner/work/Pane-Terminal/Pane-Terminal/.ci/DerivedData/Build/Products/Debug/SwiftTerm.o normal (in target 'SwiftTerm' from project 'SwiftTerm')
Native Pane test targets	Run PaneTests	2026-08-03T15:33:20.4866310Z     cd /Users/runner/work/Pane-Terminal/Pane-Terminal/.ci/SourcePackages/checkouts/SwiftTerm
Native Pane test targets	Run PaneTests	2026-08-03T15:33:20.4972910Z     /Applications/Xcode_26.4.1.app/Contents/Developer/Toolchains/XcodeDefault.xctoolchain/usr/bin/clang -Xlinker -reproducible -target arm64-apple-macos11.0 -r -isysroot /Applications/Xcode_26.4.1.app/Contents/Developer/Platforms/MacOSX.platform/Developer/SDKs/MacOSX26.4.sdk -O0 -w -F/Users/runner/work/Pane-Terminal/Pane-Terminal/.ci/DerivedData/Build/Intermediates.noindex/EagerLinkingTBDs/Debug -F/Users/runner/work/Pane-Terminal/Pane-Terminal/.ci/DerivedData/Build/Products/Debug -iframework /Applications/Xcode_26.4.1.app/Contents/Developer/Platforms/MacOSX.platform/Developer/Library/Frameworks -filelist /Users/runner/work/Pane-Terminal/Pane-Terminal/.ci/DerivedData/Build/Intermediates.noindex/SwiftTerm.build/Debug/SwiftTerm.build/Objects-normal/arm64/SwiftTerm.LinkFileList -nostdlib -Xlinker -object_path_lto -Xlinker /Users/runner/work/Pane-Terminal/Pane-Terminal/.ci/DerivedData/Build/Intermediates.noindex/SwiftTerm.build/Debug/SwiftTerm.build/Objects-normal/arm64/SwiftTerm_lto.o -Xlinker -no_deduplicate -Xlinker -dependency_info -Xlinker /Users/runner/work/Pane-Terminal/Pane-Terminal/.ci/DerivedData/Build/Intermediates.noindex/SwiftTerm.build/Debug/SwiftTerm.build/Objects-normal/arm64/SwiftTerm_dependency_info.dat -fobjc-link-runtime -L/Applications/Xcode_26.4.1.app/Contents/Developer/Toolchains/XcodeDefault.xctoolchain/usr/lib/swift/macosx -L/usr/lib/swift -Xlinker -add_ast_path -Xlinker /Users/runner/work/Pane-Terminal/Pane-Terminal/.ci/DerivedData/Build/Intermediates.noindex/SwiftTerm.build/Debug/SwiftTerm.build/Objects-normal/arm64/SwiftTerm.swiftmodule @/Users/runner/work/Pane-Terminal/Pane-Terminal/.ci/DerivedData/Build/Intermediates.noindex/SwiftTerm.build/Debug/SwiftTerm.build/Objects-normal/arm64/SwiftTerm-linker-args.resp -o /Users/runner/work/Pane-Terminal/Pane-Terminal/.ci/DerivedData/Build/Products/Debug/SwiftTerm.o
Native Pane test targets	Run PaneTests	2026-08-03T15:33:20.5067560Z 
Native Pane test targets	Run PaneTests	2026-08-03T15:33:20.5169330Z SwiftExplicitDependencyGeneratePcm arm64 /Users/runner/work/Pane-Terminal/Pane-Terminal/.ci/DerivedData/ModuleCache.noindex/SQLite3-25FYB83SWHVFANVOXDXT0W6NX.pcm
Native Pane test targets	Run PaneTests	2026-08-03T15:33:20.5269330Z 
Native Pane test targets	Run PaneTests	2026-08-03T15:33:20.5370790Z SwiftExplicitDependencyGeneratePcm arm64 /Users/runner/work/Pane-Terminal/Pane-Terminal/.ci/DerivedData/ModuleCache.noindex/_DarwinFoundation2-8MHKBIJD1M88GE8UEF50E51K2.pcm
Native Pane test targets	Run PaneTests	2026-08-03T15:33:20.5472410Z 
Native Pane test targets	Run PaneTests	2026-08-03T15:33:20.5573770Z SwiftExplicitDependencyGeneratePcm arm64 /Users/runner/work/Pane-Terminal/Pane-Terminal/.ci/DerivedData/ModuleCache.noindex/_Builtin_limits-2AIULQ6AZD1S2S1J7TXO8WIFP.pcm
Native Pane test targets	Run PaneTests	2026-08-03T15:33:20.5675050Z 
Native Pane test targets	Run PaneTests	2026-08-03T15:33:20.5776470Z SwiftExplicitDependencyGeneratePcm arm64 /Users/runner/work/Pane-Terminal/Pane-Terminal/.ci/DerivedData/ModuleCache.noindex/_Builtin_stdint-5KH55K80HUZXFVLZY65T4I0JA.pcm
Native Pane test targets	Run PaneTests	2026-08-03T15:33:20.5877570Z 
Native Pane test targets	Run PaneTests	2026-08-03T15:33:20.5981770Z SwiftExplicitDependencyGeneratePcm arm64 /Users/runner/work/Pane-Terminal/Pane-Terminal/.ci/DerivedData/ModuleCache.noindex/sys_types-6FJIBOF0FBZ34VQAKSS3F6PR5.pcm
Native Pane test targets	Run PaneTests	2026-08-03T15:33:20.6101000Z 
Native Pane test targets	Run PaneTests	2026-08-03T15:33:20.6202240Z SwiftExplicitDependencyGeneratePcm arm64 /Users/runner/work/Pane-Terminal/Pane-Terminal/.ci/DerivedData/ModuleCache.noindex/_Builtin_stdatomic-1YP7GPPET35G1A7VZDETMJFS3.pcm
Native Pane test targets	Run PaneTests	2026-08-03T15:33:20.6303410Z 
Native Pane test targets	Run PaneTests	2026-08-03T15:33:20.6404690Z SwiftExplicitDependencyGeneratePcm arm64 /Users/runner/work/Pane-Terminal/Pane-Terminal/.ci/DerivedData/ModuleCache.noindex/_Builtin_intrinsics-3Z858TGSQW4JHGGP32PT4Y110.pcm
Native Pane test targets	Run PaneTests	2026-08-03T15:33:20.6505910Z 
Native Pane test targets	Run PaneTests	2026-08-03T15:33:20.6607810Z SwiftExplicitDependencyGeneratePcm arm64 /Users/runner/work/Pane-Terminal/Pane-Terminal/.ci/DerivedData/ModuleCache.noindex/libDER-DJH9RSJFQQI6YL5GW49L8ZT0T.pcm
Native Pane test targets	Run PaneTests	2026-08-03T15:33:20.6708900Z 
Native Pane test targets	Run PaneTests	2026-08-03T15:33:20.6810780Z SwiftExplicitDependencyGeneratePcm arm64 /Users/runner/work/Pane-Terminal/Pane-Terminal/.ci/DerivedData/ModuleCache.noindex/_Builtin_tgmath-DL7AETPQIZZMMFXA1GMM0S21F.pcm
Native Pane test targets	Run PaneTests	2026-08-03T15:33:20.6935420Z 
Native Pane test targets	Run PaneTests	2026-08-03T15:33:20.7036660Z SwiftExplicitDependencyGeneratePcm arm64 /Users/runner/work/Pane-Terminal/Pane-Terminal/.ci/DerivedData/ModuleCache.noindex/_DarwinFoundation3-1T2EQ699YDO0XESBM81KIKDQA.pcm
Native Pane test targets	Run PaneTests	2026-08-03T15:33:20.7148840Z 
Native Pane test targets	Run PaneTests	2026-08-03T15:33:20.7270170Z SwiftExplicitDependencyGeneratePcm arm64 /Users/runner/work/Pane-Terminal/Pane-Terminal/.ci/DerivedData/ModuleCache.noindex/OpenGL-AE6OH0ZLC00JR6A7XGF00TNWH.pcm
Native Pane test targets	Run PaneTests	2026-08-03T15:33:20.7270770Z 
Native Pane test targets	Run PaneTests	2026-08-03T15:33:20.7377970Z SwiftExplicitDependencyGeneratePcm arm64 /Users/runner/work/Pane-Terminal/Pane-Terminal/.ci/DerivedData/ModuleCache.noindex/simd-759UU9NUNRP9N58SR626V7AUS.pcm
Native Pane test targets	Run PaneTests	2026-08-03T15:33:20.7497040Z 
Native Pane test targets	Run PaneTests	2026-08-03T15:33:20.7598100Z LinkAssetCatalog /Users/runner/work/Pane-Terminal/Pane-Terminal/Pane/AppIcons.icon (in target 'Pane' from project 'Pane')
Native Pane test targets	Run PaneTests	2026-08-03T15:33:20.7699910Z     cd /Users/runner/work/Pane-Terminal/Pane-Terminal
Native Pane test targets	Run PaneTests	2026-08-03T15:33:20.7808510Z     builtin-linkAssetCatalog --thinned /Users/runner/work/Pane-Terminal/Pane-Terminal/.ci/DerivedData/Build/Intermediates.noindex/Pane.build/Debug/Pane.build/assetcatalog_output/thinned --thinned-dependencies /Users/runner/work/Pane-Terminal/Pane-Terminal/.ci/DerivedData/Build/Intermediates.noindex/Pane.build/Debug/Pane.build/assetcatalog_dependencies_thinned --thinned-info-plist-content /Users/runner/work/Pane-Terminal/Pane-Terminal/.ci/DerivedData/Build/Intermediates.noindex/Pane.build/Debug/Pane.build/assetcatalog_generated_info.plist_thinned --unthinned /Users/runner/work/Pane-Terminal/Pane-Terminal/.ci/DerivedData/Build/Intermediates.noindex/Pane.build/Debug/Pane.build/assetcatalog_output/unthinned --unthinned-dependencies /Users/runner/work/Pane-Terminal/Pane-Terminal/.ci/DerivedData/Build/Intermediates.noindex/Pane.build/Debug/Pane.build/assetcatalog_dependencies_unthinned --unthinned-info-plist-content /Users/runner/work/Pane-Terminal/Pane-Terminal/.ci/DerivedData/Build/Intermediates.noindex/Pane.build/Debug/Pane.build/assetcatalog_generated_info.plist_unthinned --output /Users/runner/work/Pane-Terminal/Pane-Terminal/.ci/DerivedData/Build/Products/Debug/Pane.app/Contents/Resources --plist-output /Users/runner/work/Pane-Terminal/Pane-Terminal/.ci/DerivedData/Build/Intermediates.noindex/Pane.build/Debug/Pane.build/assetcatalog_generated_info.plist
Native Pane test targets	Run PaneTests	2026-08-03T15:33:20.7914430Z note: Emplaced /Users/runner/work/Pane-Terminal/Pane-Terminal/.ci/DerivedData/Build/Products/Debug/Pane.app/Contents/Resources/AppIcons.icns (in target 'Pane' from project 'Pane')
Native Pane test targets	Run PaneTests	2026-08-03T15:33:20.8016470Z note: Emplaced /Users/runner/work/Pane-Terminal/Pane-Terminal/.ci/DerivedData/Build/Products/Debug/Pane.app/Contents/Resources/Assets.car (in target 'Pane' from project 'Pane')
Native Pane test targets	Run PaneTests	2026-08-03T15:33:20.8118000Z 
Native Pane test targets	Run PaneTests	2026-08-03T15:33:20.8220860Z SwiftExplicitDependencyGeneratePcm arm64 /Users/runner/work/Pane-Terminal/Pane-Terminal/.ci/DerivedData/ModuleCache.noindex/_Builtin_inttypes-COC8P619JFMWGX3J4I346OP7M.pcm
Native Pane test targets	Run PaneTests	2026-08-03T15:33:20.8319950Z 
Native Pane test targets	Run PaneTests	2026-08-03T15:33:20.8422390Z SwiftExplicitDependencyGeneratePcm arm64 /Users/runner/work/Pane-Terminal/Pane-Terminal/.ci/DerivedData/ModuleCache.noindex/Darwin-9S8RTJ6H11DQHH7QOLVFCD191.pcm
Native Pane test targets	Run PaneTests	2026-08-03T15:33:20.8525360Z 
Native Pane test targets	Run PaneTests	2026-08-03T15:33:20.8626130Z ExtractAppIntentsMetadata (in target 'SwiftTerm' from project 'SwiftTerm')
Native Pane test targets	Run PaneTests	2026-08-03T15:33:20.8727120Z     cd /Users/runner/work/Pane-Terminal/Pane-Terminal/.ci/SourcePackages/checkouts/SwiftTerm
Native Pane test targets	Run PaneTests	2026-08-03T15:33:20.8834980Z     /Applications/Xcode_26.4.1.app/Contents/Developer/Toolchains/XcodeDefault.xctoolchain/usr/bin/appintentsmetadataprocessor --toolchain-dir /var/run/com.apple.security.cryptexd/mnt/com.apple.MobileAsset.MetalToolchain-v17.5.188.0.fqPWJT/Metal.xctoolchain --module-name SwiftTerm --sdk-root /Applications/Xcode_26.4.1.app/Contents/Developer/Platforms/MacOSX.platform/Developer/SDKs/MacOSX26.4.sdk --xcode-version 17E202 --platform-family macOS --deployment-target 11.0 --bundle-identifier swiftterm.SwiftTerm --output /Users/runner/work/Pane-Terminal/Pane-Terminal/.ci/DerivedData/Build/Products/Debug/SwiftTerm.appintents --target-triple arm64-apple-macos11.0 --binary-file /Users/runner/work/Pane-Terminal/Pane-Terminal/.ci/DerivedData/Build/Products/Debug/SwiftTerm.o --dependency-file /Users/runner/work/Pane-Terminal/Pane-Terminal/.ci/DerivedData/Build/Intermediates.noindex/SwiftTerm.build/Debug/SwiftTerm.build/Objects-normal/arm64/SwiftTerm_dependency_info.dat --stringsdata-file /Users/runner/work/Pane-Terminal/Pane-Terminal/.ci/DerivedData/Build/Intermediates.noindex/SwiftTerm.build/Debug/SwiftTerm.build/Objects-normal/arm64/ExtractedAppShortcutsMetadata.stringsdata --source-file-list /Users/runner/work/Pane-Terminal/Pane-Terminal/.ci/DerivedData/Build/Intermediates.noindex/SwiftTerm.build/Debug/SwiftTerm.build/Objects-normal/arm64/SwiftTerm.SwiftFileList --metadata-file-list /Users/runner/work/Pane-Terminal/Pane-Terminal/.ci/DerivedData/Build/Intermediates.noindex/SwiftTerm.build/Debug/SwiftTerm.build/SwiftTerm.DependencyMetadataFileList --static-metadata-file-list /Users/runner/work/Pane-Terminal/Pane-Terminal/.ci/DerivedData/Build/Intermediates.noindex/SwiftTerm.build/Debug/SwiftTerm.build/SwiftTerm.DependencyStaticMetadataFileList --swift-const-vals-list /Users/runner/work/Pane-Terminal/Pane-Terminal/.ci/DerivedData/Build/Intermediates.noindex/SwiftTerm.build/Debug/SwiftTerm.build/Objects-normal/arm64/SwiftTerm.SwiftConstValuesFileList --force --compile-time-extraction --deployment-aware-processing --validate-assistant-intents --no-app-shortcuts-localization
Native Pane test targets	Run PaneTests	2026-08-03T15:33:20.8929060Z 2026-08-03 15:33:19.815 appintentsmetadataprocessor[2095:10233] Starting appintentsmetadataprocessor export
Native Pane test targets	Run PaneTests	2026-08-03T15:33:20.9031680Z 2026-08-03 15:33:19.848 appintentsmetadataprocessor[2095:10233] Extracted no relevant App Intents symbols, skipping writing output
Native Pane test targets	Run PaneTests	2026-08-03T15:33:20.9133550Z 
Native Pane test targets	Run PaneTests	2026-08-03T15:33:20.9235070Z RegisterExecutionPolicyException /Users/runner/work/Pane-Terminal/Pane-Terminal/.ci/DerivedData/Build/Products/Debug/SwiftTerm.o (in target 'SwiftTerm' from project 'SwiftTerm')
Native Pane test targets	Run PaneTests	2026-08-03T15:33:20.9336890Z     cd /Users/runner/work/Pane-Terminal/Pane-Terminal/.ci/SourcePackages/checkouts/SwiftTerm
Native Pane test targets	Run PaneTests	2026-08-03T15:33:20.9438720Z     builtin-RegisterExecutionPolicyException /Users/runner/work/Pane-Terminal/Pane-Terminal/.ci/DerivedData/Build/Products/Debug/SwiftTerm.o
Native Pane test targets	Run PaneTests	2026-08-03T15:33:20.9539040Z 
Native Pane test targets	Run PaneTests	2026-08-03T15:33:20.9640140Z Ld /Users/runner/work/Pane-Terminal/Pane-Terminal/.ci/DerivedData/Build/Products/Debug/Pane.app/Contents/MacOS/__preview.dylib normal (in target 'Pane' from project 'Pane')
Native Pane test targets	Run PaneTests	2026-08-03T15:33:20.9799270Z     cd /Users/runner/work/Pane-Terminal/Pane-Terminal
Native Pane test targets	Run PaneTests	2026-08-03T15:33:20.9952690Z     /Applications/Xcode_26.4.1.app/Contents/Developer/Toolchains/XcodeDefault.xctoolchain/usr/bin/clang -Xlinker -reproducible -target arm64-apple-macos14.0 -dynamiclib -isysroot /Applications/Xcode_26.4.1.app/Contents/Developer/Platforms/MacOSX.platform/Developer/SDKs/MacOSX26.4.sdk -Os -L/Users/runner/work/Pane-Terminal/Pane-Terminal/.ci/DerivedData/Build/Products/Debug -F/Users/runner/work/Pane-Terminal/Pane-Terminal/.ci/DerivedData/Build/Products/Debug/PackageFrameworks -F/Users/runner/work/Pane-Terminal/Pane-Terminal/.ci/DerivedData/Build/Products/Debug -install_name @rpath/Pane.debug.dylib -Xlinker -dead_strip -rdynamic -Xlinker -dependency_info -Xlinker /Users/runner/work/Pane-Terminal/Pane-Terminal/.ci/DerivedData/Build/Intermediates.noindex/Pane.build/Debug/Pane.build/Objects-normal/arm64/Pane_dependency_info.dat -o /Users/runner/work/Pane-Terminal/Pane-Terminal/.ci/DerivedData/Build/Products/Debug/Pane.app/Contents/MacOS/__preview.dylib
Native Pane test targets	Run PaneTests	2026-08-03T15:33:21.0087940Z 
Native Pane test targets	Run PaneTests	2026-08-03T15:33:21.0219510Z Copy /Users/runner/work/Pane-Terminal/Pane-Terminal/.ci/DerivedData/Build/Products/Debug/Pane.app/Contents/Resources/SwiftTerm_SwiftTerm.bundle /Users/runner/work/Pane-Terminal/Pane-Terminal/.ci/DerivedData/Build/Products/Debug/SwiftTerm_SwiftTerm.bundle (in target 'Pane' from project 'Pane')
Native Pane test targets	Run PaneTests	2026-08-03T15:33:21.0321060Z     cd /Users/runner/work/Pane-Terminal/Pane-Terminal
Native Pane test targets	Run PaneTests	2026-08-03T15:33:21.0464930Z     builtin-copy -exclude .DS_Store -exclude CVS -exclude .svn -exclude .git -exclude .hg -strip-unsigned-binaries -strip-deterministic -strip-tool /Applications/Xcode_26.4.1.app/Contents/Developer/Toolchains/XcodeDefault.xctoolchain/usr/bin/strip -resolve-src-symlinks /Users/runner/work/Pane-Terminal/Pane-Terminal/.ci/DerivedData/Build/Products/Debug/SwiftTerm_SwiftTerm.bundle /Users/runner/work/Pane-Terminal/Pane-Terminal/.ci/DerivedData/Build/Products/Debug/Pane.app/Contents/Resources
Native Pane test targets	Run PaneTests	2026-08-03T15:33:21.0466760Z 
Native Pane test targets	Run PaneTests	2026-08-03T15:33:21.0568390Z Copy /Users/runner/work/Pane-Terminal/Pane-Terminal/.ci/DerivedData/Build/Products/Debug/Pane.app/Contents/Frameworks/libXCTestSwiftSupport.dylib /Applications/Xcode_26.4.1.app/Contents/Developer/Platforms/MacOSX.platform/Developer/usr/lib/libXCTestSwiftSupport.dylib (in target 'Pane' from project 'Pane')
Native Pane test targets	Run PaneTests	2026-08-03T15:33:21.0670300Z     cd /Users/runner/work/Pane-Terminal/Pane-Terminal
Native Pane test targets	Run PaneTests	2026-08-03T15:33:21.0773400Z     builtin-copy -exclude .DS_Store -exclude CVS -exclude .svn -exclude .git -exclude .hg -exclude Headers -exclude PrivateHeaders -exclude Modules -exclude \*.tbd -strip-unsigned-binaries -strip-deterministic -strip-tool /Applications/Xcode_26.4.1.app/Contents/Developer/Toolchains/XcodeDefault.xctoolchain/usr/bin/strip -resolve-src-symlinks /Applications/Xcode_26.4.1.app/Contents/Developer/Platforms/MacOSX.platform/Developer/usr/lib/libXCTestSwiftSupport.dylib /Users/runner/work/Pane-Terminal/Pane-Terminal/.ci/DerivedData/Build/Products/Debug/Pane.app/Contents/Frameworks
Native Pane test targets	Run PaneTests	2026-08-03T15:33:21.0878780Z warning: not stripping binary because it is signed: /Applications/Xcode_26.4.1.app/Contents/Developer/Platforms/MacOSX.platform/Developer/usr/lib/libXCTestSwiftSupport.dylib (in target 'Pane' from project 'Pane')
Native Pane test targets	Run PaneTests	2026-08-03T15:33:21.0980470Z 
Native Pane test targets	Run PaneTests	2026-08-03T15:33:21.1082020Z ProcessInfoPlistFile /Users/runner/work/Pane-Terminal/Pane-Terminal/.ci/DerivedData/Build/Products/Debug/Pane.app/Contents/Info.plist /Users/runner/work/Pane-Terminal/Pane-Terminal/Pane/Info.plist (in target 'Pane' from project 'Pane')
Native Pane test targets	Run PaneTests	2026-08-03T15:33:21.1169830Z     cd /Users/runner/work/Pane-Terminal/Pane-Terminal
Native Pane test targets	Run PaneTests	2026-08-03T15:33:21.1273460Z     builtin-infoPlistUtility /Users/runner/work/Pane-Terminal/Pane-Terminal/Pane/Info.plist -producttype com.apple.product-type.application -genpkginfo /Users/runner/work/Pane-Terminal/Pane-Terminal/.ci/DerivedData/Build/Products/Debug/Pane.app/Contents/PkgInfo -expandbuildsettings -platform macosx -additionalcontentfile /Users/runner/work/Pane-Terminal/Pane-Terminal/.ci/DerivedData/Build/Intermediates.noindex/Pane.build/Debug/Pane.build/assetcatalog_generated_info.plist -scanforprivacyfile /Users/runner/work/Pane-Terminal/Pane-Terminal/.ci/DerivedData/Build/Products/Debug/Pane.app/Contents/Resources/SwiftTerm_SwiftTerm.bundle -o /Users/runner/work/Pane-Terminal/Pane-Terminal/.ci/DerivedData/Build/Products/Debug/Pane.app/Contents/Info.plist
Native Pane test targets	Run PaneTests	2026-08-03T15:33:21.1377200Z 
Native Pane test targets	Run PaneTests	2026-08-03T15:33:21.1478910Z Copy /Users/runner/work/Pane-Terminal/Pane-Terminal/.ci/DerivedData/Build/Products/Debug/Pane.app/Contents/Frameworks/libXCTestBundleInject.dylib /Applications/Xcode_26.4.1.app/Contents/Developer/Platforms/MacOSX.platform/Developer/usr/lib/libXCTestBundleInject.dylib (in target 'Pane' from project 'Pane')
Native Pane test targets	Run PaneTests	2026-08-03T15:33:21.1587430Z     cd /Users/runner/work/Pane-Terminal/Pane-Terminal
Native Pane test targets	Run PaneTests	2026-08-03T15:33:21.1707090Z     builtin-copy -exclude .DS_Store -exclude CVS -exclude .svn -exclude .git -exclude .hg -exclude Headers -exclude PrivateHeaders -exclude Modules -exclude \*.tbd -strip-unsigned-binaries -strip-deterministic -strip-tool /Applications/Xcode_26.4.1.app/Contents/Developer/Toolchains/XcodeDefault.xctoolchain/usr/bin/strip -resolve-src-symlinks /Applications/Xcode_26.4.1.app/Contents/Developer/Platforms/MacOSX.platform/Developer/usr/lib/libXCTestBundleInject.dylib /Users/runner/work/Pane-Terminal/Pane-Terminal/.ci/DerivedData/Build/Products/Debug/Pane.app/Contents/Frameworks
Native Pane test targets	Run PaneTests	2026-08-03T15:33:21.1833180Z warning: not stripping binary because it is signed: /Applications/Xcode_26.4.1.app/Contents/Developer/Platforms/MacOSX.platform/Developer/usr/lib/libXCTestBundleInject.dylib (in target 'Pane' from project 'Pane')
Native Pane test targets	Run PaneTests	2026-08-03T15:33:21.1955950Z 
Native Pane test targets	Run PaneTests	2026-08-03T15:33:21.2065940Z Copy /Users/runner/work/Pane-Terminal/Pane-Terminal/.ci/DerivedData/Build/Products/Debug/Pane.app/Contents/Frameworks/XCUnit.framework /Applications/Xcode_26.4.1.app/Contents/Developer/Platforms/MacOSX.platform/Developer/Library/PrivateFrameworks/XCUnit.framework (in target 'Pane' from project 'Pane')
Native Pane test targets	Run PaneTests	2026-08-03T15:33:21.2168010Z     cd /Users/runner/work/Pane-Terminal/Pane-Terminal
Native Pane test targets	Run PaneTests	2026-08-03T15:33:21.2279540Z     builtin-copy -exclude .DS_Store -exclude CVS -exclude .svn -exclude .git -exclude .hg -exclude Headers -exclude PrivateHeaders -exclude Modules -exclude \*.tbd -strip-unsigned-binaries -strip-deterministic -strip-tool /Applications/Xcode_26.4.1.app/Contents/Developer/Toolchains/XcodeDefault.xctoolchain/usr/bin/strip -resolve-src-symlinks /Applications/Xcode_26.4.1.app/Contents/Developer/Platforms/MacOSX.platform/Developer/Library/PrivateFrameworks/XCUnit.framework /Users/runner/work/Pane-Terminal/Pane-Terminal/.ci/DerivedData/Build/Products/Debug/Pane.app/Contents/Frameworks
Native Pane test targets	Run PaneTests	2026-08-03T15:33:21.2383680Z warning: not stripping binary because it is signed: /Applications/Xcode_26.4.1.app/Contents/Developer/Platforms/MacOSX.platform/Developer/Library/PrivateFrameworks/XCUnit.framework/Versions/A/XCUnit (in target 'Pane' from project 'Pane')
Native Pane test targets	Run PaneTests	2026-08-03T15:33:21.2485700Z 
Native Pane test targets	Run PaneTests	2026-08-03T15:33:21.2589220Z Copy /Users/runner/work/Pane-Terminal/Pane-Terminal/.ci/DerivedData/Build/Products/Debug/Pane.app/Contents/Frameworks/XCUIAutomation.framework /Applications/Xcode_26.4.1.app/Contents/Developer/Platforms/MacOSX.platform/Developer/Library/Frameworks/XCUIAutomation.framework (in target 'Pane' from project 'Pane')
Native Pane test targets	Run PaneTests	2026-08-03T15:33:21.2692460Z     cd /Users/runner/work/Pane-Terminal/Pane-Terminal
Native Pane test targets	Run PaneTests	2026-08-03T15:33:21.2795180Z     builtin-copy -exclude .DS_Store -exclude CVS -exclude .svn -exclude .git -exclude .hg -exclude Headers -exclude PrivateHeaders -exclude Modules -exclude \*.tbd -strip-unsigned-binaries -strip-deterministic -strip-tool /Applications/Xcode_26.4.1.app/Contents/Developer/Toolchains/XcodeDefault.xctoolchain/usr/bin/strip -resolve-src-symlinks /Applications/Xcode_26.4.1.app/Contents/Developer/Platforms/MacOSX.platform/Developer/Library/Frameworks/XCUIAutomation.framework /Users/runner/work/Pane-Terminal/Pane-Terminal/.ci/DerivedData/Build/Products/Debug/Pane.app/Contents/Frameworks
Native Pane test targets	Run PaneTests	2026-08-03T15:33:21.2894700Z warning: not stripping binary because it is signed: /Applications/Xcode_26.4.1.app/Contents/Developer/Platforms/MacOSX.platform/Developer/Library/Frameworks/XCUIAutomation.framework/Versions/A/XCUIAutomation (in target 'Pane' from project 'Pane')
Native Pane test targets	Run PaneTests	2026-08-03T15:33:21.2996620Z 
Native Pane test targets	Run PaneTests	2026-08-03T15:33:21.3098590Z Copy /Users/runner/work/Pane-Terminal/Pane-Terminal/.ci/DerivedData/Build/Products/Debug/Pane.app/Contents/Frameworks/XCTestSupport.framework /Applications/Xcode_26.4.1.app/Contents/Developer/Platforms/MacOSX.platform/Developer/Library/PrivateFrameworks/XCTestSupport.framework (in target 'Pane' from project 'Pane')
Native Pane test targets	Run PaneTests	2026-08-03T15:33:21.3187640Z     cd /Users/runner/work/Pane-Terminal/Pane-Terminal
Native Pane test targets	Run PaneTests	2026-08-03T15:33:21.3290880Z     builtin-copy -exclude .DS_Store -exclude CVS -exclude .svn -exclude .git -exclude .hg -exclude Headers -exclude PrivateHeaders -exclude Modules -exclude \*.tbd -strip-unsigned-binaries -strip-deterministic -strip-tool /Applications/Xcode_26.4.1.app/Contents/Developer/Toolchains/XcodeDefault.xctoolchain/usr/bin/strip -resolve-src-symlinks /Applications/Xcode_26.4.1.app/Contents/Developer/Platforms/MacOSX.platform/Developer/Library/PrivateFrameworks/XCTestSupport.framework /Users/runner/work/Pane-Terminal/Pane-Terminal/.ci/DerivedData/Build/Products/Debug/Pane.app/Contents/Frameworks
Native Pane test targets	Run PaneTests	2026-08-03T15:33:21.3395340Z warning: not stripping binary because it is signed: /Applications/Xcode_26.4.1.app/Contents/Developer/Platforms/MacOSX.platform/Developer/Library/PrivateFrameworks/XCTestSupport.framework/Versions/A/XCTestSupport (in target 'Pane' from project 'Pane')
Native Pane test targets	Run PaneTests	2026-08-03T15:33:21.3496950Z 
Native Pane test targets	Run PaneTests	2026-08-03T15:33:21.3601560Z Copy /Users/runner/work/Pane-Terminal/Pane-Terminal/.ci/DerivedData/Build/Products/Debug/Pane.app/Contents/Frameworks/XCTestCore.framework /Applications/Xcode_26.4.1.app/Contents/Developer/Platforms/MacOSX.platform/Developer/Library/PrivateFrameworks/XCTestCore.framework (in target 'Pane' from project 'Pane')
Native Pane test targets	Run PaneTests	2026-08-03T15:33:21.3701160Z     cd /Users/runner/work/Pane-Terminal/Pane-Terminal
Native Pane test targets	Run PaneTests	2026-08-03T15:33:21.3804260Z     builtin-copy -exclude .DS_Store -exclude CVS -exclude .svn -exclude .git -exclude .hg -exclude Headers -exclude PrivateHeaders -exclude Modules -exclude \*.tbd -strip-unsigned-binaries -strip-deterministic -strip-tool /Applications/Xcode_26.4.1.app/Contents/Developer/Toolchains/XcodeDefault.xctoolchain/usr/bin/strip -resolve-src-symlinks /Applications/Xcode_26.4.1.app/Contents/Developer/Platforms/MacOSX.platform/Developer/Library/PrivateFrameworks/XCTestCore.framework /Users/runner/work/Pane-Terminal/Pane-Terminal/.ci/DerivedData/Build/Products/Debug/Pane.app/Contents/Frameworks
Native Pane test targets	Run PaneTests	2026-08-03T15:33:21.3904930Z warning: not stripping binary because it is signed: /Applications/Xcode_26.4.1.app/Contents/Developer/Platforms/MacOSX.platform/Developer/Library/PrivateFrameworks/XCTestCore.framework/Versions/A/XCTestCore (in target 'Pane' from project 'Pane')
Native Pane test targets	Run PaneTests	2026-08-03T15:33:21.4005090Z 
Native Pane test targets	Run PaneTests	2026-08-03T15:33:21.4106980Z Copy /Users/runner/work/Pane-Terminal/Pane-Terminal/.ci/DerivedData/Build/Products/Debug/Pane.app/Contents/Frameworks/XCTest.framework /Applications/Xcode_26.4.1.app/Contents/Developer/Platforms/MacOSX.platform/Developer/Library/Frameworks/XCTest.framework (in target 'Pane' from project 'Pane')
Native Pane test targets	Run PaneTests	2026-08-03T15:33:21.4209760Z     cd /Users/runner/work/Pane-Terminal/Pane-Terminal
Native Pane test targets	Run PaneTests	2026-08-03T15:33:21.4312500Z     builtin-copy -exclude .DS_Store -exclude CVS -exclude .svn -exclude .git -exclude .hg -exclude Headers -exclude PrivateHeaders -exclude Modules -exclude \*.tbd -strip-unsigned-binaries -strip-deterministic -strip-tool /Applications/Xcode_26.4.1.app/Contents/Developer/Toolchains/XcodeDefault.xctoolchain/usr/bin/strip -resolve-src-symlinks /Applications/Xcode_26.4.1.app/Contents/Developer/Platforms/MacOSX.platform/Developer/Library/Frameworks/XCTest.framework /Users/runner/work/Pane-Terminal/Pane-Terminal/.ci/DerivedData/Build/Products/Debug/Pane.app/Contents/Frameworks
Native Pane test targets	Run PaneTests	2026-08-03T15:33:21.4418270Z warning: not stripping binary because it is signed: /Applications/Xcode_26.4.1.app/Contents/Developer/Platforms/MacOSX.platform/Developer/Library/Frameworks/XCTest.framework/Versions/A/XCTest (in target 'Pane' from project 'Pane')
Native Pane test targets	Run PaneTests	2026-08-03T15:33:21.4517570Z 
Native Pane test targets	Run PaneTests	2026-08-03T15:33:21.4618780Z SwiftExplicitDependencyGeneratePcm arm64 /Users/runner/work/Pane-Terminal/Pane-Terminal/.ci/DerivedData/ModuleCache.noindex/Spatial-7NTQNF59Q4X6BXC7HYR178TNF.pcm
Native Pane test targets	Run PaneTests	2026-08-03T15:33:21.4718750Z 
Native Pane test targets	Run PaneTests	2026-08-03T15:33:21.4821440Z Copy /Users/runner/work/Pane-Terminal/Pane-Terminal/.ci/DerivedData/Build/Products/Debug/Pane.app/Contents/Frameworks/XCTAutomationSupport.framework /Applications/Xcode_26.4.1.app/Contents/Developer/Platforms/MacOSX.platform/Developer/Library/PrivateFrameworks/XCTAutomationSupport.framework (in target 'Pane' from project 'Pane')
Native Pane test targets	Run PaneTests	2026-08-03T15:33:21.4920790Z     cd /Users/runner/work/Pane-Terminal/Pane-Terminal
Native Pane test targets	Run PaneTests	2026-08-03T15:33:21.5023760Z     builtin-copy -exclude .DS_Store -exclude CVS -exclude .svn -exclude .git -exclude .hg -exclude Headers -exclude PrivateHeaders -exclude Modules -exclude \*.tbd -strip-unsigned-binaries -strip-deterministic -strip-tool /Applications/Xcode_26.4.1.app/Contents/Developer/Toolchains/XcodeDefault.xctoolchain/usr/bin/strip -resolve-src-symlinks /Applications/Xcode_26.4.1.app/Contents/Developer/Platforms/MacOSX.platform/Developer/Library/PrivateFrameworks/XCTAutomationSupport.framework /Users/runner/work/Pane-Terminal/Pane-Terminal/.ci/DerivedData/Build/Products/Debug/Pane.app/Contents/Frameworks
Native Pane test targets	Run PaneTests	2026-08-03T15:33:21.5123030Z warning: not stripping binary because it is signed: /Applications/Xcode_26.4.1.app/Contents/Developer/Platforms/MacOSX.platform/Developer/Library/PrivateFrameworks/XCTAutomationSupport.framework/Versions/A/XCTAutomationSupport (in target 'Pane' from project 'Pane')
Native Pane test targets	Run PaneTests	2026-08-03T15:33:21.5224710Z 
Native Pane test targets	Run PaneTests	2026-08-03T15:33:21.5326520Z Copy /Users/runner/work/Pane-Terminal/Pane-Terminal/.ci/DerivedData/Build/Products/Debug/Pane.app/Contents/Frameworks/Testing.framework /Applications/Xcode_26.4.1.app/Contents/Developer/Platforms/MacOSX.platform/Developer/Library/Frameworks/Testing.framework (in target 'Pane' from project 'Pane')
Native Pane test targets	Run PaneTests	2026-08-03T15:33:21.5427030Z     cd /Users/runner/work/Pane-Terminal/Pane-Terminal
Native Pane test targets	Run PaneTests	2026-08-03T15:33:21.5532080Z     builtin-copy -exclude .DS_Store -exclude CVS -exclude .svn -exclude .git -exclude .hg -exclude Headers -exclude PrivateHeaders -exclude Modules -exclude \*.tbd -strip-unsigned-binaries -strip-deterministic -strip-tool /Applications/Xcode_26.4.1.app/Contents/Developer/Toolchains/XcodeDefault.xctoolchain/usr/bin/strip -resolve-src-symlinks /Applications/Xcode_26.4.1.app/Contents/Developer/Platforms/MacOSX.platform/Developer/Library/Frameworks/Testing.framework /Users/runner/work/Pane-Terminal/Pane-Terminal/.ci/DerivedData/Build/Products/Debug/Pane.app/Contents/Frameworks
Native Pane test targets	Run PaneTests	2026-08-03T15:33:21.5629560Z warning: not stripping binary because it is signed: /Applications/Xcode_26.4.1.app/Contents/Developer/Platforms/MacOSX.platform/Developer/Library/Frameworks/Testing.framework/Versions/A/Testing (in target 'Pane' from project 'Pane')
Native Pane test targets	Run PaneTests	2026-08-03T15:33:21.5728850Z 
Native Pane test targets	Run PaneTests	2026-08-03T15:33:21.5831380Z SwiftExplicitDependencyGeneratePcm arm64 /Users/runner/work/Pane-Terminal/Pane-Terminal/.ci/DerivedData/ModuleCache.noindex/Compression-PVZQ3GLCCV66GDUG3VJKZLBS.pcm
Native Pane test targets	Run PaneTests	2026-08-03T15:33:21.5931780Z 
Native Pane test targets	Run PaneTests	2026-08-03T15:33:21.6033870Z SwiftExplicitDependencyGeneratePcm arm64 /Users/runner/work/Pane-Terminal/Pane-Terminal/.ci/DerivedData/ModuleCache.noindex/CUPS-2894CXSWTZXFII41LOMD384SL.pcm
Native Pane test targets	Run PaneTests	2026-08-03T15:33:21.6133600Z 
Native Pane test targets	Run PaneTests	2026-08-03T15:33:21.6234910Z SwiftExplicitDependencyGeneratePcm arm64 /Users/runner/work/Pane-Terminal/Pane-Terminal/.ci/DerivedData/ModuleCache.noindex/MachO-EVZWJY6V2PNTQ5SYM1SS7771T.pcm
Native Pane test targets	Run PaneTests	2026-08-03T15:33:21.6335970Z 
Native Pane test targets	Run PaneTests	2026-08-03T15:33:21.6437860Z SwiftExplicitDependencyGeneratePcm arm64 /Users/runner/work/Pane-Terminal/Pane-Terminal/.ci/DerivedData/ModuleCache.noindex/launch-2Q7EGTN2TFG235HJACNZLODWN.pcm
Native Pane test targets	Run PaneTests	2026-08-03T15:33:21.6539370Z 
Native Pane test targets	Run PaneTests	2026-08-03T15:33:21.6640880Z SwiftExplicitDependencyGeneratePcm arm64 /Users/runner/work/Pane-Terminal/Pane-Terminal/.ci/DerivedData/ModuleCache.noindex/libkern-3SSGB66VB217I5A0XKFUQIBNC.pcm
Native Pane test targets	Run PaneTests	2026-08-03T15:33:21.6740680Z 
Native Pane test targets	Run PaneTests	2026-08-03T15:33:21.6842280Z SwiftExplicitDependencyGeneratePcm arm64 /Users/runner/work/Pane-Terminal/Pane-Terminal/.ci/DerivedData/ModuleCache.noindex/ObjectiveC-4X21P0F1OUUOOKYML82PDTE8F.pcm
Native Pane test targets	Run PaneTests	2026-08-03T15:33:21.6944160Z 
Native Pane test targets	Run PaneTests	2026-08-03T15:33:21.7050670Z SwiftExplicitDependencyGeneratePcm arm64 /Users/runner/work/Pane-Terminal/Pane-Terminal/.ci/DerivedData/ModuleCache.noindex/os_object-C4L6L9QX2AXS10CPXN939P316.pcm
Native Pane test targets	Run PaneTests	2026-08-03T15:33:21.7152200Z 
Native Pane test targets	Run PaneTests	2026-08-03T15:33:21.7253180Z SwiftExplicitDependencyGeneratePcm arm64 /Users/runner/work/Pane-Terminal/Pane-Terminal/.ci/DerivedData/ModuleCache.noindex/os_workgroup-D33XXGE0P5E04SKA90U944QVK.pcm
Native Pane test targets	Run PaneTests	2026-08-03T15:33:21.7353010Z 
Native Pane test targets	Run PaneTests	2026-08-03T15:33:21.7454030Z SwiftExplicitDependencyGeneratePcm arm64 /Users/runner/work/Pane-Terminal/Pane-Terminal/.ci/DerivedData/ModuleCache.noindex/Dispatch-24K0IDES2TM8HB3EO987H8GP8.pcm
Native Pane test targets	Run PaneTests	2026-08-03T15:33:21.7553810Z 
Native Pane test targets	Run PaneTests	2026-08-03T15:33:21.7655210Z SwiftExplicitDependencyGeneratePcm arm64 /Users/runner/work/Pane-Terminal/Pane-Terminal/.ci/DerivedData/ModuleCache.noindex/CoreFoundation-AUM6CJKN6SR08PGY6BYIMFJBE.pcm
Native Pane test targets	Run PaneTests	2026-08-03T15:33:21.7755570Z 
Native Pane test targets	Run PaneTests	2026-08-03T15:33:21.7856720Z SwiftExplicitDependencyGeneratePcm arm64 /Users/runner/work/Pane-Terminal/Pane-Terminal/.ci/DerivedData/ModuleCache.noindex/XPC-7UYACLSSSZ5D5U6PZ3HN57IL8.pcm
Native Pane test targets	Run PaneTests	2026-08-03T15:33:21.7956520Z 
Native Pane test targets	Run PaneTests	2026-08-03T15:33:21.8058080Z SwiftExplicitDependencyGeneratePcm arm64 /Users/runner/work/Pane-Terminal/Pane-Terminal/.ci/DerivedData/ModuleCache.noindex/os-752D8TRLPXJU0PMU848E8ZKA8.pcm
Native Pane test targets	Run PaneTests	2026-08-03T15:33:21.8157450Z 
Native Pane test targets	Run PaneTests	2026-08-03T15:33:21.8258460Z SwiftExplicitDependencyGeneratePcm arm64 /Users/runner/work/Pane-Terminal/Pane-Terminal/.ci/DerivedData/ModuleCache.noindex/ColorSync-36WFSMIZB7BXU4AR88B9Z8I2N.pcm
Native Pane test targets	Run PaneTests	2026-08-03T15:33:21.8359780Z 
Native Pane test targets	Run PaneTests	2026-08-03T15:33:21.8461710Z SwiftExplicitDependencyGeneratePcm arm64 /Users/runner/work/Pane-Terminal/Pane-Terminal/.ci/DerivedData/ModuleCache.noindex/CFNetwork-DM589BCQN1HAN4KOJHZV01ZJC.pcm
Native Pane test targets	Run PaneTests	2026-08-03T15:33:21.8561470Z 
Native Pane test targets	Run PaneTests	2026-08-03T15:33:21.8664950Z SwiftExplicitDependencyGeneratePcm arm64 /Users/runner/work/Pane-Terminal/Pane-Terminal/.ci/DerivedData/ModuleCache.noindex/IOKit-5DZC6H58A5RP9SWZUIXITM5AC.pcm
Native Pane test targets	Run PaneTests	2026-08-03T15:33:21.8770990Z 
Native Pane test targets	Run PaneTests	2026-08-03T15:33:21.8872090Z SwiftExplicitDependencyGeneratePcm arm64 /Users/runner/work/Pane-Terminal/Pane-Terminal/.ci/DerivedData/ModuleCache.noindex/Security-1L21QRHYYMECLWK35675QJRKW.pcm
Native Pane test targets	Run PaneTests	2026-08-03T15:33:21.8973010Z 
Native Pane test targets	Run PaneTests	2026-08-03T15:33:21.9074330Z SwiftExplicitDependencyGeneratePcm arm64 /Users/runner/work/Pane-Terminal/Pane-Terminal/.ci/DerivedData/ModuleCache.noindex/DiskArbitration-4STRL1PDHW5XGGL04PIWSH29F.pcm
Native Pane test targets	Run PaneTests	2026-08-03T15:33:21.9174230Z 
Native Pane test targets	Run PaneTests	2026-08-03T15:33:21.9275970Z SwiftExplicitDependencyGeneratePcm arm64 /Users/runner/work/Pane-Terminal/Pane-Terminal/.ci/DerivedData/ModuleCache.noindex/CoreGraphics-3IRWJ030SZ4LCS421AE572WIT.pcm
Native Pane test targets	Run PaneTests	2026-08-03T15:33:21.9376590Z 
Native Pane test targets	Run PaneTests	2026-08-03T15:33:21.9477980Z SwiftExplicitDependencyGeneratePcm arm64 /Users/runner/work/Pane-Terminal/Pane-Terminal/.ci/DerivedData/ModuleCache.noindex/CoreServices-9P65MKBIXYQJDHKYGZO2NQOBT.pcm
Native Pane test targets	Run PaneTests	2026-08-03T15:33:21.9579140Z 
Native Pane test targets	Run PaneTests	2026-08-03T15:33:21.9680210Z SwiftExplicitDependencyGeneratePcm arm64 /Users/runner/work/Pane-Terminal/Pane-Terminal/.ci/DerivedData/ModuleCache.noindex/ImageIO-2CRN7QCN9SM5BURXOBAJ60X6X.pcm
Native Pane test targets	Run PaneTests	2026-08-03T15:33:21.9790220Z 
Native Pane test targets	Run PaneTests	2026-08-03T15:33:21.9891840Z SwiftExplicitDependencyGeneratePcm arm64 /Users/runner/work/Pane-Terminal/Pane-Terminal/.ci/DerivedData/ModuleCache.noindex/CoreText-F2DYHL0GL0BA8B1YJEYUASOU6.pcm
Native Pane test targets	Run PaneTests	2026-08-03T15:33:21.9993540Z 
Native Pane test targets	Run PaneTests	2026-08-03T15:33:22.0095010Z SwiftExplicitDependencyGeneratePcm arm64 /Users/runner/work/Pane-Terminal/Pane-Terminal/.ci/DerivedData/ModuleCache.noindex/Foundation-1Q9H2Y8AVW4LEPHQQ16D0HC01.pcm
Native Pane test targets	Run PaneTests	2026-08-03T15:33:22.0201000Z 
Native Pane test targets	Run PaneTests	2026-08-03T15:33:22.0306510Z SwiftExplicitDependencyGeneratePcm arm64 /Users/runner/work/Pane-Terminal/Pane-Terminal/.ci/DerivedData/ModuleCache.noindex/DataDetection-AJ5XMGPGQNVP7YYKTX3QZH1V5.pcm
Native Pane test targets	Run PaneTests	2026-08-03T15:33:22.0425950Z 
Native Pane test targets	Run PaneTests	2026-08-03T15:33:22.0533720Z SwiftExplicitDependencyGeneratePcm arm64 /Users/runner/work/Pane-Terminal/Pane-Terminal/.ci/DerivedData/ModuleCache.noindex/UniformTypeIdentifiers-7N7O7HOEXGFCIXZQWYLQD61X5.pcm
Native Pane test targets	Run PaneTests	2026-08-03T15:33:22.0654610Z 
Native Pane test targets	Run PaneTests	2026-08-03T15:33:22.0768030Z SwiftExplicitDependencyGeneratePcm arm64 /Users/runner/work/Pane-Terminal/Pane-Terminal/.ci/DerivedData/ModuleCache.noindex/IOSurface-BMMEA5WJDMTCNJ8WNMJ26XTJA.pcm
Native Pane test targets	Run PaneTests	2026-08-03T15:33:22.0869100Z 
Native Pane test targets	Run PaneTests	2026-08-03T15:33:22.0974790Z SwiftExplicitDependencyGeneratePcm arm64 /Users/runner/work/Pane-Terminal/Pane-Terminal/.ci/DerivedData/ModuleCache.noindex/OSLog-EO9OG6YMVXGCTS9WE6LUKO4BY.pcm
Native Pane test targets	Run PaneTests	2026-08-03T15:33:22.1076330Z 
Native Pane test targets	Run PaneTests	2026-08-03T15:33:22.1177840Z SwiftExplicitDependencyGeneratePcm arm64 /Users/runner/work/Pane-Terminal/Pane-Terminal/.ci/DerivedData/ModuleCache.noindex/ModelIO-52DDGJCTDJ28YUQ5R4H5ZNLSR.pcm
Native Pane test targets	Run PaneTests	2026-08-03T15:33:22.1282610Z 
Native Pane test targets	Run PaneTests	2026-08-03T15:33:22.1389270Z SwiftExplicitDependencyGeneratePcm arm64 /Users/runner/work/Pane-Terminal/Pane-Terminal/.ci/DerivedData/ModuleCache.noindex/Accessibility-D661DIGE4IGMA2LCRTZZ7YL0R.pcm
Native Pane test targets	Run PaneTests	2026-08-03T15:33:22.1490370Z 
Native Pane test targets	Run PaneTests	2026-08-03T15:33:22.1591520Z SwiftExplicitDependencyGeneratePcm arm64 /Users/runner/work/Pane-Terminal/Pane-Terminal/.ci/DerivedData/ModuleCache.noindex/Metal-OA1LDY95D2KTAZ33I5TOO3P7.pcm
Native Pane test targets	Run PaneTests	2026-08-03T15:33:22.1692610Z 
Native Pane test targets	Run PaneTests	2026-08-03T15:33:22.1793880Z SwiftExplicitDependencyGeneratePcm arm64 /Users/runner/work/Pane-Terminal/Pane-Terminal/.ci/DerivedData/ModuleCache.noindex/ApplicationServices-ATXI78M1DWA3D0TNXQZJQPWM4.pcm
Native Pane test targets	Run PaneTests	2026-08-03T15:33:22.1895470Z 
Native Pane test targets	Run PaneTests	2026-08-03T15:33:22.2010720Z SwiftExplicitDependencyGeneratePcm arm64 /Users/runner/work/Pane-Terminal/Pane-Terminal/.ci/DerivedData/ModuleCache.noindex/CoreTransferable-5TUZISPALMSZELB7Z94ILTV3C.pcm
Native Pane test targets	Run PaneTests	2026-08-03T15:33:22.2111660Z 
Native Pane test targets	Run PaneTests	2026-08-03T15:33:22.2212760Z SwiftExplicitDependencyGeneratePcm arm64 /Users/runner/work/Pane-Terminal/Pane-Terminal/.ci/DerivedData/ModuleCache.noindex/Symbols-E1PPN1XMM9G7N1CUFHYFVPV0W.pcm
Native Pane test targets	Run PaneTests	2026-08-03T15:33:22.2313790Z 
Native Pane test targets	Run PaneTests	2026-08-03T15:33:22.2414970Z SwiftExplicitDependencyGeneratePcm arm64 /Users/runner/work/Pane-Terminal/Pane-Terminal/.ci/DerivedData/ModuleCache.noindex/CoreData-20ZEIJYFC465O1P8HPY3DBM4F.pcm
Native Pane test targets	Run PaneTests	2026-08-03T15:33:22.2516280Z 
Native Pane test targets	Run PaneTests	2026-08-03T15:33:22.2617650Z SwiftExplicitDependencyGeneratePcm arm64 /Users/runner/work/Pane-Terminal/Pane-Terminal/.ci/DerivedData/ModuleCache.noindex/Carbon-2E0YF4SI5AVDJ64TB9HDI0FPO.pcm
Native Pane test targets	Run PaneTests	2026-08-03T15:33:22.2718750Z 
Native Pane test targets	Run PaneTests	2026-08-03T15:33:22.2819910Z SwiftExplicitDependencyGeneratePcm arm64 /Users/runner/work/Pane-Terminal/Pane-Terminal/.ci/DerivedData/ModuleCache.noindex/CoreVideo-8I6Z2F6WFMSDNQWP38E9MW0BD.pcm
Native Pane test targets	Run PaneTests	2026-08-03T15:33:22.2922310Z 
Native Pane test targets	Run PaneTests	2026-08-03T15:33:22.3023570Z SwiftExplicitDependencyGeneratePcm arm64 /Users/runner/work/Pane-Terminal/Pane-Terminal/.ci/DerivedData/ModuleCache.noindex/QuartzCore-JXD61GONARR78IOQPNV4BRGC.pcm
Native Pane test targets	Run PaneTests	2026-08-03T15:33:22.3114090Z 
Native Pane test targets	Run PaneTests	2026-08-03T15:33:22.3220070Z SwiftExplicitDependencyGeneratePcm arm64 /Users/runner/work/Pane-Terminal/Pane-Terminal/.ci/DerivedData/ModuleCache.noindex/CoreImage-6JDSTRZI7AA19SPMLCJTMMPN9.pcm
Native Pane test targets	Run PaneTests	2026-08-03T15:33:22.3322050Z 
Native Pane test targets	Run PaneTests	2026-08-03T15:33:22.3423850Z SwiftExplicitDependencyGeneratePcm arm64 /Users/runner/work/Pane-Terminal/Pane-Terminal/.ci/DerivedData/ModuleCache.noindex/SwiftUICore-9W4A8G4Q8VRY5CNG7BYPK5303.pcm
Native Pane test targets	Run PaneTests	2026-08-03T15:33:22.3724560Z 
Native Pane test targets	Run PaneTests	2026-08-03T15:33:22.3826390Z SwiftExplicitDependencyGeneratePcm arm64 /Users/runner/work/Pane-Terminal/Pane-Terminal/.ci/DerivedData/ModuleCache.noindex/AppKit-4CXAZNMQ02JQ02EGDBZM9OBMN.pcm
Native Pane test targets	Run PaneTests	2026-08-03T15:33:23.1081180Z 
Native Pane test targets	Run PaneTests	2026-08-03T15:33:23.1089530Z SwiftExplicitDependencyGeneratePcm arm64 /Users/runner/work/Pane-Terminal/Pane-Terminal/.ci/DerivedData/ModuleCache.noindex/SwiftUI-DWYU05KLVHFT1N08B9AVHXN8A.pcm
Native Pane test targets	Run PaneTests	2026-08-03T15:33:23.1698110Z 
Native Pane test targets	Run PaneTests	2026-08-03T15:33:23.1699050Z SwiftExplicitDependencyGeneratePcm arm64 /Users/runner/work/Pane-Terminal/Pane-Terminal/.ci/DerivedData/ModuleCache.noindex/MetalKit-1AS3A8V4TYCARP3YV2TTOOIJQ.pcm
Native Pane test targets	Run PaneTests	2026-08-03T15:33:23.2075000Z 
Native Pane test targets	Run PaneTests	2026-08-03T15:33:23.2084770Z SwiftEmitModule normal arm64 Emitting\ module\ for\ Pane (in target 'Pane' from project 'Pane')
Native Pane test targets	Run PaneTests	2026-08-03T15:33:23.2609540Z 
Native Pane test targets	Run PaneTests	2026-08-03T15:33:23.2730000Z EmitSwiftModule normal arm64 (in target 'Pane' from project 'Pane')
Native Pane test targets	Run PaneTests	2026-08-03T15:33:23.2835560Z     cd /Users/runner/work/Pane-Terminal/Pane-Terminal
Native Pane test targets	Run PaneTests	2026-08-03T15:33:23.2936740Z     
Native Pane test targets	Run PaneTests	2026-08-03T15:33:24.5118360Z 
Native Pane test targets	Run PaneTests	2026-08-03T15:33:24.5138690Z SwiftCompile normal arm64 Compiling\ ShellConfiguration.swift,\ TerminalSession.swift,\ TerminalSession+Autocomplete.swift,\ TerminalSession+Lifecycle.swift,\ TerminalWorkspaceController.swift,\ TerminalViewRepresentable.swift,\ ContentView.swift,\ TerminalWorkspaceView.swift,\ CommandComposerView.swift,\ ModeIndicatorView.swift,\ CommandBlock.swift,\ BlockOutputSanitizer.swift,\ TerminalReplaySanitizer.swift,\ BlockStreamParser.swift,\ ShellIntegration.swift,\ BlocksView.swift,\ CommandBlockView.swift,\ CommandClickableTextView.swift,\ AlternateScreenTranscriptFilter.swift,\ CommandAutocomplete.swift /Users/runner/work/Pane-Terminal/Pane-Terminal/Pane/Terminal/ShellConfiguration.swift /Users/runner/work/Pane-Terminal/Pane-Terminal/Pane/Terminal/TerminalSession.swift /Users/runner/work/Pane-Terminal/Pane-Terminal/Pane/Terminal/TerminalSession+Autocomplete.swift /Users/runner/work/Pane-Terminal/Pane-Terminal/Pane/Terminal/TerminalSession+Lifecycle.swift /Users/runner/work/Pane-Terminal/Pane-Terminal/Pane/Terminal/TerminalWorkspaceController.swift /Users/runner/work/Pane-Terminal/Pane-Terminal/Pane/Terminal/TerminalViewRepresentable.swift /Users/runner/work/Pane-Terminal/Pane-Terminal/Pane/Views/ContentView.swift /Users/runner/work/Pane-Terminal/Pane-Terminal/Pane/Views/TerminalWorkspaceView.swift /Users/runner/work/Pane-Terminal/Pane-Terminal/Pane/Views/CommandComposerView.swift /Users/runner/work/Pane-Terminal/Pane-Terminal/Pane/Views/ModeIndicatorView.swift /Users/runner/work/Pane-Terminal/Pane-Terminal/Pane/Models/CommandBlock.swift /Users/runner/work/Pane-Terminal/Pane-Terminal/Pane/Terminal/BlockOutputSanitizer.swift /Users/runner/work/Pane-Terminal/Pane-Terminal/Pane/Terminal/TerminalReplaySanitizer.swift /Users/runner/work/Pane-Terminal/Pane-Terminal/Pane/Terminal/BlockStreamParser.swift /Users/runner/work/Pane-Terminal/Pane-Terminal/Pane/Terminal/ShellIntegration.swift /Users/runner/work/Pane-Terminal/Pane-Terminal/Pane/Views/BlocksView.swift /Users/runner/work/Pane-Terminal/Pane-Terminal/Pane/Views/CommandBlockView.swift /Users/runner/work/Pane-Terminal/Pane-Terminal/Pane/Views/CommandClickableTextView.swift /Users/runner/work/Pane-Terminal/Pane-Terminal/Pane/Terminal/AlternateScreenTranscriptFilter.swift /Users/runner/work/Pane-Terminal/Pane-Terminal/Pane/Models/CommandAutocomplete.swift (in target 'Pane' from project 'Pane')
Native Pane test targets	Run PaneTests	2026-08-03T15:33:24.5149750Z SwiftCompile normal arm64 /Users/runner/work/Pane-Terminal/Pane-Terminal/Pane/Terminal/ShellConfiguration.swift (in target 'Pane' from project 'Pane')
Native Pane test targets	Run PaneTests	2026-08-03T15:33:24.5153270Z     cd /Users/runner/work/Pane-Terminal/Pane-Terminal
Native Pane test targets	Run PaneTests	2026-08-03T15:33:24.5153620Z     
Native Pane test targets	Run PaneTests	2026-08-03T15:33:34.8876160Z 
Native Pane test targets	Run PaneTests	2026-08-03T15:33:34.8978360Z SwiftCompile normal arm64 /Users/runner/work/Pane-Terminal/Pane-Terminal/Pane/Terminal/TerminalSession.swift (in target 'Pane' from project 'Pane')
Native Pane test targets	Run PaneTests	2026-08-03T15:33:34.9087080Z     cd /Users/runner/work/Pane-Terminal/Pane-Terminal
Native Pane test targets	Run PaneTests	2026-08-03T15:33:34.9188500Z     
Native Pane test targets	Run PaneTests	2026-08-03T15:33:34.9289340Z 
Native Pane test targets	Run PaneTests	2026-08-03T15:33:34.9390580Z SwiftCompile normal arm64 /Users/runner/work/Pane-Terminal/Pane-Terminal/Pane/Terminal/TerminalSession+Autocomplete.swift (in target 'Pane' from project 'Pane')
Native Pane test targets	Run PaneTests	2026-08-03T15:33:34.9492130Z     cd /Users/runner/work/Pane-Terminal/Pane-Terminal
Native Pane test targets	Run PaneTests	2026-08-03T15:33:34.9593150Z     
Native Pane test targets	Run PaneTests	2026-08-03T15:33:34.9693860Z 
Native Pane test targets	Run PaneTests	2026-08-03T15:33:34.9794980Z SwiftCompile normal arm64 /Users/runner/work/Pane-Terminal/Pane-Terminal/Pane/Terminal/TerminalSession+Lifecycle.swift (in target 'Pane' from project 'Pane')
Native Pane test targets	Run PaneTests	2026-08-03T15:33:34.9896550Z     cd /Users/runner/work/Pane-Terminal/Pane-Terminal
Native Pane test targets	Run PaneTests	2026-08-03T15:33:34.9998560Z     
Native Pane test targets	Run PaneTests	2026-08-03T15:33:35.0100380Z 
Native Pane test targets	Run PaneTests	2026-08-03T15:33:35.0202020Z SwiftCompile normal arm64 /Users/runner/work/Pane-Terminal/Pane-Terminal/Pane/Terminal/TerminalWorkspaceController.swift (in target 'Pane' from project 'Pane')
Native Pane test targets	Run PaneTests	2026-08-03T15:33:35.0303890Z     cd /Users/runner/work/Pane-Terminal/Pane-Terminal
Native Pane test targets	Run PaneTests	2026-08-03T15:33:35.0405160Z     
Native Pane test targets	Run PaneTests	2026-08-03T15:33:35.0506520Z 
Native Pane test targets	Run PaneTests	2026-08-03T15:33:35.0608690Z SwiftCompile normal arm64 /Users/runner/work/Pane-Terminal/Pane-Terminal/Pane/Terminal/TerminalViewRepresentable.swift (in target 'Pane' from project 'Pane')
Native Pane test targets	Run PaneTests	2026-08-03T15:33:35.0710760Z     cd /Users/runner/work/Pane-Terminal/Pane-Terminal
Native Pane test targets	Run PaneTests	2026-08-03T15:33:35.0822770Z     
Native Pane test targets	Run PaneTests	2026-08-03T15:33:35.0923660Z 
Native Pane test targets	Run PaneTests	2026-08-03T15:33:35.1025030Z SwiftCompile normal arm64 /Users/runner/work/Pane-Terminal/Pane-Terminal/Pane/Views/ContentView.swift (in target 'Pane' from project 'Pane')
Native Pane test targets	Run PaneTests	2026-08-03T15:33:35.1126890Z     cd /Users/runner/work/Pane-Terminal/Pane-Terminal
Native Pane test targets	Run PaneTests	2026-08-03T15:33:35.1227980Z     
Native Pane test targets	Run PaneTests	2026-08-03T15:33:35.1328910Z 
Native Pane test targets	Run PaneTests	2026-08-03T15:33:35.1430320Z SwiftCompile normal arm64 /Users/runner/work/Pane-Terminal/Pane-Terminal/Pane/Views/TerminalWorkspaceView.swift (in target 'Pane' from project 'Pane')
Native Pane test targets	Run PaneTests	2026-08-03T15:33:35.1483580Z     cd /Users/runner/work/Pane-Terminal/Pane-Terminal
Native Pane test targets	Run PaneTests	2026-08-03T15:33:35.1584680Z     
Native Pane test targets	Run PaneTests	2026-08-03T15:33:35.1684670Z 
Native Pane test targets	Run PaneTests	2026-08-03T15:33:35.1786200Z SwiftCompile normal arm64 /Users/runner/work/Pane-Terminal/Pane-Terminal/Pane/Views/CommandComposerView.swift (in target 'Pane' from project 'Pane')
Native Pane test targets	Run PaneTests	2026-08-03T15:33:35.1886200Z     cd /Users/runner/work/Pane-Terminal/Pane-Terminal
Native Pane test targets	Run PaneTests	2026-08-03T15:33:35.1986260Z     
Native Pane test targets	Run PaneTests	2026-08-03T15:33:35.2097740Z 
Native Pane test targets	Run PaneTests	2026-08-03T15:33:35.2199130Z SwiftCompile normal arm64 /Users/runner/work/Pane-Terminal/Pane-Terminal/Pane/Views/ModeIndicatorView.swift (in target 'Pane' from project 'Pane')
Native Pane test targets	Run PaneTests	2026-08-03T15:33:35.2300460Z     cd /Users/runner/work/Pane-Terminal/Pane-Terminal
Native Pane test targets	Run PaneTests	2026-08-03T15:33:35.2401470Z     
Native Pane test targets	Run PaneTests	2026-08-03T15:33:35.2501990Z 
Native Pane test targets	Run PaneTests	2026-08-03T15:33:35.2603250Z SwiftCompile normal arm64 /Users/runner/work/Pane-Terminal/Pane-Terminal/Pane/Models/CommandBlock.swift (in target 'Pane' from project 'Pane')
Native Pane test targets	Run PaneTests	2026-08-03T15:33:35.2723070Z     cd /Users/runner/work/Pane-Terminal/Pane-Terminal
Native Pane test targets	Run PaneTests	2026-08-03T15:33:35.2825470Z     
Native Pane test targets	Run PaneTests	2026-08-03T15:33:35.2926250Z 
Native Pane test targets	Run PaneTests	2026-08-03T15:33:35.3027540Z SwiftCompile normal arm64 /Users/runner/work/Pane-Terminal/Pane-Terminal/Pane/Terminal/BlockOutputSanitizer.swift (in target 'Pane' from project 'Pane')
Native Pane test targets	Run PaneTests	2026-08-03T15:33:35.3128930Z     cd /Users/runner/work/Pane-Terminal/Pane-Terminal
Native Pane test targets	Run PaneTests	2026-08-03T15:33:35.3230340Z     
Native Pane test targets	Run PaneTests	2026-08-03T15:33:35.3339830Z 
Native Pane test targets	Run PaneTests	2026-08-03T15:33:35.3440770Z SwiftCompile normal arm64 /Users/runner/work/Pane-Terminal/Pane-Terminal/Pane/Terminal/TerminalReplaySanitizer.swift (in target 'Pane' from project 'Pane')
Native Pane test targets	Run PaneTests	2026-08-03T15:33:35.3541490Z     cd /Users/runner/work/Pane-Terminal/Pane-Terminal
Native Pane test targets	Run PaneTests	2026-08-03T15:33:35.3642210Z     
Native Pane test targets	Run PaneTests	2026-08-03T15:33:35.3742640Z 
Native Pane test targets	Run PaneTests	2026-08-03T15:33:35.3843720Z SwiftCompile normal arm64 /Users/runner/work/Pane-Terminal/Pane-Terminal/Pane/Terminal/BlockStreamParser.swift (in target 'Pane' from project 'Pane')
Native Pane test targets	Run PaneTests	2026-08-03T15:33:35.3944180Z     cd /Users/runner/work/Pane-Terminal/Pane-Terminal
Native Pane test targets	Run PaneTests	2026-08-03T15:33:35.4045270Z     
Native Pane test targets	Run PaneTests	2026-08-03T15:33:35.4145400Z 
Native Pane test targets	Run PaneTests	2026-08-03T15:33:35.4246660Z SwiftCompile normal arm64 /Users/runner/work/Pane-Terminal/Pane-Terminal/Pane/Terminal/ShellIntegration.swift (in target 'Pane' from project 'Pane')
Native Pane test targets	Run PaneTests	2026-08-03T15:33:35.4346910Z     cd /Users/runner/work/Pane-Terminal/Pane-Terminal
Native Pane test targets	Run PaneTests	2026-08-03T15:33:35.4448020Z     
Native Pane test targets	Run PaneTests	2026-08-03T15:33:35.4548590Z 
Native Pane test targets	Run PaneTests	2026-08-03T15:33:35.4653340Z SwiftCompile normal arm64 /Users/runner/work/Pane-Terminal/Pane-Terminal/Pane/Views/BlocksView.swift (in target 'Pane' from project 'Pane')
Native Pane test targets	Run PaneTests	2026-08-03T15:33:35.4754890Z     cd /Users/runner/work/Pane-Terminal/Pane-Terminal
Native Pane test targets	Run PaneTests	2026-08-03T15:33:35.4863600Z     
Native Pane test targets	Run PaneTests	2026-08-03T15:33:35.4991980Z 
Native Pane test targets	Run PaneTests	2026-08-03T15:33:35.5110090Z SwiftCompile normal arm64 /Users/runner/work/Pane-Terminal/Pane-Terminal/Pane/Views/CommandBlockView.swift (in target 'Pane' from project 'Pane')
Native Pane test targets	Run PaneTests	2026-08-03T15:33:35.5211500Z     cd /Users/runner/work/Pane-Terminal/Pane-Terminal
Native Pane test targets	Run PaneTests	2026-08-03T15:33:35.5312350Z     
Native Pane test targets	Run PaneTests	2026-08-03T15:33:35.5420730Z 
Native Pane test targets	Run PaneTests	2026-08-03T15:33:35.5534030Z SwiftCompile normal arm64 /Users/runner/work/Pane-Terminal/Pane-Terminal/Pane/Views/CommandClickableTextView.swift (in target 'Pane' from project 'Pane')
Native Pane test targets	Run PaneTests	2026-08-03T15:33:35.5634450Z     cd /Users/runner/work/Pane-Terminal/Pane-Terminal
Native Pane test targets	Run PaneTests	2026-08-03T15:33:35.5756190Z     
Native Pane test targets	Run PaneTests	2026-08-03T15:33:35.5856960Z 
Native Pane test targets	Run PaneTests	2026-08-03T15:33:35.5958240Z SwiftCompile normal arm64 /Users/runner/work/Pane-Terminal/Pane-Terminal/Pane/Terminal/AlternateScreenTranscriptFilter.swift (in target 'Pane' from project 'Pane')
Native Pane test targets	Run PaneTests	2026-08-03T15:33:35.6058560Z     cd /Users/runner/work/Pane-Terminal/Pane-Terminal
Native Pane test targets	Run PaneTests	2026-08-03T15:33:35.6158870Z     
Native Pane test targets	Run PaneTests	2026-08-03T15:33:35.6258840Z 
Native Pane test targets	Run PaneTests	2026-08-03T15:33:35.6360470Z SwiftCompile normal arm64 /Users/runner/work/Pane-Terminal/Pane-Terminal/Pane/Models/CommandAutocomplete.swift (in target 'Pane' from project 'Pane')
Native Pane test targets	Run PaneTests	2026-08-03T15:33:35.6460350Z     cd /Users/runner/work/Pane-Terminal/Pane-Terminal
Native Pane test targets	Run PaneTests	2026-08-03T15:33:35.6560700Z     
Native Pane test targets	Run PaneTests	2026-08-03T15:33:35.6661310Z 
Native Pane test targets	Run PaneTests	2026-08-03T15:33:35.6769710Z SwiftCompile normal arm64 Compiling\ WarmZshCompletionClient.swift,\ TerminalSecurityState.swift,\ SensitiveDataSanitizer.swift,\ RuntimeState.swift,\ PredictionTypes.swift,\ InMemoryRuntimeStateStore.swift,\ SQLiteRuntimeStateStore.swift,\ RuntimeStateController.swift,\ RuntimeStateSettings.swift,\ RuntimeStateSettingsView.swift,\ PaneDiagnosticsModels.swift,\ PaneResourceCounters.swift,\ ComposerContextCoordinator.swift,\ RuntimeStatePersistenceCoordinator.swift,\ WorkspaceSnapshotStore.swift,\ PanePerformanceThresholds.swift,\ PaneProcessMetrics.swift,\ PanePerformanceSignposts.swift,\ GeneratedAssetSymbols.swift /Users/runner/work/Pane-Terminal/Pane-Terminal/Pane/Terminal/WarmZshCompletionClient.swift /Users/runner/work/Pane-Terminal/Pane-Terminal/Pane/Models/TerminalSecurityState.swift /Users/runner/work/Pane-Terminal/Pane-Terminal/Pane/Models/SensitiveDataSanitizer.swift /Users/runner/work/Pane-Terminal/Pane-Terminal/Pane/Models/RuntimeState.swift /Users/runner/work/Pane-Terminal/Pane-Terminal/Pane/Models/PredictionTypes.swift /Users/runner/work/Pane-Terminal/Pane-Terminal/Pane/Models/InMemoryRuntimeStateStore.swift /Users/runner/work/Pane-Terminal/Pane-Terminal/Pane/Models/SQLiteRuntimeStateStore.swift /Users/runner/work/Pane-Terminal/Pane-Terminal/Pane/Models/RuntimeStateController.swift /Users/runner/work/Pane-Terminal/Pane-Terminal/Pane/Models/RuntimeStateSettings.swift /Users/runner/work/Pane-Terminal/Pane-Terminal/Pane/Views/RuntimeStateSettingsView.swift /Users/runner/work/Pane-Terminal/Pane-Terminal/Pane/Diagnostics/PaneDiagnosticsModels.swift /Users/runner/work/Pane-Terminal/Pane-Terminal/Pane/Diagnostics/PaneResourceCounters.swift /Users/runner/work/Pane-Terminal/Pane-Terminal/Pane/Performance/ComposerContextCoordinator.swift /Users/runner/work/Pane-Terminal/Pane-Terminal/Pane/Models/RuntimeStatePersistenceCoordinator.swift /Users/runner/work/Pane-Terminal/Pane-Terminal/Pane/Models/WorkspaceSnapshotStore.swift /Users/runner/work/Pane-Terminal/Pane-Terminal/Pane/Performance/PanePerformanceThresholds.swift /Users/runner/work/Pane-Terminal/Pane-Terminal/Pane/Diagnostics/PaneProcessMetrics.swift /Users/runner/work/Pane-Terminal/Pane-Terminal/Pane/Performance/PanePerformanceSignposts.swift /Users/runner/work/Pane-Terminal/Pane-Terminal/.ci/DerivedData/Build/Intermediates.noindex/Pane.build/Debug/Pane.build/DerivedSources/GeneratedAssetSymbols.swift (in target 'Pane' from project 'Pane')
Native Pane test targets	Run PaneTests	2026-08-03T15:33:35.6862650Z 
Native Pane test targets	Run PaneTests	2026-08-03T15:33:35.6964080Z SwiftCompile normal arm64 /Users/runner/work/Pane-Terminal/Pane-Terminal/Pane/Terminal/WarmZshCompletionClient.swift (in target 'Pane' from project 'Pane')
Native Pane test targets	Run PaneTests	2026-08-03T15:33:35.7065560Z     cd /Users/runner/work/Pane-Terminal/Pane-Terminal
Native Pane test targets	Run PaneTests	2026-08-03T15:33:35.7182150Z     
Native Pane test targets	Run PaneTests	2026-08-03T15:33:35.7283430Z 
Native Pane test targets	Run PaneTests	2026-08-03T15:33:35.7384610Z SwiftCompile normal arm64 /Users/runner/work/Pane-Terminal/Pane-Terminal/Pane/Models/TerminalSecurityState.swift (in target 'Pane' from project 'Pane')
Native Pane test targets	Run PaneTests	2026-08-03T15:33:35.7486290Z     cd /Users/runner/work/Pane-Terminal/Pane-Terminal
Native Pane test targets	Run PaneTests	2026-08-03T15:33:35.7587440Z     
Native Pane test targets	Run PaneTests	2026-08-03T15:33:35.7690200Z 
Native Pane test targets	Run PaneTests	2026-08-03T15:33:35.7791550Z SwiftCompile normal arm64 /Users/runner/work/Pane-Terminal/Pane-Terminal/Pane/Models/SensitiveDataSanitizer.swift (in target 'Pane' from project 'Pane')
Native Pane test targets	Run PaneTests	2026-08-03T15:33:35.7893310Z     cd /Users/runner/work/Pane-Terminal/Pane-Terminal
Native Pane test targets	Run PaneTests	2026-08-03T15:33:35.7994550Z     
Native Pane test targets	Run PaneTests	2026-08-03T15:33:35.8095330Z 
Native Pane test targets	Run PaneTests	2026-08-03T15:33:35.8196770Z SwiftCompile normal arm64 /Users/runner/work/Pane-Terminal/Pane-Terminal/Pane/Models/RuntimeState.swift (in target 'Pane' from project 'Pane')
Native Pane test targets	Run PaneTests	2026-08-03T15:33:35.8310040Z     cd /Users/runner/work/Pane-Terminal/Pane-Terminal
Native Pane test targets	Run PaneTests	2026-08-03T15:33:35.8411170Z     
Native Pane test targets	Run PaneTests	2026-08-03T15:33:35.8512140Z 
Native Pane test targets	Run PaneTests	2026-08-03T15:33:35.8613360Z SwiftCompile normal arm64 /Users/runner/work/Pane-Terminal/Pane-Terminal/Pane/Models/PredictionTypes.swift (in target 'Pane' from project 'Pane')
Native Pane test targets	Run PaneTests	2026-08-03T15:33:35.8714670Z     cd /Users/runner/work/Pane-Terminal/Pane-Terminal
Native Pane test targets	Run PaneTests	2026-08-03T15:33:35.8830310Z     
Native Pane test targets	Run PaneTests	2026-08-03T15:33:35.8931140Z 
Native Pane test targets	Run PaneTests	2026-08-03T15:33:35.9032040Z SwiftCompile normal arm64 /Users/runner/work/Pane-Terminal/Pane-Terminal/Pane/Models/InMemoryRuntimeStateStore.swift (in target 'Pane' from project 'Pane')
Native Pane test targets	Run PaneTests	2026-08-03T15:33:35.9139440Z     cd /Users/runner/work/Pane-Terminal/Pane-Terminal
Native Pane test targets	Run PaneTests	2026-08-03T15:33:35.9240560Z     
Native Pane test targets	Run PaneTests	2026-08-03T15:33:35.9341360Z 
Native Pane test targets	Run PaneTests	2026-08-03T15:33:35.9442520Z SwiftCompile normal arm64 /Users/runner/work/Pane-Terminal/Pane-Terminal/Pane/Models/SQLiteRuntimeStateStore.swift (in target 'Pane' from project 'Pane')
Native Pane test targets	Run PaneTests	2026-08-03T15:33:35.9547850Z     cd /Users/runner/work/Pane-Terminal/Pane-Terminal
Native Pane test targets	Run PaneTests	2026-08-03T15:33:35.9648870Z     
Native Pane test targets	Run PaneTests	2026-08-03T15:33:35.9750150Z 
Native Pane test targets	Run PaneTests	2026-08-03T15:33:35.9852680Z SwiftCompile normal arm64 /Users/runner/work/Pane-Terminal/Pane-Terminal/Pane/Models/RuntimeStateController.swift (in target 'Pane' from project 'Pane')
Native Pane test targets	Run PaneTests	2026-08-03T15:33:35.9959110Z     cd /Users/runner/work/Pane-Terminal/Pane-Terminal
Native Pane test targets	Run PaneTests	2026-08-03T15:33:36.0060960Z     
Native Pane test targets	Run PaneTests	2026-08-03T15:33:36.0161950Z 
Native Pane test targets	Run PaneTests	2026-08-03T15:33:36.0264800Z SwiftCompile normal arm64 /Users/runner/work/Pane-Terminal/Pane-Terminal/Pane/Models/RuntimeStateSettings.swift (in target 'Pane' from project 'Pane')
Native Pane test targets	Run PaneTests	2026-08-03T15:33:36.0368150Z     cd /Users/runner/work/Pane-Terminal/Pane-Terminal
Native Pane test targets	Run PaneTests	2026-08-03T15:33:36.0469940Z     
Native Pane test targets	Run PaneTests	2026-08-03T15:33:36.0571530Z 
Native Pane test targets	Run PaneTests	2026-08-03T15:33:36.0673180Z SwiftCompile normal arm64 /Users/runner/work/Pane-Terminal/Pane-Terminal/Pane/Views/RuntimeStateSettingsView.swift (in target 'Pane' from project 'Pane')
Native Pane test targets	Run PaneTests	2026-08-03T15:33:36.0775810Z     cd /Users/runner/work/Pane-Terminal/Pane-Terminal
Native Pane test targets	Run PaneTests	2026-08-03T15:33:36.0877210Z     
Native Pane test targets	Run PaneTests	2026-08-03T15:33:36.0978420Z 
Native Pane test targets	Run PaneTests	2026-08-03T15:33:36.1079750Z SwiftCompile normal arm64 /Users/runner/work/Pane-Terminal/Pane-Terminal/Pane/Diagnostics/PaneDiagnosticsModels.swift (in target 'Pane' from project 'Pane')
Native Pane test targets	Run PaneTests	2026-08-03T15:33:36.1181440Z     cd /Users/runner/work/Pane-Terminal/Pane-Terminal
Native Pane test targets	Run PaneTests	2026-08-03T15:33:36.1282600Z     
Native Pane test targets	Run PaneTests	2026-08-03T15:33:36.1383670Z 
Native Pane test targets	Run PaneTests	2026-08-03T15:33:36.1440130Z SwiftCompile normal arm64 /Users/runner/work/Pane-Terminal/Pane-Terminal/Pane/Diagnostics/PaneResourceCounters.swift (in target 'Pane' from project 'Pane')
Native Pane test targets	Run PaneTests	2026-08-03T15:33:36.1542050Z     cd /Users/runner/work/Pane-Terminal/Pane-Terminal
Native Pane test targets	Run PaneTests	2026-08-03T15:33:36.1643210Z     
Native Pane test targets	Run PaneTests	2026-08-03T15:33:36.1744510Z 
Native Pane test targets	Run PaneTests	2026-08-03T15:33:36.1845960Z SwiftCompile normal arm64 /Users/runner/work/Pane-Terminal/Pane-Terminal/Pane/Performance/ComposerContextCoordinator.swift (in target 'Pane' from project 'Pane')
Native Pane test targets	Run PaneTests	2026-08-03T15:33:36.1947500Z     cd /Users/runner/work/Pane-Terminal/Pane-Terminal
Native Pane test targets	Run PaneTests	2026-08-03T15:33:36.2048520Z     
Native Pane test targets	Run PaneTests	2026-08-03T15:33:36.2150350Z 
Native Pane test targets	Run PaneTests	2026-08-03T15:33:36.2252070Z SwiftCompile normal arm64 /Users/runner/work/Pane-Terminal/Pane-Terminal/Pane/Models/RuntimeStatePersistenceCoordinator.swift (in target 'Pane' from project 'Pane')
Native Pane test targets	Run PaneTests	2026-08-03T15:33:36.2364300Z     cd /Users/runner/work/Pane-Terminal/Pane-Terminal
Native Pane test targets	Run PaneTests	2026-08-03T15:33:36.2488290Z     
Native Pane test targets	Run PaneTests	2026-08-03T15:33:36.2605940Z 
Native Pane test targets	Run PaneTests	2026-08-03T15:33:36.2709260Z SwiftCompile normal arm64 /Users/runner/work/Pane-Terminal/Pane-Terminal/Pane/Models/WorkspaceSnapshotStore.swift (in target 'Pane' from project 'Pane')
Native Pane test targets	Run PaneTests	2026-08-03T15:33:36.2811150Z     cd /Users/runner/work/Pane-Terminal/Pane-Terminal
Native Pane test targets	Run PaneTests	2026-08-03T15:33:36.2921780Z     
Native Pane test targets	Run PaneTests	2026-08-03T15:33:36.3023630Z 
Native Pane test targets	Run PaneTests	2026-08-03T15:33:36.3125130Z SwiftCompile normal arm64 /Users/runner/work/Pane-Terminal/Pane-Terminal/Pane/Performance/PanePerformanceThresholds.swift (in target 'Pane' from project 'Pane')
Native Pane test targets	Run PaneTests	2026-08-03T15:33:36.3226960Z     cd /Users/runner/work/Pane-Terminal/Pane-Terminal
Native Pane test targets	Run PaneTests	2026-08-03T15:33:36.3348410Z     
Native Pane test targets	Run PaneTests	2026-08-03T15:33:36.3449220Z 
Native Pane test targets	Run PaneTests	2026-08-03T15:33:36.3563210Z SwiftCompile normal arm64 /Users/runner/work/Pane-Terminal/Pane-Terminal/Pane/Diagnostics/PaneProcessMetrics.swift (in target 'Pane' from project 'Pane')
Native Pane test targets	Run PaneTests	2026-08-03T15:33:36.3684660Z     cd /Users/runner/work/Pane-Terminal/Pane-Terminal
Native Pane test targets	Run PaneTests	2026-08-03T15:33:36.3785880Z     
Native Pane test targets	Run PaneTests	2026-08-03T15:33:36.3886680Z 
Native Pane test targets	Run PaneTests	2026-08-03T15:33:36.3987990Z SwiftCompile normal arm64 /Users/runner/work/Pane-Terminal/Pane-Terminal/Pane/Performance/PanePerformanceSignposts.swift (in target 'Pane' from project 'Pane')
Native Pane test targets	Run PaneTests	2026-08-03T15:33:36.4090770Z     cd /Users/runner/work/Pane-Terminal/Pane-Terminal
Native Pane test targets	Run PaneTests	2026-08-03T15:33:36.4199920Z     
Native Pane test targets	Run PaneTests	2026-08-03T15:33:36.4300570Z 
Native Pane test targets	Run PaneTests	2026-08-03T15:33:36.4422190Z SwiftCompile normal arm64 /Users/runner/work/Pane-Terminal/Pane-Terminal/.ci/DerivedData/Build/Intermediates.noindex/Pane.build/Debug/Pane.build/DerivedSources/GeneratedAssetSymbols.swift (in target 'Pane' from project 'Pane')
Native Pane test targets	Run PaneTests	2026-08-03T15:33:36.4547790Z     cd /Users/runner/work/Pane-Terminal/Pane-Terminal
Native Pane test targets	Run PaneTests	2026-08-03T15:33:36.4663820Z     
Native Pane test targets	Run PaneTests	2026-08-03T15:33:36.4767740Z 
Native Pane test targets	Run PaneTests	2026-08-03T15:33:36.4875380Z SwiftCompile normal arm64 Compiling\ PaneApp.swift,\ CompletionService.swift,\ LocalAutocompleteProvider.swift,\ ExecutableIndex.swift,\ CompletionRanker.swift,\ ProjectContextProvider.swift,\ BehavioralCompletion.swift,\ CompletionPipeline.swift,\ CompletionSourceMapping.swift,\ FocusCoordinator.swift,\ PTYGenerationGate.swift,\ PTYController.swift,\ BlockLifecycleController.swift,\ BoundedOutputCompactor.swift,\ BlockSearchIndex.swift,\ TerminalInteractionController.swift,\ ScrollbackPolicy.swift,\ InputMode.swift,\ CommandHistory.swift,\ CommandSerializer.swift /Users/runner/work/Pane-Terminal/Pane-Terminal/Pane/App/PaneApp.swift /Users/runner/work/Pane-Terminal/Pane-Terminal/Pane/Autocomplete/CompletionService.swift /Users/runner/work/Pane-Terminal/Pane-Terminal/Pane/Autocomplete/LocalAutocompleteProvider.swift /Users/runner/work/Pane-Terminal/Pane-Terminal/Pane/Autocomplete/ExecutableIndex.swift /Users/runner/work/Pane-Terminal/Pane-Terminal/Pane/Autocomplete/CompletionRanker.swift /Users/runner/work/Pane-Terminal/Pane-Terminal/Pane/Autocomplete/ProjectContextProvider.swift /Users/runner/work/Pane-Terminal/Pane-Terminal/Pane/Autocomplete/BehavioralCompletion.swift /Users/runner/work/Pane-Terminal/Pane-Terminal/Pane/Autocomplete/CompletionPipeline.swift /Users/runner/work/Pane-Terminal/Pane-Terminal/Pane/Autocomplete/CompletionSourceMapping.swift /Users/runner/work/Pane-Terminal/Pane-Terminal/Pane/Terminal/FocusCoordinator.swift /Users/runner/work/Pane-Terminal/Pane-Terminal/Pane/Terminal/PTYGenerationGate.swift /Users/runner/work/Pane-Terminal/Pane-Terminal/Pane/Terminal/PTYController.swift /Users/runner/work/Pane-Terminal/Pane-Terminal/Pane/Terminal/BlockLifecycleController.swift /Users/runner/work/Pane-Terminal/Pane-Terminal/Pane/Terminal/BoundedOutputCompactor.swift /Users/runner/work/Pane-Terminal/Pane-Terminal/Pane/Terminal/BlockSearchIndex.swift /Users/runner/work/Pane-Terminal/Pane-Terminal/Pane/Terminal/TerminalInteractionController.swift /Users/runner/work/Pane-Terminal/Pane-Terminal/Pane/Terminal/ScrollbackPolicy.swift /Users/runner/work/Pane-Terminal/Pane-Terminal/Pane/Models/InputMode.swift /Users/runner/work/Pane-Terminal/Pane-Terminal/Pane/Models/CommandHistory.swift /Users/runner/work/Pane-Terminal/Pane-Terminal/Pane/Terminal/CommandSerializer.swift (in target 'Pane' from project 'Pane')
Native Pane test targets	Run PaneTests	2026-08-03T15:33:36.4986720Z 
Native Pane test targets	Run PaneTests	2026-08-03T15:33:36.5097530Z SwiftCompile normal arm64 /Users/runner/work/Pane-Terminal/Pane-Terminal/Pane/App/PaneApp.swift (in target 'Pane' from project 'Pane')
Native Pane test targets	Run PaneTests	2026-08-03T15:33:36.5210360Z     cd /Users/runner/work/Pane-Terminal/Pane-Terminal
Native Pane test targets	Run PaneTests	2026-08-03T15:33:36.5333020Z     
Native Pane test targets	Run PaneTests	2026-08-03T15:33:36.5442930Z 
Native Pane test targets	Run PaneTests	2026-08-03T15:33:36.5552140Z SwiftCompile normal arm64 /Users/runner/work/Pane-Terminal/Pane-Terminal/Pane/Autocomplete/CompletionService.swift (in target 'Pane' from project 'Pane')
Native Pane test targets	Run PaneTests	2026-08-03T15:33:36.5654320Z     cd /Users/runner/work/Pane-Terminal/Pane-Terminal
Native Pane test targets	Run PaneTests	2026-08-03T15:33:36.5755630Z     
Native Pane test targets	Run PaneTests	2026-08-03T15:33:36.5856920Z 
Native Pane test targets	Run PaneTests	2026-08-03T15:33:36.5963790Z SwiftCompile normal arm64 /Users/runner/work/Pane-Terminal/Pane-Terminal/Pane/Autocomplete/LocalAutocompleteProvider.swift (in target 'Pane' from project 'Pane')
Native Pane test targets	Run PaneTests	2026-08-03T15:33:36.6065950Z     cd /Users/runner/work/Pane-Terminal/Pane-Terminal
Native Pane test targets	Run PaneTests	2026-08-03T15:33:36.6173680Z     
Native Pane test targets	Run PaneTests	2026-08-03T15:33:36.6291920Z 
Native Pane test targets	Run PaneTests	2026-08-03T15:33:36.6454340Z SwiftCompile normal arm64 /Users/runner/work/Pane-Terminal/Pane-Terminal/Pane/Autocomplete/ExecutableIndex.swift (in target 'Pane' from project 'Pane')
Native Pane test targets	Run PaneTests	2026-08-03T15:33:36.6555720Z     cd /Users/runner/work/Pane-Terminal/Pane-Terminal
Native Pane test targets	Run PaneTests	2026-08-03T15:33:36.6676590Z     
Native Pane test targets	Run PaneTests	2026-08-03T15:33:36.6777360Z 
Native Pane test targets	Run PaneTests	2026-08-03T15:33:36.6888770Z SwiftCompile normal arm64 /Users/runner/work/Pane-Terminal/Pane-Terminal/Pane/Autocomplete/CompletionRanker.swift (in target 'Pane' from project 'Pane')
Native Pane test targets	Run PaneTests	2026-08-03T15:33:36.6994180Z     cd /Users/runner/work/Pane-Terminal/Pane-Terminal
Native Pane test targets	Run PaneTests	2026-08-03T15:33:36.7136910Z     
Native Pane test targets	Run PaneTests	2026-08-03T15:33:36.7237730Z 
Native Pane test targets	Run PaneTests	2026-08-03T15:33:36.7339490Z SwiftCompile normal arm64 /Users/runner/work/Pane-Terminal/Pane-Terminal/Pane/Autocomplete/ProjectContextProvider.swift (in target 'Pane' from project 'Pane')
Native Pane test targets	Run PaneTests	2026-08-03T15:33:36.7340370Z     cd /Users/runner/work/Pane-Terminal/Pane-Terminal
Native Pane test targets	Run PaneTests	2026-08-03T15:33:36.7441210Z     
Native Pane test targets	Run PaneTests	2026-08-03T15:33:36.7542080Z 
Native Pane test targets	Run PaneTests	2026-08-03T15:33:36.7643290Z SwiftCompile normal arm64 /Users/runner/work/Pane-Terminal/Pane-Terminal/Pane/Autocomplete/BehavioralCompletion.swift (in target 'Pane' from project 'Pane')
Native Pane test targets	Run PaneTests	2026-08-03T15:33:36.7744760Z     cd /Users/runner/work/Pane-Terminal/Pane-Terminal
Native Pane test targets	Run PaneTests	2026-08-03T15:33:36.7845790Z     
Native Pane test targets	Run PaneTests	2026-08-03T15:33:36.7945390Z 
Native Pane test targets	Run PaneTests	2026-08-03T15:33:36.8046820Z SwiftCompile normal arm64 /Users/runner/work/Pane-Terminal/Pane-Terminal/Pane/Autocomplete/CompletionPipeline.swift (in target 'Pane' from project 'Pane')
Native Pane test targets	Run PaneTests	2026-08-03T15:33:36.8146690Z     cd /Users/runner/work/Pane-Terminal/Pane-Terminal
Native Pane test targets	Run PaneTests	2026-08-03T15:33:36.8248120Z     
Native Pane test targets	Run PaneTests	2026-08-03T15:33:36.8348700Z 
Native Pane test targets	Run PaneTests	2026-08-03T15:33:36.8456910Z SwiftCompile normal arm64 /Users/runner/work/Pane-Terminal/Pane-Terminal/Pane/Autocomplete/CompletionSourceMapping.swift (in target 'Pane' from project 'Pane')
Native Pane test targets	Run PaneTests	2026-08-03T15:33:36.8558370Z     cd /Users/runner/work/Pane-Terminal/Pane-Terminal
Native Pane test targets	Run PaneTests	2026-08-03T15:33:36.8667010Z     
Native Pane test targets	Run PaneTests	2026-08-03T15:33:36.8767720Z 
Native Pane test targets	Run PaneTests	2026-08-03T15:33:36.8868860Z SwiftCompile normal arm64 /Users/runner/work/Pane-Terminal/Pane-Terminal/Pane/Terminal/FocusCoordinator.swift (in target 'Pane' from project 'Pane')
Native Pane test targets	Run PaneTests	2026-08-03T15:33:36.8970210Z     cd /Users/runner/work/Pane-Terminal/Pane-Terminal
Native Pane test targets	Run PaneTests	2026-08-03T15:33:36.9071240Z     
Native Pane test targets	Run PaneTests	2026-08-03T15:33:36.9186010Z 
Native Pane test targets	Run PaneTests	2026-08-03T15:33:36.9307020Z SwiftCompile normal arm64 /Users/runner/work/Pane-Terminal/Pane-Terminal/Pane/Terminal/PTYGenerationGate.swift (in target 'Pane' from project 'Pane')
Native Pane test targets	Run PaneTests	2026-08-03T15:33:36.9445060Z     cd /Users/runner/work/Pane-Terminal/Pane-Terminal
Native Pane test targets	Run PaneTests	2026-08-03T15:33:36.9551210Z     
Native Pane test targets	Run PaneTests	2026-08-03T15:33:36.9672580Z 
Native Pane test targets	Run PaneTests	2026-08-03T15:33:36.9773650Z SwiftCompile normal arm64 /Users/runner/work/Pane-Terminal/Pane-Terminal/Pane/Terminal/PTYController.swift (in target 'Pane' from project 'Pane')
Native Pane test targets	Run PaneTests	2026-08-03T15:33:36.9875050Z     cd /Users/runner/work/Pane-Terminal/Pane-Terminal
Native Pane test targets	Run PaneTests	2026-08-03T15:33:36.9976000Z     
Native Pane test targets	Run PaneTests	2026-08-03T15:33:37.0076700Z 
Native Pane test targets	Run PaneTests	2026-08-03T15:33:37.0177970Z SwiftCompile normal arm64 /Users/runner/work/Pane-Terminal/Pane-Terminal/Pane/Terminal/BlockLifecycleController.swift (in target 'Pane' from project 'Pane')
Native Pane test targets	Run PaneTests	2026-08-03T15:33:37.0279820Z     cd /Users/runner/work/Pane-Terminal/Pane-Terminal
Native Pane test targets	Run PaneTests	2026-08-03T15:33:37.0381460Z     
Native Pane test targets	Run PaneTests	2026-08-03T15:33:37.0482190Z 
Native Pane test targets	Run PaneTests	2026-08-03T15:33:37.0583670Z SwiftCompile normal arm64 /Users/runner/work/Pane-Terminal/Pane-Terminal/Pane/Terminal/BoundedOutputCompactor.swift (in target 'Pane' from project 'Pane')
Native Pane test targets	Run PaneTests	2026-08-03T15:33:37.0684010Z     cd /Users/runner/work/Pane-Terminal/Pane-Terminal
Native Pane test targets	Run PaneTests	2026-08-03T15:33:37.0785160Z     
Native Pane test targets	Run PaneTests	2026-08-03T15:33:37.0885390Z 
Native Pane test targets	Run PaneTests	2026-08-03T15:33:37.1016000Z SwiftCompile normal arm64 /Users/runner/work/Pane-Terminal/Pane-Terminal/Pane/Terminal/BlockSearchIndex.swift (in target 'Pane' from project 'Pane')
Native Pane test targets	Run PaneTests	2026-08-03T15:33:37.1117760Z     cd /Users/runner/work/Pane-Terminal/Pane-Terminal
Native Pane test targets	Run PaneTests	2026-08-03T15:33:37.1218040Z     
Native Pane test targets	Run PaneTests	2026-08-03T15:33:37.1328590Z 
Native Pane test targets	Run PaneTests	2026-08-03T15:33:37.1440030Z SwiftCompile normal arm64 /Users/runner/work/Pane-Terminal/Pane-Terminal/Pane/Terminal/TerminalInteractionController.swift (in target 'Pane' from project 'Pane')
Native Pane test targets	Run PaneTests	2026-08-03T15:33:37.1570370Z     cd /Users/runner/work/Pane-Terminal/Pane-Terminal
Native Pane test targets	Run PaneTests	2026-08-03T15:33:37.1671550Z     
Native Pane test targets	Run PaneTests	2026-08-03T15:33:37.1772430Z 
Native Pane test targets	Run PaneTests	2026-08-03T15:33:37.1919120Z SwiftCompile normal arm64 /Users/runner/work/Pane-Terminal/Pane-Terminal/Pane/Terminal/ScrollbackPolicy.swift (in target 'Pane' from project 'Pane')
Native Pane test targets	Run PaneTests	2026-08-03T15:33:37.2020630Z     cd /Users/runner/work/Pane-Terminal/Pane-Terminal
Native Pane test targets	Run PaneTests	2026-08-03T15:33:37.2121810Z     
Native Pane test targets	Run PaneTests	2026-08-03T15:33:37.2228390Z 
Native Pane test targets	Run PaneTests	2026-08-03T15:33:37.2329700Z SwiftCompile normal arm64 /Users/runner/work/Pane-Terminal/Pane-Terminal/Pane/Models/InputMode.swift (in target 'Pane' from project 'Pane')
Native Pane test targets	Run PaneTests	2026-08-03T15:33:37.2431230Z     cd /Users/runner/work/Pane-Terminal/Pane-Terminal
Native Pane test targets	Run PaneTests	2026-08-03T15:33:37.2532560Z     
Native Pane test targets	Run PaneTests	2026-08-03T15:33:37.2633070Z 
Native Pane test targets	Run PaneTests	2026-08-03T15:33:37.2766610Z SwiftCompile normal arm64 /Users/runner/work/Pane-Terminal/Pane-Terminal/Pane/Models/CommandHistory.swift (in target 'Pane' from project 'Pane')
Native Pane test targets	Run PaneTests	2026-08-03T15:33:37.2867460Z     cd /Users/runner/work/Pane-Terminal/Pane-Terminal
Native Pane test targets	Run PaneTests	2026-08-03T15:33:37.2968730Z     
Native Pane test targets	Run PaneTests	2026-08-03T15:33:37.3074160Z 
Native Pane test targets	Run PaneTests	2026-08-03T15:33:37.3190000Z SwiftCompile normal arm64 /Users/runner/work/Pane-Terminal/Pane-Terminal/Pane/Terminal/CommandSerializer.swift (in target 'Pane' from project 'Pane')
Native Pane test targets	Run PaneTests	2026-08-03T15:33:37.3291810Z     cd /Users/runner/work/Pane-Terminal/Pane-Terminal
Native Pane test targets	Run PaneTests	2026-08-03T15:33:37.3392120Z     
Native Pane test targets	Run PaneTests	2026-08-03T15:33:37.3492310Z 
Native Pane test targets	Run PaneTests	2026-08-03T15:33:37.3593600Z SwiftDriverJobDiscovery normal arm64 Emitting module for Pane (in target 'Pane' from project 'Pane')
Native Pane test targets	Run PaneTests	2026-08-03T15:33:37.3693440Z 
Native Pane test targets	Run PaneTests	2026-08-03T15:33:37.3794550Z SwiftDriver\ Compilation\ Requirements Pane normal arm64 com.apple.xcode.tools.swift.compiler (in target 'Pane' from project 'Pane')
Native Pane test targets	Run PaneTests	2026-08-03T15:33:37.3894690Z     cd /Users/runner/work/Pane-Terminal/Pane-Terminal
Native Pane test targets	Run PaneTests	2026-08-03T15:33:37.4009590Z     builtin-Swift-Compilation-Requirements -- /Applications/Xcode_26.4.1.app/Contents/Developer/Toolchains/XcodeDefault.xctoolchain/usr/bin/swiftc -module-name Pane -Onone @/Users/runner/work/Pane-Terminal/Pane-Terminal/.ci/DerivedData/Build/Intermediates.noindex/Pane.build/Debug/Pane.build/Objects-normal/arm64/Pane.SwiftFileList -DDEBUG -enable-bare-slash-regex -enable-experimental-feature DebugDescriptionMacro -sdk /Applications/Xcode_26.4.1.app/Contents/Developer/Platforms/MacOSX.platform/Developer/SDKs/MacOSX26.4.sdk -target arm64-apple-macos14.0 -g -module-cache-path /Users/runner/work/Pane-Terminal/Pane-Terminal/.ci/DerivedData/ModuleCache.noindex -Xfrontend -serialize-debugging-options -enable-testing -index-store-path /Users/runner/work/Pane-Terminal/Pane-Terminal/.ci/DerivedData/Index.noindex/DataStore -swift-version 5 -I /Users/runner/work/Pane-Terminal/Pane-Terminal/.ci/DerivedData/Build/Products/Debug -F /Users/runner/work/Pane-Terminal/Pane-Terminal/.ci/DerivedData/Build/Products/Debug/PackageFrameworks -F /Users/runner/work/Pane-Terminal/Pane-Terminal/.ci/DerivedData/Build/Products/Debug -emit-localized-strings -emit-localized-strings-path /Users/runner/work/Pane-Terminal/Pane-Terminal/.ci/DerivedData/Build/Intermediates.noindex/Pane.build/Debug/Pane.build/Objects-normal/arm64 -c -j3 -enable-batch-mode -incremental -Xcc -ivfsstatcache -Xcc /Users/runner/work/Pane-Terminal/Pane-Terminal/.ci/DerivedData/SDKStatCaches.noindex/macosx26.4-25E251-688ef53f1462e2c8f657fdc38a81448f5f67018755ecaf50f85fcd527f9620fa.sdkstatcache -output-file-map /Users/runner/work/Pane-Terminal/Pane-Terminal/.ci/DerivedData/Build/Intermediates.noindex/Pane.build/Debug/Pane.build/Objects-normal/arm64/Pane-OutputFileMap.json -use-frontend-parseable-output -save-temps -no-color-diagnostics -explicit-module-build -module-cache-path /Users/runner/work/Pane-Terminal/Pane-Terminal/.ci/DerivedData/Build/Intermediates.noindex/SwiftExplicitPrecompiledModules -clang-scanner-module-cache-path /Users/runner/work/Pane-Terminal/Pane-Terminal/.ci/DerivedData/ModuleCache.noindex -sdk-module-cache-path /Users/runner/work/Pane-Terminal/Pane-Terminal/.ci/DerivedData/ModuleCache.noindex -serialize-diagnostics -emit-dependencies -emit-module -emit-module-path /Users/runner/work/Pane-Terminal/Pane-Terminal/.ci/DerivedData/Build/Intermediates.noindex/Pane.build/Debug/Pane.build/Objects-normal/arm64/Pane.swiftmodule -validate-clang-modules-once -clang-build-session-file /Users/runner/work/Pane-Terminal/Pane-Terminal/.ci/DerivedData/ModuleCache.noindex/Session.modulevalidation -Xcc -I/Users/runner/work/Pane-Terminal/Pane-Terminal/.ci/DerivedData/Build/Intermediates.noindex/Pane.build/Debug/Pane.build/swift-overrides.hmap -emit-const-values -Xfrontend -const-gather-protocols-file -Xfrontend /Users/runner/work/Pane-Terminal/Pane-Terminal/.ci/DerivedData/Build/Intermediates.noindex/Pane.build/Debug/Pane.build/Objects-normal/arm64/Pane_const_extract_protocols.json -Xcc -iquote -Xcc /Users/runner/work/Pane-Terminal/Pane-Terminal/.ci/DerivedData/Build/Intermediates.noindex/Pane.build/Debug/Pane.build/Pane-generated-files.hmap -Xcc -I/Users/runner/work/Pane-Terminal/Pane-Terminal/.ci/DerivedData/Build/Intermediates.noindex/Pane.build/Debug/Pane.build/Pane-own-target-headers.hmap -Xcc -I/Users/runner/work/Pane-Terminal/Pane-Terminal/.ci/DerivedData/Build/Intermediates.noindex/Pane.build/Debug/Pane.build/Pane-all-non-framework-target-headers.hmap -Xcc -ivfsoverlay -Xcc /Users/runner/work/Pane-Terminal/Pane-Terminal/.ci/DerivedData/Build/Intermediates.noindex/Pane.build/Debug/Pane-856c1189ea33eb216496ff32a51b54ce-VFS/all-product-headers.yaml -Xcc -iquote -Xcc /Users/runner/work/Pane-Terminal/Pane-Terminal/.ci/DerivedData/Build/Intermediates.noindex/Pane.build/Debug/Pane.build/Pane-project-headers.hmap -Xcc -I/Users/runner/work/Pane-Terminal/Pane-Terminal/.ci/DerivedData/Build/Products/Debug/include -Xcc -I/Users/runner/work/Pane-Terminal/Pane-Terminal/.ci/DerivedData/Build/Intermediates.noindex/Pane.build/Debug/Pane.build/DerivedSources-normal/arm64 -Xcc -I/Users/runner/work/Pane-Terminal/Pane-Terminal/.ci/DerivedData/Build/Intermediates.noindex/Pane.build/Debug/Pane.build/DerivedSources/arm64 -Xcc -I/Users/runner/work/Pane-Terminal/Pane-Terminal/.ci/DerivedData/Build/Intermediates.noindex/Pane.build/Debug/Pane.build/DerivedSources -emit-objc-header -emit-objc-header-path /Users/runner/work/Pane-Terminal/Pane-Terminal/.ci/DerivedData/Build/Intermediates.noindex/Pane.build/Debug/Pane.build/Objects-normal/arm64/Pane-Swift.h -working-directory /Users/runner/work/Pane-Terminal/Pane-Terminal -experimental-emit-module-separately -disable-cmo
Native Pane test targets	Run PaneTests	2026-08-03T15:33:37.4096670Z 
Native Pane test targets	Run PaneTests	2026-08-03T15:33:37.4200650Z SwiftDriverJobDiscovery normal arm64 Compiling WarmZshCompletionClient.swift, TerminalSecurityState.swift, SensitiveDataSanitizer.swift, RuntimeState.swift, PredictionTypes.swift, InMemoryRuntimeStateStore.swift, SQLiteRuntimeStateStore.swift, RuntimeStateController.swift, RuntimeStateSettings.swift, RuntimeStateSettingsView.swift, PaneDiagnosticsModels.swift, PaneResourceCounters.swift, ComposerContextCoordinator.swift, RuntimeStatePersistenceCoordinator.swift, WorkspaceSnapshotStore.swift, PanePerformanceThresholds.swift, PaneProcessMetrics.swift, PanePerformanceSignposts.swift, GeneratedAssetSymbols.swift (in target 'Pane' from project 'Pane')
Native Pane test targets	Run PaneTests	2026-08-03T15:33:37.4303410Z 
Native Pane test targets	Run PaneTests	2026-08-03T15:33:37.4405790Z SwiftMergeGeneratedHeaders /Users/runner/work/Pane-Terminal/Pane-Terminal/.ci/DerivedData/Build/Intermediates.noindex/Pane.build/Debug/Pane.build/DerivedSources/Pane-Swift.h /Users/runner/work/Pane-Terminal/Pane-Terminal/.ci/DerivedData/Build/Intermediates.noindex/Pane.build/Debug/Pane.build/Objects-normal/arm64/Pane-Swift.h (in target 'Pane' from project 'Pane')
Native Pane test targets	Run PaneTests	2026-08-03T15:33:37.4508330Z     cd /Users/runner/work/Pane-Terminal/Pane-Terminal
Native Pane test targets	Run PaneTests	2026-08-03T15:33:37.4610800Z     builtin-swiftHeaderTool -arch arm64 /Users/runner/work/Pane-Terminal/Pane-Terminal/.ci/DerivedData/Build/Intermediates.noindex/Pane.build/Debug/Pane.build/Objects-normal/arm64/Pane-Swift.h -o /Users/runner/work/Pane-Terminal/Pane-Terminal/.ci/DerivedData/Build/Intermediates.noindex/Pane.build/Debug/Pane.build/DerivedSources/Pane-Swift.h
Native Pane test targets	Run PaneTests	2026-08-03T15:33:37.4712630Z 
Native Pane test targets	Run PaneTests	2026-08-03T15:33:37.4814370Z Copy /Users/runner/work/Pane-Terminal/Pane-Terminal/.ci/DerivedData/Build/Products/Debug/Pane.swiftmodule/arm64-apple-macos.swiftmodule /Users/runner/work/Pane-Terminal/Pane-Terminal/.ci/DerivedData/Build/Intermediates.noindex/Pane.build/Debug/Pane.build/Objects-normal/arm64/Pane.swiftmodule (in target 'Pane' from project 'Pane')
Native Pane test targets	Run PaneTests	2026-08-03T15:33:37.4916320Z     cd /Users/runner/work/Pane-Terminal/Pane-Terminal
Native Pane test targets	Run PaneTests	2026-08-03T15:33:37.5019830Z     builtin-copy -exclude .DS_Store -exclude CVS -exclude .svn -exclude .git -exclude .hg -strip-unsigned-binaries -strip-deterministic -strip-tool /Applications/Xcode_26.4.1.app/Contents/Developer/Toolchains/XcodeDefault.xctoolchain/usr/bin/strip -resolve-src-symlinks -rename /Users/runner/work/Pane-Terminal/Pane-Terminal/.ci/DerivedData/Build/Intermediates.noindex/Pane.build/Debug/Pane.build/Objects-normal/arm64/Pane.swiftmodule /Users/runner/work/Pane-Terminal/Pane-Terminal/.ci/DerivedData/Build/Products/Debug/Pane.swiftmodule/arm64-apple-macos.swiftmodule
Native Pane test targets	Run PaneTests	2026-08-03T15:33:37.5122180Z 
Native Pane test targets	Run PaneTests	2026-08-03T15:33:37.5223770Z Copy /Users/runner/work/Pane-Terminal/Pane-Terminal/.ci/DerivedData/Build/Products/Debug/Pane.swiftmodule/arm64-apple-macos.swiftdoc /Users/runner/work/Pane-Terminal/Pane-Terminal/.ci/DerivedData/Build/Intermediates.noindex/Pane.build/Debug/Pane.build/Objects-normal/arm64/Pane.swiftdoc (in target 'Pane' from project 'Pane')
Native Pane test targets	Run PaneTests	2026-08-03T15:33:37.5325870Z     cd /Users/runner/work/Pane-Terminal/Pane-Terminal
Native Pane test targets	Run PaneTests	2026-08-03T15:33:37.5432100Z     builtin-copy -exclude .DS_Store -exclude CVS -exclude .svn -exclude .git -exclude .hg -strip-unsigned-binaries -strip-deterministic -strip-tool /Applications/Xcode_26.4.1.app/Contents/Developer/Toolchains/XcodeDefault.xctoolchain/usr/bin/strip -resolve-src-symlinks -rename /Users/runner/work/Pane-Terminal/Pane-Terminal/.ci/DerivedData/Build/Intermediates.noindex/Pane.build/Debug/Pane.build/Objects-normal/arm64/Pane.swiftdoc /Users/runner/work/Pane-Terminal/Pane-Terminal/.ci/DerivedData/Build/Products/Debug/Pane.swiftmodule/arm64-apple-macos.swiftdoc
Native Pane test targets	Run PaneTests	2026-08-03T15:33:37.5534600Z 
Native Pane test targets	Run PaneTests	2026-08-03T15:33:37.5636280Z Copy /Users/runner/work/Pane-Terminal/Pane-Terminal/.ci/DerivedData/Build/Products/Debug/Pane.swiftmodule/arm64-apple-macos.abi.json /Users/runner/work/Pane-Terminal/Pane-Terminal/.ci/DerivedData/Build/Intermediates.noindex/Pane.build/Debug/Pane.build/Objects-normal/arm64/Pane.abi.json (in target 'Pane' from project 'Pane')
Native Pane test targets	Run PaneTests	2026-08-03T15:33:37.5735990Z     cd /Users/runner/work/Pane-Terminal/Pane-Terminal
Native Pane test targets	Run PaneTests	2026-08-03T15:33:37.5838700Z     builtin-copy -exclude .DS_Store -exclude CVS -exclude .svn -exclude .git -exclude .hg -strip-unsigned-binaries -strip-deterministic -strip-tool /Applications/Xcode_26.4.1.app/Contents/Developer/Toolchains/XcodeDefault.xctoolchain/usr/bin/strip -resolve-src-symlinks -rename /Users/runner/work/Pane-Terminal/Pane-Terminal/.ci/DerivedData/Build/Intermediates.noindex/Pane.build/Debug/Pane.build/Objects-normal/arm64/Pane.abi.json /Users/runner/work/Pane-Terminal/Pane-Terminal/.ci/DerivedData/Build/Products/Debug/Pane.swiftmodule/arm64-apple-macos.abi.json
Native Pane test targets	Run PaneTests	2026-08-03T15:33:37.5937240Z 
Native Pane test targets	Run PaneTests	2026-08-03T15:33:37.6039180Z Copy /Users/runner/work/Pane-Terminal/Pane-Terminal/.ci/DerivedData/Build/Products/Debug/Pane.swiftmodule/Project/arm64-apple-macos.swiftsourceinfo /Users/runner/work/Pane-Terminal/Pane-Terminal/.ci/DerivedData/Build/Intermediates.noindex/Pane.build/Debug/Pane.build/Objects-normal/arm64/Pane.swiftsourceinfo (in target 'Pane' from project 'Pane')
Native Pane test targets	Run PaneTests	2026-08-03T15:33:37.6139750Z     cd /Users/runner/work/Pane-Terminal/Pane-Terminal
Native Pane test targets	Run PaneTests	2026-08-03T15:33:37.6241710Z     builtin-copy -exclude .DS_Store -exclude CVS -exclude .svn -exclude .git -exclude .hg -strip-unsigned-binaries -strip-deterministic -strip-tool /Applications/Xcode_26.4.1.app/Contents/Developer/Toolchains/XcodeDefault.xctoolchain/usr/bin/strip -resolve-src-symlinks -rename /Users/runner/work/Pane-Terminal/Pane-Terminal/.ci/DerivedData/Build/Intermediates.noindex/Pane.build/Debug/Pane.build/Objects-normal/arm64/Pane.swiftsourceinfo /Users/runner/work/Pane-Terminal/Pane-Terminal/.ci/DerivedData/Build/Products/Debug/Pane.swiftmodule/Project/arm64-apple-macos.swiftsourceinfo
Native Pane test targets	Run PaneTests	2026-08-03T15:33:37.6340740Z 
Native Pane test targets	Run PaneTests	2026-08-03T15:33:37.6442310Z MkDir /Users/runner/work/Pane-Terminal/Pane-Terminal/.ci/DerivedData/Build/Intermediates.noindex/Pane.build/Debug/PaneTests.build/assetcatalog_output/unthinned (in target 'PaneTests' from project 'Pane')
Native Pane test targets	Run PaneTests	2026-08-03T15:33:37.6542380Z     cd /Users/runner/work/Pane-Terminal/Pane-Terminal
Native Pane test targets	Run PaneTests	2026-08-03T15:33:37.6643200Z     /bin/mkdir -p /Users/runner/work/Pane-Terminal/Pane-Terminal/.ci/DerivedData/Build/Intermediates.noindex/Pane.build/Debug/PaneTests.build/assetcatalog_output/unthinned
Native Pane test targets	Run PaneTests	2026-08-03T15:33:37.6743730Z 
Native Pane test targets	Run PaneTests	2026-08-03T15:33:37.6845260Z MkDir /Users/runner/work/Pane-Terminal/Pane-Terminal/.ci/DerivedData/Build/Intermediates.noindex/Pane.build/Debug/PaneTests.build/assetcatalog_output/thinned (in target 'PaneTests' from project 'Pane')
Native Pane test targets	Run PaneTests	2026-08-03T15:33:37.6945100Z     cd /Users/runner/work/Pane-Terminal/Pane-Terminal
Native Pane test targets	Run PaneTests	2026-08-03T15:33:37.7045920Z     /bin/mkdir -p /Users/runner/work/Pane-Terminal/Pane-Terminal/.ci/DerivedData/Build/Intermediates.noindex/Pane.build/Debug/PaneTests.build/assetcatalog_output/thinned
Native Pane test targets	Run PaneTests	2026-08-03T15:33:37.7145680Z 
Native Pane test targets	Run PaneTests	2026-08-03T15:33:37.7247030Z GenerateAssetSymbols /Users/runner/work/Pane-Terminal/Pane-Terminal/Pane/AppIcons.icon (in target 'PaneTests' from project 'Pane')
Native Pane test targets	Run PaneTests	2026-08-03T15:33:37.7348410Z     cd /Users/runner/work/Pane-Terminal/Pane-Terminal
Native Pane test targets	Run PaneTests	2026-08-03T15:33:37.7454220Z     /Applications/Xcode_26.4.1.app/Contents/Developer/usr/bin/actool /Users/runner/work/Pane-Terminal/Pane-Terminal/Pane/AppIcons.icon --compile /Users/runner/work/Pane-Terminal/Pane-Terminal/.ci/DerivedData/Build/Products/Debug/Pane.app/Contents/PlugIns/PaneTests.xctest/Contents/Resources --output-format human-readable-text --notices --warnings --export-dependency-info /Users/runner/work/Pane-Terminal/Pane-Terminal/.ci/DerivedData/Build/Intermediates.noindex/Pane.build/Debug/PaneTests.build/assetcatalog_dependencies --output-partial-info-plist /Users/runner/work/Pane-Terminal/Pane-Terminal/.ci/DerivedData/Build/Intermediates.noindex/Pane.build/Debug/PaneTests.build/assetcatalog_generated_info.plist --enable-on-demand-resources NO --development-region en --target-device mac --minimum-deployment-target 14.0 --platform macosx --bundle-identifier com.gilbertkrantz.PaneTests --generate-swift-asset-symbol-extensions NO --generate-swift-asset-symbols /Users/runner/work/Pane-Terminal/Pane-Terminal/.ci/DerivedData/Build/Intermediates.noindex/Pane.build/Debug/PaneTests.build/DerivedSources/GeneratedAssetSymbols.swift --generate-objc-asset-symbols /Users/runner/work/Pane-Terminal/Pane-Terminal/.ci/DerivedData/Build/Intermediates.noindex/Pane.build/Debug/PaneTests.build/DerivedSources/GeneratedAssetSymbols.h --generate-asset-symbol-index /Users/runner/work/Pane-Terminal/Pane-Terminal/.ci/DerivedData/Build/Intermediates.noindex/Pane.build/Debug/PaneTests.build/DerivedSources/GeneratedAssetSymbols-Index.plist
Native Pane test targets	Run PaneTests	2026-08-03T15:33:37.7563490Z /* com.apple.actool.compilation-results */
Native Pane test targets	Run PaneTests	2026-08-03T15:33:37.7664980Z /Users/runner/work/Pane-Terminal/Pane-Terminal/.ci/DerivedData/Build/Intermediates.noindex/Pane.build/Debug/PaneTests.build/DerivedSources/GeneratedAssetSymbols-Index.plist
Native Pane test targets	Run PaneTests	2026-08-03T15:33:37.7766760Z /Users/runner/work/Pane-Terminal/Pane-Terminal/.ci/DerivedData/Build/Intermediates.noindex/Pane.build/Debug/PaneTests.build/DerivedSources/GeneratedAssetSymbols.h
Native Pane test targets	Run PaneTests	2026-08-03T15:33:37.7868590Z /Users/runner/work/Pane-Terminal/Pane-Terminal/.ci/DerivedData/Build/Intermediates.noindex/Pane.build/Debug/PaneTests.build/DerivedSources/GeneratedAssetSymbols.swift
Native Pane test targets	Run PaneTests	2026-08-03T15:33:37.7970110Z 
Native Pane test targets	Run PaneTests	2026-08-03T15:33:37.8070620Z 
Native Pane test targets	Run PaneTests	2026-08-03T15:33:37.8172640Z CompileAssetCatalogVariant thinned /Users/runner/work/Pane-Terminal/Pane-Terminal/.ci/DerivedData/Build/Products/Debug/Pane.app/Contents/PlugIns/PaneTests.xctest/Contents/Resources /Users/runner/work/Pane-Terminal/Pane-Terminal/Pane/AppIcons.icon (in target 'PaneTests' from project 'Pane')
Native Pane test targets	Run PaneTests	2026-08-03T15:33:37.8274460Z     cd /Users/runner/work/Pane-Terminal/Pane-Terminal
Native Pane test targets	Run PaneTests	2026-08-03T15:33:37.8377920Z     /Applications/Xcode_26.4.1.app/Contents/Developer/usr/bin/actool /Users/runner/work/Pane-Terminal/Pane-Terminal/Pane/AppIcons.icon --compile /Users/runner/work/Pane-Terminal/Pane-Terminal/.ci/DerivedData/Build/Intermediates.noindex/Pane.build/Debug/PaneTests.build/assetcatalog_output/thinned --output-format human-readable-text --notices --warnings --export-dependency-info /Users/runner/work/Pane-Terminal/Pane-Terminal/.ci/DerivedData/Build/Intermediates.noindex/Pane.build/Debug/PaneTests.build/assetcatalog_dependencies_thinned --output-partial-info-plist /Users/runner/work/Pane-Terminal/Pane-Terminal/.ci/DerivedData/Build/Intermediates.noindex/Pane.build/Debug/PaneTests.build/assetcatalog_generated_info.plist_thinned --enable-on-demand-resources NO --development-region en --target-device mac --minimum-deployment-target 14.0 --platform macosx
Native Pane test targets	Run PaneTests	2026-08-03T15:33:37.8380790Z /* com.apple.actool.compilation-results */
Native Pane test targets	Run PaneTests	2026-08-03T15:33:37.8481970Z /Users/runner/work/Pane-Terminal/Pane-Terminal/.ci/DerivedData/Build/Intermediates.noindex/Pane.build/Debug/PaneTests.build/assetcatalog_generated_info.plist_thinned
Native Pane test targets	Run PaneTests	2026-08-03T15:33:37.8583760Z /Users/runner/work/Pane-Terminal/Pane-Terminal/.ci/DerivedData/Build/Intermediates.noindex/Pane.build/Debug/PaneTests.build/assetcatalog_output/thinned/Assets.car
Native Pane test targets	Run PaneTests	2026-08-03T15:33:37.8684710Z 
Native Pane test targets	Run PaneTests	2026-08-03T15:33:37.8785560Z 
Native Pane test targets	Run PaneTests	2026-08-03T15:33:37.8888670Z SwiftDriverJobDiscovery normal arm64 Compiling PaneApp.swift, CompletionService.swift, LocalAutocompleteProvider.swift, ExecutableIndex.swift, CompletionRanker.swift, ProjectContextProvider.swift, BehavioralCompletion.swift, CompletionPipeline.swift, CompletionSourceMapping.swift, FocusCoordinator.swift, PTYGenerationGate.swift, PTYController.swift, BlockLifecycleController.swift, BoundedOutputCompactor.swift, BlockSearchIndex.swift, TerminalInteractionController.swift, ScrollbackPolicy.swift, InputMode.swift, CommandHistory.swift, CommandSerializer.swift (in target 'Pane' from project 'Pane')
Native Pane test targets	Run PaneTests	2026-08-03T15:33:37.8991140Z 
Native Pane test targets	Run PaneTests	2026-08-03T15:33:37.9092190Z SwiftDriver PaneTests normal arm64 com.apple.xcode.tools.swift.compiler (in target 'PaneTests' from project 'Pane')
Native Pane test targets	Run PaneTests	2026-08-03T15:33:37.9193700Z     cd /Users/runner/work/Pane-Terminal/Pane-Terminal
Native Pane test targets	Run PaneTests	2026-08-03T15:33:37.9310850Z     builtin-SwiftDriver -- /Applications/Xcode_26.4.1.app/Contents/Developer/Toolchains/XcodeDefault.xctoolchain/usr/bin/swiftc -module-name PaneTests -Onone @/Users/runner/work/Pane-Terminal/Pane-Terminal/.ci/DerivedData/Build/Intermediates.noindex/Pane.build/Debug/PaneTests.build/Objects-normal/arm64/PaneTests.SwiftFileList -DDEBUG -plugin-path /Applications/Xcode_26.4.1.app/Contents/Developer/Toolchains/XcodeDefault.xctoolchain/usr/lib/swift/host/plugins/testing -enable-bare-slash-regex -enable-experimental-feature DebugDescriptionMacro -sdk /Applications/Xcode_26.4.1.app/Contents/Developer/Platforms/MacOSX.platform/Developer/SDKs/MacOSX26.4.sdk -target arm64-apple-macos14.0 -g -module-cache-path /Users/runner/work/Pane-Terminal/Pane-Terminal/.ci/DerivedData/ModuleCache.noindex -Xfrontend -serialize-debugging-options -enable-testing -index-store-path /Users/runner/work/Pane-Terminal/Pane-Terminal/.ci/DerivedData/Index.noindex/DataStore -swift-version 5 -I /Users/runner/work/Pane-Terminal/Pane-Terminal/.ci/DerivedData/Build/Products/Debug -Isystem /Applications/Xcode_26.4.1.app/Contents/Developer/Platforms/MacOSX.platform/Developer/usr/lib -F /Users/runner/work/Pane-Terminal/Pane-Terminal/.ci/DerivedData/Build/Products/Debug/PackageFrameworks -F /Users/runner/work/Pane-Terminal/Pane-Terminal/.ci/DerivedData/Build/Products/Debug -F /Applications/Xcode_26.4.1.app/Contents/Developer/Platforms/MacOSX.platform/Developer/Library/Frameworks -c -j3 -enable-batch-mode -incremental -Xcc -ivfsstatcache -Xcc /Users/runner/work/Pane-Terminal/Pane-Terminal/.ci/DerivedData/SDKStatCaches.noindex/macosx26.4-25E251-688ef53f1462e2c8f657fdc38a81448f5f67018755ecaf50f85fcd527f9620fa.sdkstatcache -output-file-map /Users/runner/work/Pane-Terminal/Pane-Terminal/.ci/DerivedData/Build/Intermediates.noindex/Pane.build/Debug/PaneTests.build/Objects-normal/arm64/PaneTests-OutputFileMap.json -use-frontend-parseable-output -save-temps -no-color-diagnostics -explicit-module-build -module-cache-path /Users/runner/work/Pane-Terminal/Pane-Terminal/.ci/DerivedData/Build/Intermediates.noindex/SwiftExplicitPrecompiledModules -clang-scanner-module-cache-path /Users/runner/work/Pane-Terminal/Pane-Terminal/.ci/DerivedData/ModuleCache.noindex -sdk-module-cache-path /Users/runner/work/Pane-Terminal/Pane-Terminal/.ci/DerivedData/ModuleCache.noindex -serialize-diagnostics -emit-dependencies -emit-module -emit-module-path /Users/runner/work/Pane-Terminal/Pane-Terminal/.ci/DerivedData/Build/Intermediates.noindex/Pane.build/Debug/PaneTests.build/Objects-normal/arm64/PaneTests.swiftmodule -validate-clang-modules-once -clang-build-session-file /Users/runner/work/Pane-Terminal/Pane-Terminal/.ci/DerivedData/ModuleCache.noindex/Session.modulevalidation -Xcc -I/Users/runner/work/Pane-Terminal/Pane-Terminal/.ci/DerivedData/Build/Intermediates.noindex/Pane.build/Debug/PaneTests.build/swift-overrides.hmap -emit-const-values -Xfrontend -const-gather-protocols-file -Xfrontend /Users/runner/work/Pane-Terminal/Pane-Terminal/.ci/DerivedData/Build/Intermediates.noindex/Pane.build/Debug/PaneTests.build/Objects-normal/arm64/PaneTests_const_extract_protocols.json -Xcc -iquote -Xcc /Users/runner/work/Pane-Terminal/Pane-Terminal/.ci/DerivedData/Build/Intermediates.noindex/Pane.build/Debug/PaneTests.build/PaneTests-generated-files.hmap -Xcc -I/Users/runner/work/Pane-Terminal/Pane-Terminal/.ci/DerivedData/Build/Intermediates.noindex/Pane.build/Debug/PaneTests.build/PaneTests-own-target-headers.hmap -Xcc -I/Users/runner/work/Pane-Terminal/Pane-Terminal/.ci/DerivedData/Build/Intermediates.noindex/Pane.build/Debug/PaneTests.build/PaneTests-all-non-framework-target-headers.hmap -Xcc -ivfsoverlay -Xcc /Users/runner/work/Pane-Terminal/Pane-Terminal/.ci/DerivedData/Build/Intermediates.noindex/Pane.build/Debug/Pane-856c1189ea33eb216496ff32a51b54ce-VFS/all-product-headers.yaml -Xcc -iquote -Xcc /Users/runner/work/Pane-Terminal/Pane-Terminal/.ci/DerivedData/Build/Intermediates.noindex/Pane.build/Debug/PaneTests.build/PaneTests-project-headers.hmap -Xcc -I/Users/runner/work/Pane-Terminal/Pane-Terminal/.ci/DerivedData/Build/Products/Debug/include -Xcc -I/Users/runner/work/Pane-Terminal/Pane-Terminal/.ci/DerivedData/Build/Intermediates.noindex/Pane.build/Debug/PaneTests.build/DerivedSources-normal/arm64 -Xcc -I/Users/runner/work/Pane-Terminal/Pane-Terminal/.ci/DerivedData/Build/Intermediates.noindex/Pane.build/Debug/PaneTests.build/DerivedSources/arm64 -Xcc -I/Users/runner/work/Pane-Terminal/Pane-Terminal/.ci/DerivedData/Build/Intermediates.noindex/Pane.build/Debug/PaneTests.build/DerivedSources -emit-objc-header -emit-objc-header-path /Users/runner/work/Pane-Terminal/Pane-Terminal/.ci/DerivedData/Build/Intermediates.noindex/Pane.build/Debug/PaneTests.build/Objects-normal/arm64/PaneTests-Swift.h -working-directory /Users/runner/work/Pane-Terminal/Pane-Terminal -experimental-emit-module-separately -disable-cmo
Native Pane test targets	Run PaneTests	2026-08-03T15:33:37.9428510Z 
Native Pane test targets	Run PaneTests	2026-08-03T15:33:37.9530620Z SwiftExplicitDependencyCompileModuleFromInterface arm64 /Users/runner/work/Pane-Terminal/Pane-Terminal/.ci/DerivedData/Build/Intermediates.noindex/SwiftExplicitPrecompiledModules/Testing-2REOCQ9G3ECSF.swiftmodule
Native Pane test targets	Run PaneTests	2026-08-03T15:33:37.9631920Z 
Native Pane test targets	Run PaneTests	2026-08-03T15:33:37.9748950Z SwiftDriver PaneCompatibilityTests normal arm64 com.apple.xcode.tools.swift.compiler (in target 'PaneCompatibilityTests' from project 'Pane')
Native Pane test targets	Run PaneTests	2026-08-03T15:33:37.9850730Z     cd /Users/runner/work/Pane-Terminal/Pane-Terminal
Native Pane test targets	Run PaneTests	2026-08-03T15:33:37.9970300Z     builtin-SwiftDriver -- /Applications/Xcode_26.4.1.app/Contents/Developer/Toolchains/XcodeDefault.xctoolchain/usr/bin/swiftc -module-name PaneCompatibilityTests -Onone @/Users/runner/work/Pane-Terminal/Pane-Terminal/.ci/DerivedData/Build/Intermediates.noindex/Pane.build/Debug/PaneCompatibilityTests.build/Objects-normal/arm64/PaneCompatibilityTests.SwiftFileList -DDEBUG -plugin-path /Applications/Xcode_26.4.1.app/Contents/Developer/Toolchains/XcodeDefault.xctoolchain/usr/lib/swift/host/plugins/testing -enable-bare-slash-regex -enable-experimental-feature DebugDescriptionMacro -sdk /Applications/Xcode_26.4.1.app/Contents/Developer/Platforms/MacOSX.platform/Developer/SDKs/MacOSX26.4.sdk -target arm64-apple-macos14.0 -g -module-cache-path /Users/runner/work/Pane-Terminal/Pane-Terminal/.ci/DerivedData/ModuleCache.noindex -Xfrontend -serialize-debugging-options -enable-testing -index-store-path /Users/runner/work/Pane-Terminal/Pane-Terminal/.ci/DerivedData/Index.noindex/DataStore -swift-version 5 -I /Users/runner/work/Pane-Terminal/Pane-Terminal/.ci/DerivedData/Build/Products/Debug -Isystem /Applications/Xcode_26.4.1.app/Contents/Developer/Platforms/MacOSX.platform/Developer/usr/lib -F /Users/runner/work/Pane-Terminal/Pane-Terminal/.ci/DerivedData/Build/Products/Debug/PackageFrameworks -F /Users/runner/work/Pane-Terminal/Pane-Terminal/.ci/DerivedData/Build/Products/Debug -F /Applications/Xcode_26.4.1.app/Contents/Developer/Platforms/MacOSX.platform/Developer/Library/Frameworks -c -j3 -enable-batch-mode -incremental -Xcc -ivfsstatcache -Xcc /Users/runner/work/Pane-Terminal/Pane-Terminal/.ci/DerivedData/SDKStatCaches.noindex/macosx26.4-25E251-688ef53f1462e2c8f657fdc38a81448f5f67018755ecaf50f85fcd527f9620fa.sdkstatcache -output-file-map /Users/runner/work/Pane-Terminal/Pane-Terminal/.ci/DerivedData/Build/Intermediates.noindex/Pane.build/Debug/PaneCompatibilityTests.build/Objects-normal/arm64/PaneCompatibilityTests-OutputFileMap.json -use-frontend-parseable-output -save-temps -no-color-diagnostics -explicit-module-build -module-cache-path /Users/runner/work/Pane-Terminal/Pane-Terminal/.ci/DerivedData/Build/Intermediates.noindex/SwiftExplicitPrecompiledModules -clang-scanner-module-cache-path /Users/runner/work/Pane-Terminal/Pane-Terminal/.ci/DerivedData/ModuleCache.noindex -sdk-module-cache-path /Users/runner/work/Pane-Terminal/Pane-Terminal/.ci/DerivedData/ModuleCache.noindex -serialize-diagnostics -emit-dependencies -emit-module -emit-module-path /Users/runner/work/Pane-Terminal/Pane-Terminal/.ci/DerivedData/Build/Intermediates.noindex/Pane.build/Debug/PaneCompatibilityTests.build/Objects-normal/arm64/PaneCompatibilityTests.swiftmodule -validate-clang-modules-once -clang-build-session-file /Users/runner/work/Pane-Terminal/Pane-Terminal/.ci/DerivedData/ModuleCache.noindex/Session.modulevalidation -Xcc -I/Users/runner/work/Pane-Terminal/Pane-Terminal/.ci/DerivedData/Build/Intermediates.noindex/Pane.build/Debug/PaneCompatibilityTests.build/swift-overrides.hmap -emit-const-values -Xfrontend -const-gather-protocols-file -Xfrontend /Users/runner/work/Pane-Terminal/Pane-Terminal/.ci/DerivedData/Build/Intermediates.noindex/Pane.build/Debug/PaneCompatibilityTests.build/Objects-normal/arm64/PaneCompatibilityTests_const_extract_protocols.json -Xcc -iquote -Xcc /Users/runner/work/Pane-Terminal/Pane-Terminal/.ci/DerivedData/Build/Intermediates.noindex/Pane.build/Debug/PaneCompatibilityTests.build/PaneCompatibilityTests-generated-files.hmap -Xcc -I/Users/runner/work/Pane-Terminal/Pane-Terminal/.ci/DerivedData/Build/Intermediates.noindex/Pane.build/Debug/PaneCompatibilityTests.build/PaneCompatibilityTests-own-target-headers.hmap -Xcc -I/Users/runner/work/Pane-Terminal/Pane-Terminal/.ci/DerivedData/Build/Intermediates.noindex/Pane.build/Debug/PaneCompatibilityTests.build/PaneCompatibilityTests-all-non-framework-target-headers.hmap -Xcc -ivfsoverlay -Xcc /Users/runner/work/Pane-Terminal/Pane-Terminal/.ci/DerivedData/Build/Intermediates.noindex/Pane.build/Debug/Pane-856c1189ea33eb216496ff32a51b54ce-VFS/all-product-headers.yaml -Xcc -iquote -Xcc /Users/runner/work/Pane-Terminal/Pane-Terminal/.ci/DerivedData/Build/Intermediates.noindex/Pane.build/Debug/PaneCompatibilityTests.build/PaneCompatibilityTests-project-headers.hmap -Xcc -I/Users/runner/work/Pane-Terminal/Pane-Terminal/.ci/DerivedData/Build/Products/Debug/include -Xcc -I/Users/runner/work/Pane-Terminal/Pane-Terminal/.ci/DerivedData/Build/Intermediates.noindex/Pane.build/Debug/PaneCompatibilityTests.build/DerivedSources-normal/arm64 -Xcc -I/Users/runner/work/Pane-Terminal/Pane-Terminal/.ci/DerivedData/Build/Intermediates.noindex/Pane.build/Debug/PaneCompatibilityTests.build/DerivedSources/arm64 -Xcc -I/Users/runner/work/Pane-Terminal/Pane-Terminal/.ci/DerivedData/Build/Intermediates.noindex/Pane.build/Debug/PaneCompatibilityTests.build/DerivedSources -emit-objc-header -emit-objc-header-path /Users/runner/work/Pane-Terminal/Pane-Terminal/.ci/DerivedData/Build/Intermediates.noindex/Pane.build/Debug/PaneCompatibilityTests.build/Objects-normal/arm64/PaneCompatibilityTests-Swift.h -working-directory /Users/runner/work/Pane-Terminal/Pane-Terminal -experimental-emit-module-separately -disable-cmo
Native Pane test targets	Run PaneTests	2026-08-03T15:33:37.9989870Z 
Native Pane test targets	Run PaneTests	2026-08-03T15:33:38.0091510Z SwiftExplicitDependencyCompileModuleFromInterface arm64 /Users/runner/work/Pane-Terminal/Pane-Terminal/.ci/DerivedData/Build/Intermediates.noindex/SwiftExplicitPrecompiledModules/_Testing_Foundation-3U5L1JOTFJ8ER.swiftmodule
Native Pane test targets	Run PaneTests	2026-08-03T15:33:38.0194060Z 
Native Pane test targets	Run PaneTests	2026-08-03T15:33:38.0296040Z SwiftExplicitDependencyCompileModuleFromInterface arm64 /Users/runner/work/Pane-Terminal/Pane-Terminal/.ci/DerivedData/Build/Intermediates.noindex/SwiftExplicitPrecompiledModules/_Testing_CoreGraphics-272KQ6A1EMG1U.swiftmodule
Native Pane test targets	Run PaneTests	2026-08-03T15:33:38.0398320Z 
Native Pane test targets	Run PaneTests	2026-08-03T15:33:38.0500110Z SwiftExplicitDependencyGeneratePcm arm64 /Users/runner/work/Pane-Terminal/Pane-Terminal/.ci/DerivedData/Build/Intermediates.noindex/SwiftExplicitPrecompiledModules/XCUIAutomation-CC8Q8EJNUJ81TDTRCEHY14TXF.pcm
Native Pane test targets	Run PaneTests	2026-08-03T15:33:38.0601850Z 
Native Pane test targets	Run PaneTests	2026-08-03T15:33:38.0717550Z LinkAssetCatalog /Users/runner/work/Pane-Terminal/Pane-Terminal/Pane/AppIcons.icon (in target 'PaneTests' from project 'Pane')
Native Pane test targets	Run PaneTests	2026-08-03T15:33:38.0823810Z     cd /Users/runner/work/Pane-Terminal/Pane-Terminal
Native Pane test targets	Run PaneTests	2026-08-03T15:33:38.0930000Z     builtin-linkAssetCatalog --thinned /Users/runner/work/Pane-Terminal/Pane-Terminal/.ci/DerivedData/Build/Intermediates.noindex/Pane.build/Debug/PaneTests.build/assetcatalog_output/thinned --thinned-dependencies /Users/runner/work/Pane-Terminal/Pane-Terminal/.ci/DerivedData/Build/Intermediates.noindex/Pane.build/Debug/PaneTests.build/assetcatalog_dependencies_thinned --thinned-info-plist-content /Users/runner/work/Pane-Terminal/Pane-Terminal/.ci/DerivedData/Build/Intermediates.noindex/Pane.build/Debug/PaneTests.build/assetcatalog_generated_info.plist_thinned --unthinned /Users/runner/work/Pane-Terminal/Pane-Terminal/.ci/DerivedData/Build/Intermediates.noindex/Pane.build/Debug/PaneTests.build/assetcatalog_output/unthinned --unthinned-dependencies /Users/runner/work/Pane-Terminal/Pane-Terminal/.ci/DerivedData/Build/Intermediates.noindex/Pane.build/Debug/PaneTests.build/assetcatalog_dependencies_unthinned --unthinned-info-plist-content /Users/runner/work/Pane-Terminal/Pane-Terminal/.ci/DerivedData/Build/Intermediates.noindex/Pane.build/Debug/PaneTests.build/assetcatalog_generated_info.plist_unthinned --output /Users/runner/work/Pane-Terminal/Pane-Terminal/.ci/DerivedData/Build/Products/Debug/Pane.app/Contents/PlugIns/PaneTests.xctest/Contents/Resources --plist-output /Users/runner/work/Pane-Terminal/Pane-Terminal/.ci/DerivedData/Build/Intermediates.noindex/Pane.build/Debug/PaneTests.build/assetcatalog_generated_info.plist
Native Pane test targets	Run PaneTests	2026-08-03T15:33:38.1035740Z note: Emplaced /Users/runner/work/Pane-Terminal/Pane-Terminal/.ci/DerivedData/Build/Products/Debug/Pane.app/Contents/PlugIns/PaneTests.xctest/Contents/Resources/Assets.car (in target 'PaneTests' from project 'Pane')
Native Pane test targets	Run PaneTests	2026-08-03T15:33:38.1137480Z 
Native Pane test targets	Run PaneTests	2026-08-03T15:33:38.1244770Z SwiftExplicitDependencyCompileModuleFromInterface arm64 /Users/runner/work/Pane-Terminal/Pane-Terminal/.ci/DerivedData/Build/Intermediates.noindex/SwiftExplicitPrecompiledModules/_Testing_AppKit-2ZDRRIYNI3L0M.swiftmodule
Native Pane test targets	Run PaneTests	2026-08-03T15:33:38.1349050Z 
Native Pane test targets	Run PaneTests	2026-08-03T15:33:38.1465580Z SwiftExplicitDependencyGeneratePcm arm64 /Users/runner/work/Pane-Terminal/Pane-Terminal/.ci/DerivedData/Build/Intermediates.noindex/SwiftExplicitPrecompiledModules/XCTest-14SMLHZJQC3P4Z7EW9FNXLAXR.pcm
Native Pane test targets	Run PaneTests	2026-08-03T15:33:38.1592400Z 
Native Pane test targets	Run PaneTests	2026-08-03T15:33:38.1839330Z SwiftExplicitDependencyCompileModuleFromInterface arm64 /Users/runner/work/Pane-Terminal/Pane-Terminal/.ci/DerivedData/Build/Intermediates.noindex/SwiftExplicitPrecompiledModules/XCUIAutomation-3GPKKAQRSJA7X.swiftmodule
Native Pane test targets	Run PaneTests	2026-08-03T15:33:38.1840160Z 
Native Pane test targets	Run PaneTests	2026-08-03T15:33:38.1948690Z SwiftExplicitDependencyCompileModuleFromInterface arm64 /Users/runner/work/Pane-Terminal/Pane-Terminal/.ci/DerivedData/Build/Intermediates.noindex/SwiftExplicitPrecompiledModules/XCTest-1RILVZ206249N.swiftmodule
Native Pane test targets	Run PaneTests	2026-08-03T15:33:38.2052340Z 
Native Pane test targets	Run PaneTests	2026-08-03T15:33:38.2155620Z SwiftEmitModule normal arm64 Emitting\ module\ for\ PaneTests (in target 'PaneTests' from project 'Pane')
Native Pane test targets	Run PaneTests	2026-08-03T15:33:38.2256430Z 
Native Pane test targets	Run PaneTests	2026-08-03T15:33:38.2357200Z EmitSwiftModule normal arm64 (in target 'PaneTests' from project 'Pane')
Native Pane test targets	Run PaneTests	2026-08-03T15:33:38.2458140Z     cd /Users/runner/work/Pane-Terminal/Pane-Terminal
Native Pane test targets	Run PaneTests	2026-08-03T15:33:38.2559090Z     
Native Pane test targets	Run PaneTests	2026-08-03T15:33:38.2659730Z 
Native Pane test targets	Run PaneTests	2026-08-03T15:33:38.2760850Z SwiftEmitModule normal arm64 Emitting\ module\ for\ PaneCompatibilityTests (in target 'PaneCompatibilityTests' from project 'Pane')
Native Pane test targets	Run PaneTests	2026-08-03T15:33:38.2861700Z 
Native Pane test targets	Run PaneTests	2026-08-03T15:33:38.2962520Z EmitSwiftModule normal arm64 (in target 'PaneCompatibilityTests' from project 'Pane')
Native Pane test targets	Run PaneTests	2026-08-03T15:33:38.3063620Z     cd /Users/runner/work/Pane-Terminal/Pane-Terminal
Native Pane test targets	Run PaneTests	2026-08-03T15:33:38.3165280Z     
Native Pane test targets	Run PaneTests	2026-08-03T15:33:38.3266400Z 
Native Pane test targets	Run PaneTests	2026-08-03T15:33:38.3371600Z SwiftCompile normal arm64 Compiling\ TerminalWorkspaceControllerTests.swift,\ CommandHistoryTests.swift,\ InputModeTests.swift,\ CommandSerializerTests.swift,\ ShellConfigurationTests.swift,\ TerminalSessionIntegrationTests.swift,\ TerminalSessionHardeningTests.swift,\ BlockOutputSanitizerTests.swift,\ BlockStreamParserTests.swift,\ CommandBlockTimelineTests.swift,\ AlternateScreenTranscriptFilterTests.swift /Users/runner/work/Pane-Terminal/Pane-Terminal/Tests/PaneTests/TerminalWorkspaceControllerTests.swift /Users/runner/work/Pane-Terminal/Pane-Terminal/Tests/PaneTests/CommandHistoryTests.swift /Users/runner/work/Pane-Terminal/Pane-Terminal/Tests/PaneTests/InputModeTests.swift /Users/runner/work/Pane-Terminal/Pane-Terminal/Tests/PaneTests/CommandSerializerTests.swift /Users/runner/work/Pane-Terminal/Pane-Terminal/Tests/PaneTests/ShellConfigurationTests.swift /Users/runner/work/Pane-Terminal/Pane-Terminal/Tests/PaneTests/TerminalSessionIntegrationTests.swift /Users/runner/work/Pane-Terminal/Pane-Terminal/Tests/PaneTests/TerminalSessionHardeningTests.swift /Users/runner/work/Pane-Terminal/Pane-Terminal/Tests/PaneTests/BlockOutputSanitizerTests.swift /Users/runner/work/Pane-Terminal/Pane-Terminal/Tests/PaneTests/BlockStreamParserTests.swift /Users/runner/work/Pane-Terminal/Pane-Terminal/Tests/PaneTests/CommandBlockTimelineTests.swift /Users/runner/work/Pane-Terminal/Pane-Terminal/Tests/PaneTests/AlternateScreenTranscriptFilterTests.swift (in target 'PaneTests' from project 'Pane')
Native Pane test targets	Run PaneTests	2026-08-03T15:33:38.3477580Z SwiftCompile normal arm64 /Users/runner/work/Pane-Terminal/Pane-Terminal/Tests/PaneTests/TerminalWorkspaceControllerTests.swift (in target 'PaneTests' from project 'Pane')
Native Pane test targets	Run PaneTests	2026-08-03T15:33:38.3599100Z     cd /Users/runner/work/Pane-Terminal/Pane-Terminal
Native Pane test targets	Run PaneTests	2026-08-03T15:33:38.3701510Z     
Native Pane test targets	Run PaneTests	2026-08-03T15:33:38.3802080Z 
Native Pane test targets	Run PaneTests	2026-08-03T15:33:38.3903230Z SwiftCompile normal arm64 /Users/runner/work/Pane-Terminal/Pane-Terminal/Tests/PaneTests/CommandHistoryTests.swift (in target 'PaneTests' from project 'Pane')
Native Pane test targets	Run PaneTests	2026-08-03T15:33:38.4005100Z     cd /Users/runner/work/Pane-Terminal/Pane-Terminal
Native Pane test targets	Run PaneTests	2026-08-03T15:33:38.4112580Z     
Native Pane test targets	Run PaneTests	2026-08-03T15:33:38.4261250Z 
Native Pane test targets	Run PaneTests	2026-08-03T15:33:38.4365900Z SwiftCompile normal arm64 /Users/runner/work/Pane-Terminal/Pane-Terminal/Tests/PaneTests/InputModeTests.swift (in target 'PaneTests' from project 'Pane')
Native Pane test targets	Run PaneTests	2026-08-03T15:33:38.4470190Z     cd /Users/runner/work/Pane-Terminal/Pane-Terminal
Native Pane test targets	Run PaneTests	2026-08-03T15:33:38.4571360Z     
Native Pane test targets	Run PaneTests	2026-08-03T15:33:38.4672020Z 
Native Pane test targets	Run PaneTests	2026-08-03T15:33:38.4776370Z SwiftCompile normal arm64 /Users/runner/work/Pane-Terminal/Pane-Terminal/Tests/PaneTests/CommandSerializerTests.swift (in target 'PaneTests' from project 'Pane')
Native Pane test targets	Run PaneTests	2026-08-03T15:33:38.4853350Z     cd /Users/runner/work/Pane-Terminal/Pane-Terminal
Native Pane test targets	Run PaneTests	2026-08-03T15:33:38.4954760Z     
Native Pane test targets	Run PaneTests	2026-08-03T15:33:38.5056010Z 
Native Pane test targets	Run PaneTests	2026-08-03T15:33:38.5159470Z SwiftCompile normal arm64 /Users/runner/work/Pane-Terminal/Pane-Terminal/Tests/PaneTests/ShellConfigurationTests.swift (in target 'PaneTests' from project 'Pane')
Native Pane test targets	Run PaneTests	2026-08-03T15:33:38.5262070Z     cd /Users/runner/work/Pane-Terminal/Pane-Terminal
Native Pane test targets	Run PaneTests	2026-08-03T15:33:38.5364100Z     
Native Pane test targets	Run PaneTests	2026-08-03T15:33:38.5466840Z 
Native Pane test targets	Run PaneTests	2026-08-03T15:33:38.5569900Z SwiftCompile normal arm64 /Users/runner/work/Pane-Terminal/Pane-Terminal/Tests/PaneTests/TerminalSessionIntegrationTests.swift (in target 'PaneTests' from project 'Pane')
Native Pane test targets	Run PaneTests	2026-08-03T15:33:38.5680060Z     cd /Users/runner/work/Pane-Terminal/Pane-Terminal
Native Pane test targets	Run PaneTests	2026-08-03T15:33:38.5781220Z     
Native Pane test targets	Run PaneTests	2026-08-03T15:33:38.5881910Z 
Native Pane test targets	Run PaneTests	2026-08-03T15:33:38.5983350Z SwiftCompile normal arm64 /Users/runner/work/Pane-Terminal/Pane-Terminal/Tests/PaneTests/TerminalSessionHardeningTests.swift (in target 'PaneTests' from project 'Pane')
Native Pane test targets	Run PaneTests	2026-08-03T15:33:38.6087650Z     cd /Users/runner/work/Pane-Terminal/Pane-Terminal
Native Pane test targets	Run PaneTests	2026-08-03T15:33:38.6189780Z     
Native Pane test targets	Run PaneTests	2026-08-03T15:33:38.6293840Z 
Native Pane test targets	Run PaneTests	2026-08-03T15:33:38.6398280Z SwiftCompile normal arm64 /Users/runner/work/Pane-Terminal/Pane-Terminal/Tests/PaneTests/BlockOutputSanitizerTests.swift (in target 'PaneTests' from project 'Pane')
Native Pane test targets	Run PaneTests	2026-08-03T15:33:38.6504160Z     cd /Users/runner/work/Pane-Terminal/Pane-Terminal
Native Pane test targets	Run PaneTests	2026-08-03T15:33:38.6605450Z     
Native Pane test targets	Run PaneTests	2026-08-03T15:33:38.6707020Z 
Native Pane test targets	Run PaneTests	2026-08-03T15:33:38.6809260Z SwiftCompile normal arm64 /Users/runner/work/Pane-Terminal/Pane-Terminal/Tests/PaneTests/BlockStreamParserTests.swift (in target 'PaneTests' from project 'Pane')
Native Pane test targets	Run PaneTests	2026-08-03T15:33:38.6910870Z     cd /Users/runner/work/Pane-Terminal/Pane-Terminal
Native Pane test targets	Run PaneTests	2026-08-03T15:33:38.7012180Z     
Native Pane test targets	Run PaneTests	2026-08-03T15:33:38.7113140Z 
Native Pane test targets	Run PaneTests	2026-08-03T15:33:38.7214500Z SwiftCompile normal arm64 /Users/runner/work/Pane-Terminal/Pane-Terminal/Tests/PaneTests/CommandBlockTimelineTests.swift (in target 'PaneTests' from project 'Pane')
Native Pane test targets	Run PaneTests	2026-08-03T15:33:38.7316390Z     cd /Users/runner/work/Pane-Terminal/Pane-Terminal
Native Pane test targets	Run PaneTests	2026-08-03T15:33:38.7425120Z     
Native Pane test targets	Run PaneTests	2026-08-03T15:33:38.7526480Z 
Native Pane test targets	Run PaneTests	2026-08-03T15:33:38.7632900Z SwiftCompile normal arm64 /Users/runner/work/Pane-Terminal/Pane-Terminal/Tests/PaneTests/AlternateScreenTranscriptFilterTests.swift (in target 'PaneTests' from project 'Pane')
Native Pane test targets	Run PaneTests	2026-08-03T15:33:38.7733280Z     cd /Users/runner/work/Pane-Terminal/Pane-Terminal
Native Pane test targets	Run PaneTests	2026-08-03T15:33:38.7837210Z     
Native Pane test targets	Run PaneTests	2026-08-03T15:33:38.7948030Z 
Native Pane test targets	Run PaneTests	2026-08-03T15:33:38.8049880Z SwiftDriverJobDiscovery normal arm64 Emitting module for PaneCompatibilityTests (in target 'PaneCompatibilityTests' from project 'Pane')
Native Pane test targets	Run PaneTests	2026-08-03T15:33:38.8151220Z 
Native Pane test targets	Run PaneTests	2026-08-03T15:33:38.8252440Z SwiftDriver\ Compilation\ Requirements PaneCompatibilityTests normal arm64 com.apple.xcode.tools.swift.compiler (in target 'PaneCompatibilityTests' from project 'Pane')
Native Pane test targets	Run PaneTests	2026-08-03T15:33:38.8354130Z     cd /Users/runner/work/Pane-Terminal/Pane-Terminal
Native Pane test targets	Run PaneTests	2026-08-03T15:33:38.8488930Z     builtin-Swift-Compilation-Requirements -- /Applications/Xcode_26.4.1.app/Contents/Developer/Toolchains/XcodeDefault.xctoolchain/usr/bin/swiftc -module-name PaneCompatibilityTests -Onone @/Users/runner/work/Pane-Terminal/Pane-Terminal/.ci/DerivedData/Build/Intermediates.noindex/Pane.build/Debug/PaneCompatibilityTests.build/Objects-normal/arm64/PaneCompatibilityTests.SwiftFileList -DDEBUG -plugin-path /Applications/Xcode_26.4.1.app/Contents/Developer/Toolchains/XcodeDefault.xctoolchain/usr/lib/swift/host/plugins/testing -enable-bare-slash-regex -enable-experimental-feature DebugDescriptionMacro -sdk /Applications/Xcode_26.4.1.app/Contents/Developer/Platforms/MacOSX.platform/Developer/SDKs/MacOSX26.4.sdk -target arm64-apple-macos14.0 -g -module-cache-path /Users/runner/work/Pane-Terminal/Pane-Terminal/.ci/DerivedData/ModuleCache.noindex -Xfrontend -serialize-debugging-options -enable-testing -index-store-path /Users/runner/work/Pane-Terminal/Pane-Terminal/.ci/DerivedData/Index.noindex/DataStore -swift-version 5 -I /Users/runner/work/Pane-Terminal/Pane-Terminal/.ci/DerivedData/Build/Products/Debug -Isystem /Applications/Xcode_26.4.1.app/Contents/Developer/Platforms/MacOSX.platform/Developer/usr/lib -F /Users/runner/work/Pane-Terminal/Pane-Terminal/.ci/DerivedData/Build/Products/Debug/PackageFrameworks -F /Users/runner/work/Pane-Terminal/Pane-Terminal/.ci/DerivedData/Build/Products/Debug -F /Applications/Xcode_26.4.1.app/Contents/Developer/Platforms/MacOSX.platform/Developer/Library/Frameworks -c -j3 -enable-batch-mode -incremental -Xcc -ivfsstatcache -Xcc /Users/runner/work/Pane-Terminal/Pane-Terminal/.ci/DerivedData/SDKStatCaches.noindex/macosx26.4-25E251-688ef53f1462e2c8f657fdc38a81448f5f67018755ecaf50f85fcd527f9620fa.sdkstatcache -output-file-map /Users/runner/work/Pane-Terminal/Pane-Terminal/.ci/DerivedData/Build/Intermediates.noindex/Pane.build/Debug/PaneCompatibilityTests.build/Objects-normal/arm64/PaneCompatibilityTests-OutputFileMap.json -use-frontend-parseable-output -save-temps -no-color-diagnostics -explicit-module-build -module-cache-path /Users/runner/work/Pane-Terminal/Pane-Terminal/.ci/DerivedData/Build/Intermediates.noindex/SwiftExplicitPrecompiledModules -clang-scanner-module-cache-path /Users/runner/work/Pane-Terminal/Pane-Terminal/.ci/DerivedData/ModuleCache.noindex -sdk-module-cache-path /Users/runner/work/Pane-Terminal/Pane-Terminal/.ci/DerivedData/ModuleCache.noindex -serialize-diagnostics -emit-dependencies -emit-module -emit-module-path /Users/runner/work/Pane-Terminal/Pane-Terminal/.ci/DerivedData/Build/Intermediates.noindex/Pane.build/Debug/PaneCompatibilityTests.build/Objects-normal/arm64/PaneCompatibilityTests.swiftmodule -validate-clang-modules-once -clang-build-session-file /Users/runner/work/Pane-Terminal/Pane-Terminal/.ci/DerivedData/ModuleCache.noindex/Session.modulevalidation -Xcc -I/Users/runner/work/Pane-Terminal/Pane-Terminal/.ci/DerivedData/Build/Intermediates.noindex/Pane.build/Debug/PaneCompatibilityTests.build/swift-overrides.hmap -emit-const-values -Xfrontend -const-gather-protocols-file -Xfrontend /Users/runner/work/Pane-Terminal/Pane-Terminal/.ci/DerivedData/Build/Intermediates.noindex/Pane.build/Debug/PaneCompatibilityTests.build/Objects-normal/arm64/PaneCompatibilityTests_const_extract_protocols.json -Xcc -iquote -Xcc /Users/runner/work/Pane-Terminal/Pane-Terminal/.ci/DerivedData/Build/Intermediates.noindex/Pane.build/Debug/PaneCompatibilityTests.build/PaneCompatibilityTests-generated-files.hmap -Xcc -I/Users/runner/work/Pane-Terminal/Pane-Terminal/.ci/DerivedData/Build/Intermediates.noindex/Pane.build/Debug/PaneCompatibilityTests.build/PaneCompatibilityTests-own-target-headers.hmap -Xcc -I/Users/runner/work/Pane-Terminal/Pane-Terminal/.ci/DerivedData/Build/Intermediates.noindex/Pane.build/Debug/PaneCompatibilityTests.build/PaneCompatibilityTests-all-non-framework-target-headers.hmap -Xcc -ivfsoverlay -Xcc /Users/runner/work/Pane-Terminal/Pane-Terminal/.ci/DerivedData/Build/Intermediates.noindex/Pane.build/Debug/Pane-856c1189ea33eb216496ff32a51b54ce-VFS/all-product-headers.yaml -Xcc -iquote -Xcc /Users/runner/work/Pane-Terminal/Pane-Terminal/.ci/DerivedData/Build/Intermediates.noindex/Pane.build/Debug/PaneCompatibilityTests.build/PaneCompatibilityTests-project-headers.hmap -Xcc -I/Users/runner/work/Pane-Terminal/Pane-Terminal/.ci/DerivedData/Build/Products/Debug/include -Xcc -I/Users/runner/work/Pane-Terminal/Pane-Terminal/.ci/DerivedData/Build/Intermediates.noindex/Pane.build/Debug/PaneCompatibilityTests.build/DerivedSources-normal/arm64 -Xcc -I/Users/runner/work/Pane-Terminal/Pane-Terminal/.ci/DerivedData/Build/Intermediates.noindex/Pane.build/Debug/PaneCompatibilityTests.build/DerivedSources/arm64 -Xcc -I/Users/runner/work/Pane-Terminal/Pane-Terminal/.ci/DerivedData/Build/Intermediates.noindex/Pane.build/Debug/PaneCompatibilityTests.build/DerivedSources -emit-objc-header -emit-objc-header-path /Users/runner/work/Pane-Terminal/Pane-Terminal/.ci/DerivedData/Build/Intermediates.noindex/Pane.build/Debug/PaneCompatibilityTests.build/Objects-normal/arm64/PaneCompatibilityTests-Swift.h -working-directory /Users/runner/work/Pane-Terminal/Pane-Terminal -experimental-emit-module-separately -disable-cmo
Native Pane test targets	Run PaneTests	2026-08-03T15:33:38.8579700Z 
Native Pane test targets	Run PaneTests	2026-08-03T15:33:38.8700320Z SwiftDriverJobDiscovery normal arm64 Emitting module for PaneTests (in target 'PaneTests' from project 'Pane')
Native Pane test targets	Run PaneTests	2026-08-03T15:33:38.8836920Z 
Native Pane test targets	Run PaneTests	2026-08-03T15:33:38.8938250Z SwiftDriver\ Compilation\ Requirements PaneTests normal arm64 com.apple.xcode.tools.swift.compiler (in target 'PaneTests' from project 'Pane')
Native Pane test targets	Run PaneTests	2026-08-03T15:33:38.9039640Z     cd /Users/runner/work/Pane-Terminal/Pane-Terminal
Native Pane test targets	Run PaneTests	2026-08-03T15:33:38.9158290Z     builtin-Swift-Compilation-Requirements -- /Applications/Xcode_26.4.1.app/Contents/Developer/Toolchains/XcodeDefault.xctoolchain/usr/bin/swiftc -module-name PaneTests -Onone @/Users/runner/work/Pane-Terminal/Pane-Terminal/.ci/DerivedData/Build/Intermediates.noindex/Pane.build/Debug/PaneTests.build/Objects-normal/arm64/PaneTests.SwiftFileList -DDEBUG -plugin-path /Applications/Xcode_26.4.1.app/Contents/Developer/Toolchains/XcodeDefault.xctoolchain/usr/lib/swift/host/plugins/testing -enable-bare-slash-regex -enable-experimental-feature DebugDescriptionMacro -sdk /Applications/Xcode_26.4.1.app/Contents/Developer/Platforms/MacOSX.platform/Developer/SDKs/MacOSX26.4.sdk -target arm64-apple-macos14.0 -g -module-cache-path /Users/runner/work/Pane-Terminal/Pane-Terminal/.ci/DerivedData/ModuleCache.noindex -Xfrontend -serialize-debugging-options -enable-testing -index-store-path /Users/runner/work/Pane-Terminal/Pane-Terminal/.ci/DerivedData/Index.noindex/DataStore -swift-version 5 -I /Users/runner/work/Pane-Terminal/Pane-Terminal/.ci/DerivedData/Build/Products/Debug -Isystem /Applications/Xcode_26.4.1.app/Contents/Developer/Platforms/MacOSX.platform/Developer/usr/lib -F /Users/runner/work/Pane-Terminal/Pane-Terminal/.ci/DerivedData/Build/Products/Debug/PackageFrameworks -F /Users/runner/work/Pane-Terminal/Pane-Terminal/.ci/DerivedData/Build/Products/Debug -F /Applications/Xcode_26.4.1.app/Contents/Developer/Platforms/MacOSX.platform/Developer/Library/Frameworks -c -j3 -enable-batch-mode -incremental -Xcc -ivfsstatcache -Xcc /Users/runner/work/Pane-Terminal/Pane-Terminal/.ci/DerivedData/SDKStatCaches.noindex/macosx26.4-25E251-688ef53f1462e2c8f657fdc38a81448f5f67018755ecaf50f85fcd527f9620fa.sdkstatcache -output-file-map /Users/runner/work/Pane-Terminal/Pane-Terminal/.ci/DerivedData/Build/Intermediates.noindex/Pane.build/Debug/PaneTests.build/Objects-normal/arm64/PaneTests-OutputFileMap.json -use-frontend-parseable-output -save-temps -no-color-diagnostics -explicit-module-build -module-cache-path /Users/runner/work/Pane-Terminal/Pane-Terminal/.ci/DerivedData/Build/Intermediates.noindex/SwiftExplicitPrecompiledModules -clang-scanner-module-cache-path /Users/runner/work/Pane-Terminal/Pane-Terminal/.ci/DerivedData/ModuleCache.noindex -sdk-module-cache-path /Users/runner/work/Pane-Terminal/Pane-Terminal/.ci/DerivedData/ModuleCache.noindex -serialize-diagnostics -emit-dependencies -emit-module -emit-module-path /Users/runner/work/Pane-Terminal/Pane-Terminal/.ci/DerivedData/Build/Intermediates.noindex/Pane.build/Debug/PaneTests.build/Objects-normal/arm64/PaneTests.swiftmodule -validate-clang-modules-once -clang-build-session-file /Users/runner/work/Pane-Terminal/Pane-Terminal/.ci/DerivedData/ModuleCache.noindex/Session.modulevalidation -Xcc -I/Users/runner/work/Pane-Terminal/Pane-Terminal/.ci/DerivedData/Build/Intermediates.noindex/Pane.build/Debug/PaneTests.build/swift-overrides.hmap -emit-const-values -Xfrontend -const-gather-protocols-file -Xfrontend /Users/runner/work/Pane-Terminal/Pane-Terminal/.ci/DerivedData/Build/Intermediates.noindex/Pane.build/Debug/PaneTests.build/Objects-normal/arm64/PaneTests_const_extract_protocols.json -Xcc -iquote -Xcc /Users/runner/work/Pane-Terminal/Pane-Terminal/.ci/DerivedData/Build/Intermediates.noindex/Pane.build/Debug/PaneTests.build/PaneTests-generated-files.hmap -Xcc -I/Users/runner/work/Pane-Terminal/Pane-Terminal/.ci/DerivedData/Build/Intermediates.noindex/Pane.build/Debug/PaneTests.build/PaneTests-own-target-headers.hmap -Xcc -I/Users/runner/work/Pane-Terminal/Pane-Terminal/.ci/DerivedData/Build/Intermediates.noindex/Pane.build/Debug/PaneTests.build/PaneTests-all-non-framework-target-headers.hmap -Xcc -ivfsoverlay -Xcc /Users/runner/work/Pane-Terminal/Pane-Terminal/.ci/DerivedData/Build/Intermediates.noindex/Pane.build/Debug/Pane-856c1189ea33eb216496ff32a51b54ce-VFS/all-product-headers.yaml -Xcc -iquote -Xcc /Users/runner/work/Pane-Terminal/Pane-Terminal/.ci/DerivedData/Build/Intermediates.noindex/Pane.build/Debug/PaneTests.build/PaneTests-project-headers.hmap -Xcc -I/Users/runner/work/Pane-Terminal/Pane-Terminal/.ci/DerivedData/Build/Products/Debug/include -Xcc -I/Users/runner/work/Pane-Terminal/Pane-Terminal/.ci/DerivedData/Build/Intermediates.noindex/Pane.build/Debug/PaneTests.build/DerivedSources-normal/arm64 -Xcc -I/Users/runner/work/Pane-Terminal/Pane-Terminal/.ci/DerivedData/Build/Intermediates.noindex/Pane.build/Debug/PaneTests.build/DerivedSources/arm64 -Xcc -I/Users/runner/work/Pane-Terminal/Pane-Terminal/.ci/DerivedData/Build/Intermediates.noindex/Pane.build/Debug/PaneTests.build/DerivedSources -emit-objc-header -emit-objc-header-path /Users/runner/work/Pane-Terminal/Pane-Terminal/.ci/DerivedData/Build/Intermediates.noindex/Pane.build/Debug/PaneTests.build/Objects-normal/arm64/PaneTests-Swift.h -working-directory /Users/runner/work/Pane-Terminal/Pane-Terminal -experimental-emit-module-separately -disable-cmo
Native Pane test targets	Run PaneTests	2026-08-03T15:33:38.9278230Z 
Native Pane test targets	Run PaneTests	2026-08-03T15:33:38.9380910Z SwiftMergeGeneratedHeaders /Users/runner/work/Pane-Terminal/Pane-Terminal/.ci/DerivedData/Build/Intermediates.noindex/Pane.build/Debug/PaneCompatibilityTests.build/DerivedSources/PaneCompatibilityTests-Swift.h /Users/runner/work/Pane-Terminal/Pane-Terminal/.ci/DerivedData/Build/Intermediates.noindex/Pane.build/Debug/PaneCompatibilityTests.build/Objects-normal/arm64/PaneCompatibilityTests-Swift.h (in target 'PaneCompatibilityTests' from project 'Pane')
Native Pane test targets	Run PaneTests	2026-08-03T15:33:38.9484100Z     cd /Users/runner/work/Pane-Terminal/Pane-Terminal
Native Pane test targets	Run PaneTests	2026-08-03T15:33:38.9629790Z     builtin-swiftHeaderTool -arch arm64 /Users/runner/work/Pane-Terminal/Pane-Terminal/.ci/DerivedData/Build/Intermediates.noindex/Pane.build/Debug/PaneCompatibilityTests.build/Objects-normal/arm64/PaneCompatibilityTests-Swift.h -o /Users/runner/work/Pane-Terminal/Pane-Terminal/.ci/DerivedData/Build/Intermediates.noindex/Pane.build/Debug/PaneCompatibilityTests.build/DerivedSources/PaneCompatibilityTests-Swift.h
Native Pane test targets	Run PaneTests	2026-08-03T15:33:38.9931400Z 
Native Pane test targets	Run PaneTests	2026-08-03T15:33:39.0033770Z SwiftMergeGeneratedHeaders /Users/runner/work/Pane-Terminal/Pane-Terminal/.ci/DerivedData/Build/Intermediates.noindex/Pane.build/Debug/PaneTests.build/DerivedSources/PaneTests-Swift.h /Users/runner/work/Pane-Terminal/Pane-Terminal/.ci/DerivedData/Build/Intermediates.noindex/Pane.build/Debug/PaneTests.build/Objects-normal/arm64/PaneTests-Swift.h (in target 'PaneTests' from project 'Pane')
Native Pane test targets	Run PaneTests	2026-08-03T15:33:39.0135960Z     cd /Users/runner/work/Pane-Terminal/Pane-Terminal
Native Pane test targets	Run PaneTests	2026-08-03T15:33:39.0137390Z     builtin-swiftHeaderTool -arch arm64 /Users/runner/work/Pane-Terminal/Pane-Terminal/.ci/DerivedData/Build/Intermediates.noindex/Pane.build/Debug/PaneTests.build/Objects-normal/arm64/PaneTests-Swift.h -o /Users/runner/work/Pane-Terminal/Pane-Terminal/.ci/DerivedData/Build/Intermediates.noindex/Pane.build/Debug/PaneTests.build/DerivedSources/PaneTests-Swift.h
Native Pane test targets	Run PaneTests	2026-08-03T15:33:39.0239570Z 
Native Pane test targets	Run PaneTests	2026-08-03T15:33:39.0341350Z Copy /Users/runner/work/Pane-Terminal/Pane-Terminal/.ci/DerivedData/Build/Products/Debug/PaneTests.swiftmodule/arm64-apple-macos.swiftmodule /Users/runner/work/Pane-Terminal/Pane-Terminal/.ci/DerivedData/Build/Intermediates.noindex/Pane.build/Debug/PaneTests.build/Objects-normal/arm64/PaneTests.swiftmodule (in target 'PaneTests' from project 'Pane')
Native Pane test targets	Run PaneTests	2026-08-03T15:33:39.0443360Z     cd /Users/runner/work/Pane-Terminal/Pane-Terminal
Native Pane test targets	Run PaneTests	2026-08-03T15:33:39.0546000Z     builtin-copy -exclude .DS_Store -exclude CVS -exclude .svn -exclude .git -exclude .hg -strip-unsigned-binaries -strip-deterministic -strip-tool /Applications/Xcode_26.4.1.app/Contents/Developer/Toolchains/XcodeDefault.xctoolchain/usr/bin/strip -resolve-src-symlinks -rename /Users/runner/work/Pane-Terminal/Pane-Terminal/.ci/DerivedData/Build/Intermediates.noindex/Pane.build/Debug/PaneTests.build/Objects-normal/arm64/PaneTests.swiftmodule /Users/runner/work/Pane-Terminal/Pane-Terminal/.ci/DerivedData/Build/Products/Debug/PaneTests.swiftmodule/arm64-apple-macos.swiftmodule
Native Pane test targets	Run PaneTests	2026-08-03T15:33:39.0648500Z 
Native Pane test targets	Run PaneTests	2026-08-03T15:33:39.0788370Z Copy /Users/runner/work/Pane-Terminal/Pane-Terminal/.ci/DerivedData/Build/Products/Debug/PaneTests.swiftmodule/arm64-apple-macos.swiftdoc /Users/runner/work/Pane-Terminal/Pane-Terminal/.ci/DerivedData/Build/Intermediates.noindex/Pane.build/Debug/PaneTests.build/Objects-normal/arm64/PaneTests.swiftdoc (in target 'PaneTests' from project 'Pane')
Native Pane test targets	Run PaneTests	2026-08-03T15:33:39.0903160Z     cd /Users/runner/work/Pane-Terminal/Pane-Terminal
Native Pane test targets	Run PaneTests	2026-08-03T15:33:39.1010470Z     builtin-copy -exclude .DS_Store -exclude CVS -exclude .svn -exclude .git -exclude .hg -strip-unsigned-binaries -strip-deterministic -strip-tool /Applications/Xcode_26.4.1.app/Contents/Developer/Toolchains/XcodeDefault.xctoolchain/usr/bin/strip -resolve-src-symlinks -rename /Users/runner/work/Pane-Terminal/Pane-Terminal/.ci/DerivedData/Build/Intermediates.noindex/Pane.build/Debug/PaneTests.build/Objects-normal/arm64/PaneTests.swiftdoc /Users/runner/work/Pane-Terminal/Pane-Terminal/.ci/DerivedData/Build/Products/Debug/PaneTests.swiftmodule/arm64-apple-macos.swiftdoc
Native Pane test targets	Run PaneTests	2026-08-03T15:33:39.1141500Z 
Native Pane test targets	Run PaneTests	2026-08-03T15:33:39.1243680Z Copy /Users/runner/work/Pane-Terminal/Pane-Terminal/.ci/DerivedData/Build/Products/Debug/PaneTests.swiftmodule/arm64-apple-macos.abi.json /Users/runner/work/Pane-Terminal/Pane-Terminal/.ci/DerivedData/Build/Intermediates.noindex/Pane.build/Debug/PaneTests.build/Objects-normal/arm64/PaneTests.abi.json (in target 'PaneTests' from project 'Pane')
Native Pane test targets	Run PaneTests	2026-08-03T15:33:39.1346330Z     cd /Users/runner/work/Pane-Terminal/Pane-Terminal
Native Pane test targets	Run PaneTests	2026-08-03T15:33:39.1449430Z     builtin-copy -exclude .DS_Store -exclude CVS -exclude .svn -exclude .git -exclude .hg -strip-unsigned-binaries -strip-deterministic -strip-tool /Applications/Xcode_26.4.1.app/Contents/Developer/Toolchains/XcodeDefault.xctoolchain/usr/bin/strip -resolve-src-symlinks -rename /Users/runner/work/Pane-Terminal/Pane-Terminal/.ci/DerivedData/Build/Intermediates.noindex/Pane.build/Debug/PaneTests.build/Objects-normal/arm64/PaneTests.abi.json /Users/runner/work/Pane-Terminal/Pane-Terminal/.ci/DerivedData/Build/Products/Debug/PaneTests.swiftmodule/arm64-apple-macos.abi.json
Native Pane test targets	Run PaneTests	2026-08-03T15:33:39.1552130Z 
Native Pane test targets	Run PaneTests	2026-08-03T15:33:39.1668230Z Copy /Users/runner/work/Pane-Terminal/Pane-Terminal/.ci/DerivedData/Build/Products/Debug/PaneTests.swiftmodule/Project/arm64-apple-macos.swiftsourceinfo /Users/runner/work/Pane-Terminal/Pane-Terminal/.ci/DerivedData/Build/Intermediates.noindex/Pane.build/Debug/PaneTests.build/Objects-normal/arm64/PaneTests.swiftsourceinfo (in target 'PaneTests' from project 'Pane')
Native Pane test targets	Run PaneTests	2026-08-03T15:33:39.1770490Z     cd /Users/runner/work/Pane-Terminal/Pane-Terminal
Native Pane test targets	Run PaneTests	2026-08-03T15:33:39.1874620Z     builtin-copy -exclude .DS_Store -exclude CVS -exclude .svn -exclude .git -exclude .hg -strip-unsigned-binaries -strip-deterministic -strip-tool /Applications/Xcode_26.4.1.app/Contents/Developer/Toolchains/XcodeDefault.xctoolchain/usr/bin/strip -resolve-src-symlinks -rename /Users/runner/work/Pane-Terminal/Pane-Terminal/.ci/DerivedData/Build/Intermediates.noindex/Pane.build/Debug/PaneTests.build/Objects-normal/arm64/PaneTests.swiftsourceinfo /Users/runner/work/Pane-Terminal/Pane-Terminal/.ci/DerivedData/Build/Products/Debug/PaneTests.swiftmodule/Project/arm64-apple-macos.swiftsourceinfo
Native Pane test targets	Run PaneTests	2026-08-03T15:33:39.1977580Z 
Native Pane test targets	Run PaneTests	2026-08-03T15:33:39.2081510Z Copy /Users/runner/work/Pane-Terminal/Pane-Terminal/.ci/DerivedData/Build/Products/Debug/PaneCompatibilityTests.swiftmodule/arm64-apple-macos.swiftmodule /Users/runner/work/Pane-Terminal/Pane-Terminal/.ci/DerivedData/Build/Intermediates.noindex/Pane.build/Debug/PaneCompatibilityTests.build/Objects-normal/arm64/PaneCompatibilityTests.swiftmodule (in target 'PaneCompatibilityTests' from project 'Pane')
Native Pane test targets	Run PaneTests	2026-08-03T15:33:39.2184260Z     cd /Users/runner/work/Pane-Terminal/Pane-Terminal
Native Pane test targets	Run PaneTests	2026-08-03T15:33:39.2287610Z     builtin-copy -exclude .DS_Store -exclude CVS -exclude .svn -exclude .git -exclude .hg -strip-unsigned-binaries -strip-deterministic -strip-tool /Applications/Xcode_26.4.1.app/Contents/Developer/Toolchains/XcodeDefault.xctoolchain/usr/bin/strip -resolve-src-symlinks -rename /Users/runner/work/Pane-Terminal/Pane-Terminal/.ci/DerivedData/Build/Intermediates.noindex/Pane.build/Debug/PaneCompatibilityTests.build/Objects-normal/arm64/PaneCompatibilityTests.swiftmodule /Users/runner/work/Pane-Terminal/Pane-Terminal/.ci/DerivedData/Build/Products/Debug/PaneCompatibilityTests.swiftmodule/arm64-apple-macos.swiftmodule
Native Pane test targets	Run PaneTests	2026-08-03T15:33:39.2390200Z 
Native Pane test targets	Run PaneTests	2026-08-03T15:33:39.2492420Z Copy /Users/runner/work/Pane-Terminal/Pane-Terminal/.ci/DerivedData/Build/Products/Debug/PaneCompatibilityTests.swiftmodule/arm64-apple-macos.swiftdoc /Users/runner/work/Pane-Terminal/Pane-Terminal/.ci/DerivedData/Build/Intermediates.noindex/Pane.build/Debug/PaneCompatibilityTests.build/Objects-normal/arm64/PaneCompatibilityTests.swiftdoc (in target 'PaneCompatibilityTests' from project 'Pane')
Native Pane test targets	Run PaneTests	2026-08-03T15:33:39.2595010Z     cd /Users/runner/work/Pane-Terminal/Pane-Terminal
Native Pane test targets	Run PaneTests	2026-08-03T15:33:39.2697900Z     builtin-copy -exclude .DS_Store -exclude CVS -exclude .svn -exclude .git -exclude .hg -strip-unsigned-binaries -strip-deterministic -strip-tool /Applications/Xcode_26.4.1.app/Contents/Developer/Toolchains/XcodeDefault.xctoolchain/usr/bin/strip -resolve-src-symlinks -rename /Users/runner/work/Pane-Terminal/Pane-Terminal/.ci/DerivedData/Build/Intermediates.noindex/Pane.build/Debug/PaneCompatibilityTests.build/Objects-normal/arm64/PaneCompatibilityTests.swiftdoc /Users/runner/work/Pane-Terminal/Pane-Terminal/.ci/DerivedData/Build/Products/Debug/PaneCompatibilityTests.swiftmodule/arm64-apple-macos.swiftdoc
Native Pane test targets	Run PaneTests	2026-08-03T15:33:39.2818200Z 
Native Pane test targets	Run PaneTests	2026-08-03T15:33:39.2921030Z Copy /Users/runner/work/Pane-Terminal/Pane-Terminal/.ci/DerivedData/Build/Products/Debug/PaneCompatibilityTests.swiftmodule/arm64-apple-macos.abi.json /Users/runner/work/Pane-Terminal/Pane-Terminal/.ci/DerivedData/Build/Intermediates.noindex/Pane.build/Debug/PaneCompatibilityTests.build/Objects-normal/arm64/PaneCompatibilityTests.abi.json (in target 'PaneCompatibilityTests' from project 'Pane')
Native Pane test targets	Run PaneTests	2026-08-03T15:33:39.3025670Z     cd /Users/runner/work/Pane-Terminal/Pane-Terminal
Native Pane test targets	Run PaneTests	2026-08-03T15:33:39.3130270Z     builtin-copy -exclude .DS_Store -exclude CVS -exclude .svn -exclude .git -exclude .hg -strip-unsigned-binaries -strip-deterministic -strip-tool /Applications/Xcode_26.4.1.app/Contents/Developer/Toolchains/XcodeDefault.xctoolchain/usr/bin/strip -resolve-src-symlinks -rename /Users/runner/work/Pane-Terminal/Pane-Terminal/.ci/DerivedData/Build/Intermediates.noindex/Pane.build/Debug/PaneCompatibilityTests.build/Objects-normal/arm64/PaneCompatibilityTests.abi.json /Users/runner/work/Pane-Terminal/Pane-Terminal/.ci/DerivedData/Build/Products/Debug/PaneCompatibilityTests.swiftmodule/arm64-apple-macos.abi.json
Native Pane test targets	Run PaneTests	2026-08-03T15:33:39.3235970Z 
Native Pane test targets	Run PaneTests	2026-08-03T15:33:39.3338890Z Copy /Users/runner/work/Pane-Terminal/Pane-Terminal/.ci/DerivedData/Build/Products/Debug/PaneCompatibilityTests.swiftmodule/Project/arm64-apple-macos.swiftsourceinfo /Users/runner/work/Pane-Terminal/Pane-Terminal/.ci/DerivedData/Build/Intermediates.noindex/Pane.build/Debug/PaneCompatibilityTests.build/Objects-normal/arm64/PaneCompatibilityTests.swiftsourceinfo (in target 'PaneCompatibilityTests' from project 'Pane')
Native Pane test targets	Run PaneTests	2026-08-03T15:33:39.3341420Z     cd /Users/runner/work/Pane-Terminal/Pane-Terminal
Native Pane test targets	Run PaneTests	2026-08-03T15:33:39.3444340Z     builtin-copy -exclude .DS_Store -exclude CVS -exclude .svn -exclude .git -exclude .hg -strip-unsigned-binaries -strip-deterministic -strip-tool /Applications/Xcode_26.4.1.app/Contents/Developer/Toolchains/XcodeDefault.xctoolchain/usr/bin/strip -resolve-src-symlinks -rename /Users/runner/work/Pane-Terminal/Pane-Terminal/.ci/DerivedData/Build/Intermediates.noindex/Pane.build/Debug/PaneCompatibilityTests.build/Objects-normal/arm64/PaneCompatibilityTests.swiftsourceinfo /Users/runner/work/Pane-Terminal/Pane-Terminal/.ci/DerivedData/Build/Products/Debug/PaneCompatibilityTests.swiftmodule/Project/arm64-apple-macos.swiftsourceinfo
Native Pane test targets	Run PaneTests	2026-08-03T15:33:39.3546950Z 
Native Pane test targets	Run PaneTests	2026-08-03T15:33:39.3652130Z SwiftCompile normal arm64 Compiling\ BlocksViewScrollTests.swift,\ TerminalReplaySanitizerTests.swift,\ TerminalInteractionControllerTests.swift,\ BlockLifecycleControllerTests.swift,\ SessionRecoveryTests.swift,\ ResourcePerformanceTests.swift,\ LargeOutputHardeningTests.swift,\ WorkspaceSnapshotStoreTests.swift,\ ResourceLifecycleHardeningTests.swift,\ GeneratedAssetSymbols.swift /Users/runner/work/Pane-Terminal/Pane-Terminal/Tests/PaneTests/BlocksViewScrollTests.swift /Users/runner/work/Pane-Terminal/Pane-Terminal/Tests/PaneTests/TerminalReplaySanitizerTests.swift /Users/runner/work/Pane-Terminal/Pane-Terminal/Tests/PaneTests/TerminalInteractionControllerTests.swift /Users/runner/work/Pane-Terminal/Pane-Terminal/Tests/PaneTests/BlockLifecycleControllerTests.swift /Users/runner/work/Pane-Terminal/Pane-Terminal/Tests/PaneTests/SessionRecoveryTests.swift /Users/runner/work/Pane-Terminal/Pane-Terminal/Tests/PaneTests/ResourcePerformanceTests.swift /Users/runner/work/Pane-Terminal/Pane-Terminal/Tests/PaneTests/LargeOutputHardeningTests.swift /Users/runner/work/Pane-Terminal/Pane-Terminal/Tests/PaneTests/WorkspaceSnapshotStoreTests.swift /Users/runner/work/Pane-Terminal/Pane-Terminal/Tests/PaneTests/ResourceLifecycleHardeningTests.swift /Users/runner/work/Pane-Terminal/Pane-Terminal/.ci/DerivedData/Build/Intermediates.noindex/Pane.build/Debug/PaneTests.build/DerivedSources/GeneratedAssetSymbols.swift (in target 'PaneTests' from project 'Pane')
Native Pane test targets	Run PaneTests	2026-08-03T15:33:39.3758980Z SwiftCompile normal arm64 /Users/runner/work/Pane-Terminal/Pane-Terminal/Tests/PaneTests/BlocksViewScrollTests.swift (in target 'PaneTests' from project 'Pane')
Native Pane test targets	Run PaneTests	2026-08-03T15:33:39.3860830Z     cd /Users/runner/work/Pane-Terminal/Pane-Terminal
Native Pane test targets	Run PaneTests	2026-08-03T15:33:39.3962060Z     
Native Pane test targets	Run PaneTests	2026-08-03T15:33:39.4062940Z 
Native Pane test targets	Run PaneTests	2026-08-03T15:33:39.4173130Z SwiftCompile normal arm64 /Users/runner/work/Pane-Terminal/Pane-Terminal/Tests/PaneTests/TerminalReplaySanitizerTests.swift (in target 'PaneTests' from project 'Pane')
Native Pane test targets	Run PaneTests	2026-08-03T15:33:39.4353470Z     cd /Users/runner/work/Pane-Terminal/Pane-Terminal
Native Pane test targets	Run PaneTests	2026-08-03T15:33:39.4472090Z     
Native Pane test targets	Run PaneTests	2026-08-03T15:33:39.4572640Z 
Native Pane test targets	Run PaneTests	2026-08-03T15:33:39.4674100Z SwiftCompile normal arm64 /Users/runner/work/Pane-Terminal/Pane-Terminal/Tests/PaneTests/TerminalInteractionControllerTests.swift (in target 'PaneTests' from project 'Pane')
Native Pane test targets	Run PaneTests	2026-08-03T15:33:39.4775930Z     cd /Users/runner/work/Pane-Terminal/Pane-Terminal
Native Pane test targets	Run PaneTests	2026-08-03T15:33:39.4876810Z     
Native Pane test targets	Run PaneTests	2026-08-03T15:33:39.4977480Z 
Native Pane test targets	Run PaneTests	2026-08-03T15:33:39.5088320Z SwiftCompile normal arm64 /Users/runner/work/Pane-Terminal/Pane-Terminal/Tests/PaneTests/BlockLifecycleControllerTests.swift (in target 'PaneTests' from project 'Pane')
Native Pane test targets	Run PaneTests	2026-08-03T15:33:39.5208000Z     cd /Users/runner/work/Pane-Terminal/Pane-Terminal
Native Pane test targets	Run PaneTests	2026-08-03T15:33:39.5308720Z     
Native Pane test targets	Run PaneTests	2026-08-03T15:33:39.5409130Z 
Native Pane test targets	Run PaneTests	2026-08-03T15:33:39.5517650Z SwiftCompile normal arm64 /Users/runner/work/Pane-Terminal/Pane-Terminal/Tests/PaneTests/SessionRecoveryTests.swift (in target 'PaneTests' from project 'Pane')
Native Pane test targets	Run PaneTests	2026-08-03T15:33:39.5619620Z     cd /Users/runner/work/Pane-Terminal/Pane-Terminal
Native Pane test targets	Run PaneTests	2026-08-03T15:33:39.5720320Z     
Native Pane test targets	Run PaneTests	2026-08-03T15:33:39.5820750Z 
Native Pane test targets	Run PaneTests	2026-08-03T15:33:39.5921720Z SwiftCompile normal arm64 /Users/runner/work/Pane-Terminal/Pane-Terminal/Tests/PaneTests/ResourcePerformanceTests.swift (in target 'PaneTests' from project 'Pane')
Native Pane test targets	Run PaneTests	2026-08-03T15:33:39.6022880Z     cd /Users/runner/work/Pane-Terminal/Pane-Terminal
Native Pane test targets	Run PaneTests	2026-08-03T15:33:39.6123990Z     
Native Pane test targets	Run PaneTests	2026-08-03T15:33:39.6224690Z 
Native Pane test targets	Run PaneTests	2026-08-03T15:33:39.6325760Z SwiftCompile normal arm64 /Users/runner/work/Pane-Terminal/Pane-Terminal/Tests/PaneTests/LargeOutputHardeningTests.swift (in target 'PaneTests' from project 'Pane')
Native Pane test targets	Run PaneTests	2026-08-03T15:33:39.6427020Z     cd /Users/runner/work/Pane-Terminal/Pane-Terminal
Native Pane test targets	Run PaneTests	2026-08-03T15:33:39.6528080Z     
Native Pane test targets	Run PaneTests	2026-08-03T15:33:39.6629130Z 
Native Pane test targets	Run PaneTests	2026-08-03T15:33:39.6730490Z SwiftCompile normal arm64 /Users/runner/work/Pane-Terminal/Pane-Terminal/Tests/PaneTests/WorkspaceSnapshotStoreTests.swift (in target 'PaneTests' from project 'Pane')
Native Pane test targets	Run PaneTests	2026-08-03T15:33:39.6831820Z     cd /Users/runner/work/Pane-Terminal/Pane-Terminal
Native Pane test targets	Run PaneTests	2026-08-03T15:33:39.6932780Z     
Native Pane test targets	Run PaneTests	2026-08-03T15:33:39.7033370Z 
Native Pane test targets	Run PaneTests	2026-08-03T15:33:39.7134490Z SwiftCompile normal arm64 /Users/runner/work/Pane-Terminal/Pane-Terminal/Tests/PaneTests/ResourceLifecycleHardeningTests.swift (in target 'PaneTests' from project 'Pane')
Native Pane test targets	Run PaneTests	2026-08-03T15:33:39.7235900Z     cd /Users/runner/work/Pane-Terminal/Pane-Terminal
Native Pane test targets	Run PaneTests	2026-08-03T15:33:39.7343840Z     
Native Pane test targets	Run PaneTests	2026-08-03T15:33:39.7444790Z 
Native Pane test targets	Run PaneTests	2026-08-03T15:33:39.7546910Z SwiftCompile normal arm64 /Users/runner/work/Pane-Terminal/Pane-Terminal/.ci/DerivedData/Build/Intermediates.noindex/Pane.build/Debug/PaneTests.build/DerivedSources/GeneratedAssetSymbols.swift (in target 'PaneTests' from project 'Pane')
Native Pane test targets	Run PaneTests	2026-08-03T15:33:39.7649780Z     cd /Users/runner/work/Pane-Terminal/Pane-Terminal
Native Pane test targets	Run PaneTests	2026-08-03T15:33:39.7750910Z     
Native Pane test targets	Run PaneTests	2026-08-03T15:33:39.7851710Z 
Native Pane test targets	Run PaneTests	2026-08-03T15:33:39.7954990Z SwiftDriverJobDiscovery normal arm64 Compiling ShellConfiguration.swift, TerminalSession.swift, TerminalSession+Autocomplete.swift, TerminalSession+Lifecycle.swift, TerminalWorkspaceController.swift, TerminalViewRepresentable.swift, ContentView.swift, TerminalWorkspaceView.swift, CommandComposerView.swift, ModeIndicatorView.swift, CommandBlock.swift, BlockOutputSanitizer.swift, TerminalReplaySanitizer.swift, BlockStreamParser.swift, ShellIntegration.swift, BlocksView.swift, CommandBlockView.swift, CommandClickableTextView.swift, AlternateScreenTranscriptFilter.swift, CommandAutocomplete.swift (in target 'Pane' from project 'Pane')
Native Pane test targets	Run PaneTests	2026-08-03T15:33:39.8060000Z 
Native Pane test targets	Run PaneTests	2026-08-03T15:33:39.8177440Z SwiftCompile normal arm64 Compiling\ CommandAutocompleteTests.swift,\ AutocompleteRequestGateTests.swift,\ ComposerContextTests.swift,\ ProjectContextProviderTests.swift,\ CompletionInteractionTests.swift,\ CompletionServiceTests.swift,\ CompletionRankerTests.swift,\ SensitiveDataSanitizerTests.swift,\ RuntimeStateStoreTests.swift,\ CommandClickableTextViewTests.swift /Users/runner/work/Pane-Terminal/Pane-Terminal/Tests/PaneTests/CommandAutocompleteTests.swift /Users/runner/work/Pane-Terminal/Pane-Terminal/Tests/PaneTests/AutocompleteRequestGateTests.swift /Users/runner/work/Pane-Terminal/Pane-Terminal/Tests/PaneTests/ComposerContextTests.swift /Users/runner/work/Pane-Terminal/Pane-Terminal/Tests/PaneTests/ProjectContextProviderTests.swift /Users/runner/work/Pane-Terminal/Pane-Terminal/Tests/PaneTests/CompletionInteractionTests.swift /Users/runner/work/Pane-Terminal/Pane-Terminal/Tests/PaneTests/CompletionServiceTests.swift /Users/runner/work/Pane-Terminal/Pane-Terminal/Tests/PaneTests/CompletionRankerTests.swift /Users/runner/work/Pane-Terminal/Pane-Terminal/Tests/PaneTests/SensitiveDataSanitizerTests.swift /Users/runner/work/Pane-Terminal/Pane-Terminal/Tests/PaneTests/RuntimeStateStoreTests.swift /Users/runner/work/Pane-Terminal/Pane-Terminal/Tests/PaneTests/CommandClickableTextViewTests.swift (in target 'PaneTests' from project 'Pane')
Native Pane test targets	Run PaneTests	2026-08-03T15:33:39.8293330Z 
Native Pane test targets	Run PaneTests	2026-08-03T15:33:39.8405590Z SwiftCompile normal arm64 /Users/runner/work/Pane-Terminal/Pane-Terminal/Tests/PaneTests/CommandAutocompleteTests.swift (in target 'PaneTests' from project 'Pane')
Native Pane test targets	Run PaneTests	2026-08-03T15:33:39.8507220Z     cd /Users/runner/work/Pane-Terminal/Pane-Terminal
Native Pane test targets	Run PaneTests	2026-08-03T15:33:39.8608440Z     
Native Pane test targets	Run PaneTests	2026-08-03T15:33:39.8712130Z 
Native Pane test targets	Run PaneTests	2026-08-03T15:33:39.8813470Z SwiftCompile normal arm64 /Users/runner/work/Pane-Terminal/Pane-Terminal/Tests/PaneTests/AutocompleteRequestGateTests.swift (in target 'PaneTests' from project 'Pane')
Native Pane test targets	Run PaneTests	2026-08-03T15:33:39.8914920Z     cd /Users/runner/work/Pane-Terminal/Pane-Terminal
Native Pane test targets	Run PaneTests	2026-08-03T15:33:39.9016410Z     
Native Pane test targets	Run PaneTests	2026-08-03T15:33:39.9117150Z 
Native Pane test targets	Run PaneTests	2026-08-03T15:33:39.9218340Z SwiftCompile normal arm64 /Users/runner/work/Pane-Terminal/Pane-Terminal/Tests/PaneTests/ComposerContextTests.swift (in target 'PaneTests' from project 'Pane')
Native Pane test targets	Run PaneTests	2026-08-03T15:33:39.9319970Z     cd /Users/runner/work/Pane-Terminal/Pane-Terminal
Native Pane test targets	Run PaneTests	2026-08-03T15:33:39.9421300Z     
Native Pane test targets	Run PaneTests	2026-08-03T15:33:39.9522170Z 
Native Pane test targets	Run PaneTests	2026-08-03T15:33:39.9623520Z SwiftCompile normal arm64 /Users/runner/work/Pane-Terminal/Pane-Terminal/Tests/PaneTests/ProjectContextProviderTests.swift (in target 'PaneTests' from project 'Pane')
Native Pane test targets	Run PaneTests	2026-08-03T15:33:39.9728760Z     cd /Users/runner/work/Pane-Terminal/Pane-Terminal
Native Pane test targets	Run PaneTests	2026-08-03T15:33:40.0008310Z     
Native Pane test targets	Run PaneTests	2026-08-03T15:33:40.0177910Z 
Native Pane test targets	Run PaneTests	2026-08-03T15:33:40.0282820Z SwiftCompile normal arm64 /Users/runner/work/Pane-Terminal/Pane-Terminal/Tests/PaneTests/CompletionInteractionTests.swift (in target 'PaneTests' from project 'Pane')
Native Pane test targets	Run PaneTests	2026-08-03T15:33:40.0388000Z     cd /Users/runner/work/Pane-Terminal/Pane-Terminal
Native Pane test targets	Run PaneTests	2026-08-03T15:33:40.0489290Z     
Native Pane test targets	Run PaneTests	2026-08-03T15:33:40.0489510Z 
Native Pane test targets	Run PaneTests	2026-08-03T15:33:40.0591930Z SwiftCompile normal arm64 /Users/runner/work/Pane-Terminal/Pane-Terminal/Tests/PaneTests/CompletionServiceTests.swift (in target 'PaneTests' from project 'Pane')
Native Pane test targets	Run PaneTests	2026-08-03T15:33:40.0694230Z     cd /Users/runner/work/Pane-Terminal/Pane-Terminal
Native Pane test targets	Run PaneTests	2026-08-03T15:33:40.0795540Z     
Native Pane test targets	Run PaneTests	2026-08-03T15:33:40.0896060Z 
Native Pane test targets	Run PaneTests	2026-08-03T15:33:40.0997220Z SwiftCompile normal arm64 /Users/runner/work/Pane-Terminal/Pane-Terminal/Tests/PaneTests/CompletionRankerTests.swift (in target 'PaneTests' from project 'Pane')
Native Pane test targets	Run PaneTests	2026-08-03T15:33:40.1098580Z     cd /Users/runner/work/Pane-Terminal/Pane-Terminal
Native Pane test targets	Run PaneTests	2026-08-03T15:33:40.1199730Z     
Native Pane test targets	Run PaneTests	2026-08-03T15:33:40.1300460Z 
Native Pane test targets	Run PaneTests	2026-08-03T15:33:40.1398920Z SwiftCompile normal arm64 /Users/runner/work/Pane-Terminal/Pane-Terminal/Tests/PaneTests/SensitiveDataSanitizerTests.swift (in target 'PaneTests' from project 'Pane')
Native Pane test targets	Run PaneTests	2026-08-03T15:33:40.1501780Z     cd /Users/runner/work/Pane-Terminal/Pane-Terminal
Native Pane test targets	Run PaneTests	2026-08-03T15:33:40.1602770Z     
Native Pane test targets	Run PaneTests	2026-08-03T15:33:40.1703450Z 
Native Pane test targets	Run PaneTests	2026-08-03T15:33:40.1804570Z SwiftCompile normal arm64 /Users/runner/work/Pane-Terminal/Pane-Terminal/Tests/PaneTests/RuntimeStateStoreTests.swift (in target 'PaneTests' from project 'Pane')
Native Pane test targets	Run PaneTests	2026-08-03T15:33:40.1904440Z     cd /Users/runner/work/Pane-Terminal/Pane-Terminal
Native Pane test targets	Run PaneTests	2026-08-03T15:33:40.2006350Z     
Native Pane test targets	Run PaneTests	2026-08-03T15:33:40.2106080Z 
Native Pane test targets	Run PaneTests	2026-08-03T15:33:40.2208080Z SwiftCompile normal arm64 /Users/runner/work/Pane-Terminal/Pane-Terminal/Tests/PaneTests/CommandClickableTextViewTests.swift (in target 'PaneTests' from project 'Pane')
Native Pane test targets	Run PaneTests	2026-08-03T15:33:40.2308030Z     cd /Users/runner/work/Pane-Terminal/Pane-Terminal
Native Pane test targets	Run PaneTests	2026-08-03T15:33:40.2408960Z     
Native Pane test targets	Run PaneTests	2026-08-03T15:33:40.2578720Z 
Native Pane test targets	Run PaneTests	2026-08-03T15:33:40.2689840Z SwiftCompile normal arm64 Compiling\ CompatibilityTests.swift,\ CompatibilityModels.swift /Users/runner/work/Pane-Terminal/Pane-Terminal/Tests/Compatibility/CompatibilityTests.swift /Users/runner/work/Pane-Terminal/Pane-Terminal/Tests/Compatibility/Support/CompatibilityModels.swift (in target 'PaneCompatibilityTests' from project 'Pane')
Native Pane test targets	Run PaneTests	2026-08-03T15:33:40.2807080Z SwiftCompile normal arm64 /Users/runner/work/Pane-Terminal/Pane-Terminal/Tests/Compatibility/CompatibilityTests.swift (in target 'PaneCompatibilityTests' from project 'Pane')
Native Pane test targets	Run PaneTests	2026-08-03T15:33:40.2912070Z     cd /Users/runner/work/Pane-Terminal/Pane-Terminal
Native Pane test targets	Run PaneTests	2026-08-03T15:33:40.3016050Z     
Native Pane test targets	Run PaneTests	2026-08-03T15:33:40.3117300Z 
Native Pane test targets	Run PaneTests	2026-08-03T15:33:40.3218480Z SwiftCompile normal arm64 /Users/runner/work/Pane-Terminal/Pane-Terminal/Tests/Compatibility/Support/CompatibilityModels.swift (in target 'PaneCompatibilityTests' from project 'Pane')
Native Pane test targets	Run PaneTests	2026-08-03T15:33:40.3319870Z     cd /Users/runner/work/Pane-Terminal/Pane-Terminal
Native Pane test targets	Run PaneTests	2026-08-03T15:33:40.3420790Z     
Native Pane test targets	Run PaneTests	2026-08-03T15:33:40.3521520Z 
Native Pane test targets	Run PaneTests	2026-08-03T15:33:40.3623600Z SwiftDriverJobDiscovery normal arm64 Compiling TerminalWorkspaceControllerTests.swift, CommandHistoryTests.swift, InputModeTests.swift, CommandSerializerTests.swift, ShellConfigurationTests.swift, TerminalSessionIntegrationTests.swift, TerminalSessionHardeningTests.swift, BlockOutputSanitizerTests.swift, BlockStreamParserTests.swift, CommandBlockTimelineTests.swift, AlternateScreenTranscriptFilterTests.swift (in target 'PaneTests' from project 'Pane')
Native Pane test targets	Run PaneTests	2026-08-03T15:33:40.3727410Z 
Native Pane test targets	Run PaneTests	2026-08-03T15:33:40.3829930Z SwiftDriverJobDiscovery normal arm64 Compiling CommandAutocompleteTests.swift, AutocompleteRequestGateTests.swift, ComposerContextTests.swift, ProjectContextProviderTests.swift, CompletionInteractionTests.swift, CompletionServiceTests.swift, CompletionRankerTests.swift, SensitiveDataSanitizerTests.swift, RuntimeStateStoreTests.swift, CommandClickableTextViewTests.swift (in target 'PaneTests' from project 'Pane')
Native Pane test targets	Run PaneTests	2026-08-03T15:33:40.3938790Z 
Native Pane test targets	Run PaneTests	2026-08-03T15:33:40.4043160Z SwiftCompile normal arm64 Compiling\ WorkspaceStressRunner.swift,\ WorkspaceStressRunnerTests.swift /Users/runner/work/Pane-Terminal/Pane-Terminal/Tests/Compatibility/Support/WorkspaceStressRunner.swift /Users/runner/work/Pane-Terminal/Pane-Terminal/Tests/Compatibility/WorkspaceStressRunnerTests.swift (in target 'PaneCompatibilityTests' from project 'Pane')
Native Pane test targets	Run PaneTests	2026-08-03T15:33:40.4148050Z SwiftCompile normal arm64 /Users/runner/work/Pane-Terminal/Pane-Terminal/Tests/Compatibility/Support/WorkspaceStressRunner.swift (in target 'PaneCompatibilityTests' from project 'Pane')
Native Pane test targets	Run PaneTests	2026-08-03T15:33:40.4250200Z     cd /Users/runner/work/Pane-Terminal/Pane-Terminal
Native Pane test targets	Run PaneTests	2026-08-03T15:33:40.4351490Z     
Native Pane test targets	Run PaneTests	2026-08-03T15:33:40.4452660Z 
Native Pane test targets	Run PaneTests	2026-08-03T15:33:40.4554190Z SwiftCompile normal arm64 /Users/runner/work/Pane-Terminal/Pane-Terminal/Tests/Compatibility/WorkspaceStressRunnerTests.swift (in target 'PaneCompatibilityTests' from project 'Pane')
Native Pane test targets	Run PaneTests	2026-08-03T15:33:40.4655690Z     cd /Users/runner/work/Pane-Terminal/Pane-Terminal
Native Pane test targets	Run PaneTests	2026-08-03T15:33:40.4757590Z     
Native Pane test targets	Run PaneTests	2026-08-03T15:33:40.4859190Z 
Native Pane test targets	Run PaneTests	2026-08-03T15:33:40.4961480Z SwiftCompile normal arm64 Compiling\ FixtureLocator.swift,\ FixtureProcessRunner.swift /Users/runner/work/Pane-Terminal/Pane-Terminal/Tests/Compatibility/Support/FixtureLocator.swift /Users/runner/work/Pane-Terminal/Pane-Terminal/Tests/Compatibility/Support/FixtureProcessRunner.swift (in target 'PaneCompatibilityTests' from project 'Pane')
Native Pane test targets	Run PaneTests	2026-08-03T15:33:40.5063320Z 
Native Pane test targets	Run PaneTests	2026-08-03T15:33:40.5164670Z SwiftCompile normal arm64 /Users/runner/work/Pane-Terminal/Pane-Terminal/Tests/Compatibility/Support/FixtureLocator.swift (in target 'PaneCompatibilityTests' from project 'Pane')
Native Pane test targets	Run PaneTests	2026-08-03T15:33:40.5266430Z     cd /Users/runner/work/Pane-Terminal/Pane-Terminal
Native Pane test targets	Run PaneTests	2026-08-03T15:33:40.5368160Z     
Native Pane test targets	Run PaneTests	2026-08-03T15:33:40.5469040Z 
Native Pane test targets	Run PaneTests	2026-08-03T15:33:40.5570340Z SwiftCompile normal arm64 /Users/runner/work/Pane-Terminal/Pane-Terminal/Tests/Compatibility/Support/FixtureProcessRunner.swift (in target 'PaneCompatibilityTests' from project 'Pane')
Native Pane test targets	Run PaneTests	2026-08-03T15:33:40.5673680Z     cd /Users/runner/work/Pane-Terminal/Pane-Terminal
Native Pane test targets	Run PaneTests	2026-08-03T15:33:40.5775360Z     
Native Pane test targets	Run PaneTests	2026-08-03T15:33:40.5876070Z 
Native Pane test targets	Run PaneTests	2026-08-03T15:33:40.5979010Z SwiftDriverJobDiscovery normal arm64 Compiling BlocksViewScrollTests.swift, TerminalReplaySanitizerTests.swift, TerminalInteractionControllerTests.swift, BlockLifecycleControllerTests.swift, SessionRecoveryTests.swift, ResourcePerformanceTests.swift, LargeOutputHardeningTests.swift, WorkspaceSnapshotStoreTests.swift, ResourceLifecycleHardeningTests.swift, GeneratedAssetSymbols.swift (in target 'PaneTests' from project 'Pane')
Native Pane test targets	Run PaneTests	2026-08-03T15:33:40.6081730Z 
Native Pane test targets	Run PaneTests	2026-08-03T15:33:40.6183070Z SwiftDriver\ Compilation PaneTests normal arm64 com.apple.xcode.tools.swift.compiler (in target 'PaneTests' from project 'Pane')
Native Pane test targets	Run PaneTests	2026-08-03T15:33:40.6284850Z     cd /Users/runner/work/Pane-Terminal/Pane-Terminal
Native Pane test targets	Run PaneTests	2026-08-03T15:33:40.6401170Z     builtin-Swift-Compilation -- /Applications/Xcode_26.4.1.app/Contents/Developer/Toolchains/XcodeDefault.xctoolchain/usr/bin/swiftc -module-name PaneTests -Onone @/Users/runner/work/Pane-Terminal/Pane-Terminal/.ci/DerivedData/Build/Intermediates.noindex/Pane.build/Debug/PaneTests.build/Objects-normal/arm64/PaneTests.SwiftFileList -DDEBUG -plugin-path /Applications/Xcode_26.4.1.app/Contents/Developer/Toolchains/XcodeDefault.xctoolchain/usr/lib/swift/host/plugins/testing -enable-bare-slash-regex -enable-experimental-feature DebugDescriptionMacro -sdk /Applications/Xcode_26.4.1.app/Contents/Developer/Platforms/MacOSX.platform/Developer/SDKs/MacOSX26.4.sdk -target arm64-apple-macos14.0 -g -module-cache-path /Users/runner/work/Pane-Terminal/Pane-Terminal/.ci/DerivedData/ModuleCache.noindex -Xfrontend -serialize-debugging-options -enable-testing -index-store-path /Users/runner/work/Pane-Terminal/Pane-Terminal/.ci/DerivedData/Index.noindex/DataStore -swift-version 5 -I /Users/runner/work/Pane-Terminal/Pane-Terminal/.ci/DerivedData/Build/Products/Debug -Isystem /Applications/Xcode_26.4.1.app/Contents/Developer/Platforms/MacOSX.platform/Developer/usr/lib -F /Users/runner/work/Pane-Terminal/Pane-Terminal/.ci/DerivedData/Build/Products/Debug/PackageFrameworks -F /Users/runner/work/Pane-Terminal/Pane-Terminal/.ci/DerivedData/Build/Products/Debug -F /Applications/Xcode_26.4.1.app/Contents/Developer/Platforms/MacOSX.platform/Developer/Library/Frameworks -c -j3 -enable-batch-mode -incremental -Xcc -ivfsstatcache -Xcc /Users/runner/work/Pane-Terminal/Pane-Terminal/.ci/DerivedData/SDKStatCaches.noindex/macosx26.4-25E251-688ef53f1462e2c8f657fdc38a81448f5f67018755ecaf50f85fcd527f9620fa.sdkstatcache -output-file-map /Users/runner/work/Pane-Terminal/Pane-Terminal/.ci/DerivedData/Build/Intermediates.noindex/Pane.build/Debug/PaneTests.build/Objects-normal/arm64/PaneTests-OutputFileMap.json -use-frontend-parseable-output -save-temps -no-color-diagnostics -explicit-module-build -module-cache-path /Users/runner/work/Pane-Terminal/Pane-Terminal/.ci/DerivedData/Build/Intermediates.noindex/SwiftExplicitPrecompiledModules -clang-scanner-module-cache-path /Users/runner/work/Pane-Terminal/Pane-Terminal/.ci/DerivedData/ModuleCache.noindex -sdk-module-cache-path /Users/runner/work/Pane-Terminal/Pane-Terminal/.ci/DerivedData/ModuleCache.noindex -serialize-diagnostics -emit-dependencies -emit-module -emit-module-path /Users/runner/work/Pane-Terminal/Pane-Terminal/.ci/DerivedData/Build/Intermediates.noindex/Pane.build/Debug/PaneTests.build/Objects-normal/arm64/PaneTests.swiftmodule -validate-clang-modules-once -clang-build-session-file /Users/runner/work/Pane-Terminal/Pane-Terminal/.ci/DerivedData/ModuleCache.noindex/Session.modulevalidation -Xcc -I/Users/runner/work/Pane-Terminal/Pane-Terminal/.ci/DerivedData/Build/Intermediates.noindex/Pane.build/Debug/PaneTests.build/swift-overrides.hmap -emit-const-values -Xfrontend -const-gather-protocols-file -Xfrontend /Users/runner/work/Pane-Terminal/Pane-Terminal/.ci/DerivedData/Build/Intermediates.noindex/Pane.build/Debug/PaneTests.build/Objects-normal/arm64/PaneTests_const_extract_protocols.json -Xcc -iquote -Xcc /Users/runner/work/Pane-Terminal/Pane-Terminal/.ci/DerivedData/Build/Intermediates.noindex/Pane.build/Debug/PaneTests.build/PaneTests-generated-files.hmap -Xcc -I/Users/runner/work/Pane-Terminal/Pane-Terminal/.ci/DerivedData/Build/Intermediates.noindex/Pane.build/Debug/PaneTests.build/PaneTests-own-target-headers.hmap -Xcc -I/Users/runner/work/Pane-Terminal/Pane-Terminal/.ci/DerivedData/Build/Intermediates.noindex/Pane.build/Debug/PaneTests.build/PaneTests-all-non-framework-target-headers.hmap -Xcc -ivfsoverlay -Xcc /Users/runner/work/Pane-Terminal/Pane-Terminal/.ci/DerivedData/Build/Intermediates.noindex/Pane.build/Debug/Pane-856c1189ea33eb216496ff32a51b54ce-VFS/all-product-headers.yaml -Xcc -iquote -Xcc /Users/runner/work/Pane-Terminal/Pane-Terminal/.ci/DerivedData/Build/Intermediates.noindex/Pane.build/Debug/PaneTests.build/PaneTests-project-headers.hmap -Xcc -I/Users/runner/work/Pane-Terminal/Pane-Terminal/.ci/DerivedData/Build/Products/Debug/include -Xcc -I/Users/runner/work/Pane-Terminal/Pane-Terminal/.ci/DerivedData/Build/Intermediates.noindex/Pane.build/Debug/PaneTests.build/DerivedSources-normal/arm64 -Xcc -I/Users/runner/work/Pane-Terminal/Pane-Terminal/.ci/DerivedData/Build/Intermediates.noindex/Pane.build/Debug/PaneTests.build/DerivedSources/arm64 -Xcc -I/Users/runner/work/Pane-Terminal/Pane-Terminal/.ci/DerivedData/Build/Intermediates.noindex/Pane.build/Debug/PaneTests.build/DerivedSources -emit-objc-header -emit-objc-header-path /Users/runner/work/Pane-Terminal/Pane-Terminal/.ci/DerivedData/Build/Intermediates.noindex/Pane.build/Debug/PaneTests.build/Objects-normal/arm64/PaneTests-Swift.h -working-directory /Users/runner/work/Pane-Terminal/Pane-Terminal -experimental-emit-module-separately -disable-cmo
Native Pane test targets	Run PaneTests	2026-08-03T15:33:40.6523640Z 
Native Pane test targets	Run PaneTests	2026-08-03T15:33:40.6624870Z SwiftDriverJobDiscovery normal arm64 Compiling CompatibilityTests.swift, CompatibilityModels.swift (in target 'PaneCompatibilityTests' from project 'Pane')
Native Pane test targets	Run PaneTests	2026-08-03T15:33:40.6727290Z 
Native Pane test targets	Run PaneTests	2026-08-03T15:33:40.6828370Z SwiftDriver\ Compilation Pane normal arm64 com.apple.xcode.tools.swift.compiler (in target 'Pane' from project 'Pane')
Native Pane test targets	Run PaneTests	2026-08-03T15:33:40.6930170Z     cd /Users/runner/work/Pane-Terminal/Pane-Terminal
Native Pane test targets	Run PaneTests	2026-08-03T15:33:40.7057640Z     builtin-Swift-Compilation -- /Applications/Xcode_26.4.1.app/Contents/Developer/Toolchains/XcodeDefault.xctoolchain/usr/bin/swiftc -module-name Pane -Onone @/Users/runner/work/Pane-Terminal/Pane-Terminal/.ci/DerivedData/Build/Intermediates.noindex/Pane.build/Debug/Pane.build/Objects-normal/arm64/Pane.SwiftFileList -DDEBUG -enable-bare-slash-regex -enable-experimental-feature DebugDescriptionMacro -sdk /Applications/Xcode_26.4.1.app/Contents/Developer/Platforms/MacOSX.platform/Developer/SDKs/MacOSX26.4.sdk -target arm64-apple-macos14.0 -g -module-cache-path /Users/runner/work/Pane-Terminal/Pane-Terminal/.ci/DerivedData/ModuleCache.noindex -Xfrontend -serialize-debugging-options -enable-testing -index-store-path /Users/runner/work/Pane-Terminal/Pane-Terminal/.ci/DerivedData/Index.noindex/DataStore -swift-version 5 -I /Users/runner/work/Pane-Terminal/Pane-Terminal/.ci/DerivedData/Build/Products/Debug -F /Users/runner/work/Pane-Terminal/Pane-Terminal/.ci/DerivedData/Build/Products/Debug/PackageFrameworks -F /Users/runner/work/Pane-Terminal/Pane-Terminal/.ci/DerivedData/Build/Products/Debug -emit-localized-strings -emit-localized-strings-path /Users/runner/work/Pane-Terminal/Pane-Terminal/.ci/DerivedData/Build/Intermediates.noindex/Pane.build/Debug/Pane.build/Objects-normal/arm64 -c -j3 -enable-batch-mode -incremental -Xcc -ivfsstatcache -Xcc /Users/runner/work/Pane-Terminal/Pane-Terminal/.ci/DerivedData/SDKStatCaches.noindex/macosx26.4-25E251-688ef53f1462e2c8f657fdc38a81448f5f67018755ecaf50f85fcd527f9620fa.sdkstatcache -output-file-map /Users/runner/work/Pane-Terminal/Pane-Terminal/.ci/DerivedData/Build/Intermediates.noindex/Pane.build/Debug/Pane.build/Objects-normal/arm64/Pane-OutputFileMap.json -use-frontend-parseable-output -save-temps -no-color-diagnostics -explicit-module-build -module-cache-path /Users/runner/work/Pane-Terminal/Pane-Terminal/.ci/DerivedData/Build/Intermediates.noindex/SwiftExplicitPrecompiledModules -clang-scanner-module-cache-path /Users/runner/work/Pane-Terminal/Pane-Terminal/.ci/DerivedData/ModuleCache.noindex -sdk-module-cache-path /Users/runner/work/Pane-Terminal/Pane-Terminal/.ci/DerivedData/ModuleCache.noindex -serialize-diagnostics -emit-dependencies -emit-module -emit-module-path /Users/runner/work/Pane-Terminal/Pane-Terminal/.ci/DerivedData/Build/Intermediates.noindex/Pane.build/Debug/Pane.build/Objects-normal/arm64/Pane.swiftmodule -validate-clang-modules-once -clang-build-session-file /Users/runner/work/Pane-Terminal/Pane-Terminal/.ci/DerivedData/ModuleCache.noindex/Session.modulevalidation -Xcc -I/Users/runner/work/Pane-Terminal/Pane-Terminal/.ci/DerivedData/Build/Intermediates.noindex/Pane.build/Debug/Pane.build/swift-overrides.hmap -emit-const-values -Xfrontend -const-gather-protocols-file -Xfrontend /Users/runner/work/Pane-Terminal/Pane-Terminal/.ci/DerivedData/Build/Intermediates.noindex/Pane.build/Debug/Pane.build/Objects-normal/arm64/Pane_const_extract_protocols.json -Xcc -iquote -Xcc /Users/runner/work/Pane-Terminal/Pane-Terminal/.ci/DerivedData/Build/Intermediates.noindex/Pane.build/Debug/Pane.build/Pane-generated-files.hmap -Xcc -I/Users/runner/work/Pane-Terminal/Pane-Terminal/.ci/DerivedData/Build/Intermediates.noindex/Pane.build/Debug/Pane.build/Pane-own-target-headers.hmap -Xcc -I/Users/runner/work/Pane-Terminal/Pane-Terminal/.ci/DerivedData/Build/Intermediates.noindex/Pane.build/Debug/Pane.build/Pane-all-non-framework-target-headers.hmap -Xcc -ivfsoverlay -Xcc /Users/runner/work/Pane-Terminal/Pane-Terminal/.ci/DerivedData/Build/Intermediates.noindex/Pane.build/Debug/Pane-856c1189ea33eb216496ff32a51b54ce-VFS/all-product-headers.yaml -Xcc -iquote -Xcc /Users/runner/work/Pane-Terminal/Pane-Terminal/.ci/DerivedData/Build/Intermediates.noindex/Pane.build/Debug/Pane.build/Pane-project-headers.hmap -Xcc -I/Users/runner/work/Pane-Terminal/Pane-Terminal/.ci/DerivedData/Build/Products/Debug/include -Xcc -I/Users/runner/work/Pane-Terminal/Pane-Terminal/.ci/DerivedData/Build/Intermediates.noindex/Pane.build/Debug/Pane.build/DerivedSources-normal/arm64 -Xcc -I/Users/runner/work/Pane-Terminal/Pane-Terminal/.ci/DerivedData/Build/Intermediates.noindex/Pane.build/Debug/Pane.build/DerivedSources/arm64 -Xcc -I/Users/runner/work/Pane-Terminal/Pane-Terminal/.ci/DerivedData/Build/Intermediates.noindex/Pane.build/Debug/Pane.build/DerivedSources -emit-objc-header -emit-objc-header-path /Users/runner/work/Pane-Terminal/Pane-Terminal/.ci/DerivedData/Build/Intermediates.noindex/Pane.build/Debug/Pane.build/Objects-normal/arm64/Pane-Swift.h -working-directory /Users/runner/work/Pane-Terminal/Pane-Terminal -experimental-emit-module-separately -disable-cmo
Native Pane test targets	Run PaneTests	2026-08-03T15:33:40.7100140Z 
Native Pane test targets	Run PaneTests	2026-08-03T15:33:40.7201580Z SwiftDriverJobDiscovery normal arm64 Compiling FixtureLocator.swift, FixtureProcessRunner.swift (in target 'PaneCompatibilityTests' from project 'Pane')
Native Pane test targets	Run PaneTests	2026-08-03T15:33:40.7303330Z 
Native Pane test targets	Run PaneTests	2026-08-03T15:33:40.7406220Z Ld /Users/runner/work/Pane-Terminal/Pane-Terminal/.ci/DerivedData/Build/Products/Debug/Pane.app/Contents/MacOS/Pane.debug.dylib normal (in target 'Pane' from project 'Pane')
Native Pane test targets	Run PaneTests	2026-08-03T15:33:40.7509450Z     cd /Users/runner/work/Pane-Terminal/Pane-Terminal
Native Pane test targets	Run PaneTests	2026-08-03T15:33:40.7622050Z     /Applications/Xcode_26.4.1.app/Contents/Developer/Toolchains/XcodeDefault.xctoolchain/usr/bin/clang -Xlinker -reproducible -target arm64-apple-macos14.0 -dynamiclib -isysroot /Applications/Xcode_26.4.1.app/Contents/Developer/Platforms/MacOSX.platform/Developer/SDKs/MacOSX26.4.sdk -Os -L/Users/runner/work/Pane-Terminal/Pane-Terminal/.ci/DerivedData/Build/Intermediates.noindex/EagerLinkingTBDs/Debug -L/Users/runner/work/Pane-Terminal/Pane-Terminal/.ci/DerivedData/Build/Products/Debug -F/Users/runner/work/Pane-Terminal/Pane-Terminal/.ci/DerivedData/Build/Intermediates.noindex/EagerLinkingTBDs/Debug -F/Users/runner/work/Pane-Terminal/Pane-Terminal/.ci/DerivedData/Build/Products/Debug/PackageFrameworks -F/Users/runner/work/Pane-Terminal/Pane-Terminal/.ci/DerivedData/Build/Products/Debug -filelist /Users/runner/work/Pane-Terminal/Pane-Terminal/.ci/DerivedData/Build/Intermediates.noindex/Pane.build/Debug/Pane.build/Objects-normal/arm64/Pane.LinkFileList -install_name @rpath/Pane.debug.dylib -Xlinker -rpath -Xlinker /usr/lib/swift -Xlinker -rpath -Xlinker /Users/runner/work/Pane-Terminal/Pane-Terminal/.ci/DerivedData/Build/Products/Debug/PackageFrameworks -Xlinker -rpath -Xlinker @executable_path/../Frameworks -Xlinker -dead_strip -Xlinker -object_path_lto -Xlinker /Users/runner/work/Pane-Terminal/Pane-Terminal/.ci/DerivedData/Build/Intermediates.noindex/Pane.build/Debug/Pane.build/Objects-normal/arm64/Pane_lto.o -rdynamic -Xlinker -dependency_info -Xlinker /Users/runner/work/Pane-Terminal/Pane-Terminal/.ci/DerivedData/Build/Intermediates.noindex/Pane.build/Debug/Pane.build/Objects-normal/arm64/Pane_dependency_info.dat -fobjc-link-runtime -L/Applications/Xcode_26.4.1.app/Contents/Developer/Toolchains/XcodeDefault.xctoolchain/usr/lib/swift/macosx -L/usr/lib/swift -Xlinker -add_ast_path -Xlinker /Users/runner/work/Pane-Terminal/Pane-Terminal/.ci/DerivedData/Build/Intermediates.noindex/Pane.build/Debug/Pane.build/Objects-normal/arm64/Pane.swiftmodule @/Users/runner/work/Pane-Terminal/Pane-Terminal/.ci/DerivedData/Build/Intermediates.noindex/Pane.build/Debug/Pane.build/Objects-normal/arm64/Pane-linker-args.resp -Wl,-no_warn_duplicate_libraries -Xlinker -alias -Xlinker _main -Xlinker ___debug_main_executable_dylib_entry_point -o /Users/runner/work/Pane-Terminal/Pane-Terminal/.ci/DerivedData/Build/Products/Debug/Pane.app/Contents/MacOS/Pane.debug.dylib -Xlinker -add_ast_path -Xlinker /Users/runner/work/Pane-Terminal/Pane-Terminal/.ci/DerivedData/Build/Intermediates.noindex/SwiftTerm.build/Debug/SwiftTerm.build/Objects-normal/arm64/SwiftTerm.swiftmodule @/Users/runner/work/Pane-Terminal/Pane-Terminal/.ci/DerivedData/Build/Intermediates.noindex/SwiftTerm.build/Debug/SwiftTerm.build/Objects-normal/arm64/SwiftTerm-linker-args.resp
Native Pane test targets	Run PaneTests	2026-08-03T15:33:40.7733070Z 
Native Pane test targets	Run PaneTests	2026-08-03T15:33:40.7836050Z SwiftDriverJobDiscovery normal arm64 Compiling WorkspaceStressRunner.swift, WorkspaceStressRunnerTests.swift (in target 'PaneCompatibilityTests' from project 'Pane')
Native Pane test targets	Run PaneTests	2026-08-03T15:33:40.7937990Z 
Native Pane test targets	Run PaneTests	2026-08-03T15:33:40.8039570Z SwiftDriver\ Compilation PaneCompatibilityTests normal arm64 com.apple.xcode.tools.swift.compiler (in target 'PaneCompatibilityTests' from project 'Pane')
Native Pane test targets	Run PaneTests	2026-08-03T15:33:40.8040910Z     cd /Users/runner/work/Pane-Terminal/Pane-Terminal
Native Pane test targets	Run PaneTests	2026-08-03T15:33:40.8169850Z     builtin-Swift-Compilation -- /Applications/Xcode_26.4.1.app/Contents/Developer/Toolchains/XcodeDefault.xctoolchain/usr/bin/swiftc -module-name PaneCompatibilityTests -Onone @/Users/runner/work/Pane-Terminal/Pane-Terminal/.ci/DerivedData/Build/Intermediates.noindex/Pane.build/Debug/PaneCompatibilityTests.build/Objects-normal/arm64/PaneCompatibilityTests.SwiftFileList -DDEBUG -plugin-path /Applications/Xcode_26.4.1.app/Contents/Developer/Toolchains/XcodeDefault.xctoolchain/usr/lib/swift/host/plugins/testing -enable-bare-slash-regex -enable-experimental-feature DebugDescriptionMacro -sdk /Applications/Xcode_26.4.1.app/Contents/Developer/Platforms/MacOSX.platform/Developer/SDKs/MacOSX26.4.sdk -target arm64-apple-macos14.0 -g -module-cache-path /Users/runner/work/Pane-Terminal/Pane-Terminal/.ci/DerivedData/ModuleCache.noindex -Xfrontend -serialize-debugging-options -enable-testing -index-store-path /Users/runner/work/Pane-Terminal/Pane-Terminal/.ci/DerivedData/Index.noindex/DataStore -swift-version 5 -I /Users/runner/work/Pane-Terminal/Pane-Terminal/.ci/DerivedData/Build/Products/Debug -Isystem /Applications/Xcode_26.4.1.app/Contents/Developer/Platforms/MacOSX.platform/Developer/usr/lib -F /Users/runner/work/Pane-Terminal/Pane-Terminal/.ci/DerivedData/Build/Products/Debug/PackageFrameworks -F /Users/runner/work/Pane-Terminal/Pane-Terminal/.ci/DerivedData/Build/Products/Debug -F /Applications/Xcode_26.4.1.app/Contents/Developer/Platforms/MacOSX.platform/Developer/Library/Frameworks -c -j3 -enable-batch-mode -incremental -Xcc -ivfsstatcache -Xcc /Users/runner/work/Pane-Terminal/Pane-Terminal/.ci/DerivedData/SDKStatCaches.noindex/macosx26.4-25E251-688ef53f1462e2c8f657fdc38a81448f5f67018755ecaf50f85fcd527f9620fa.sdkstatcache -output-file-map /Users/runner/work/Pane-Terminal/Pane-Terminal/.ci/DerivedData/Build/Intermediates.noindex/Pane.build/Debug/PaneCompatibilityTests.build/Objects-normal/arm64/PaneCompatibilityTests-OutputFileMap.json -use-frontend-parseable-output -save-temps -no-color-diagnostics -explicit-module-build -module-cache-path /Users/runner/work/Pane-Terminal/Pane-Terminal/.ci/DerivedData/Build/Intermediates.noindex/SwiftExplicitPrecompiledModules -clang-scanner-module-cache-path /Users/runner/work/Pane-Terminal/Pane-Terminal/.ci/DerivedData/ModuleCache.noindex -sdk-module-cache-path /Users/runner/work/Pane-Terminal/Pane-Terminal/.ci/DerivedData/ModuleCache.noindex -serialize-diagnostics -emit-dependencies -emit-module -emit-module-path /Users/runner/work/Pane-Terminal/Pane-Terminal/.ci/DerivedData/Build/Intermediates.noindex/Pane.build/Debug/PaneCompatibilityTests.build/Objects-normal/arm64/PaneCompatibilityTests.swiftmodule -validate-clang-modules-once -clang-build-session-file /Users/runner/work/Pane-Terminal/Pane-Terminal/.ci/DerivedData/ModuleCache.noindex/Session.modulevalidation -Xcc -I/Users/runner/work/Pane-Terminal/Pane-Terminal/.ci/DerivedData/Build/Intermediates.noindex/Pane.build/Debug/PaneCompatibilityTests.build/swift-overrides.hmap -emit-const-values -Xfrontend -const-gather-protocols-file -Xfrontend /Users/runner/work/Pane-Terminal/Pane-Terminal/.ci/DerivedData/Build/Intermediates.noindex/Pane.build/Debug/PaneCompatibilityTests.build/Objects-normal/arm64/PaneCompatibilityTests_const_extract_protocols.json -Xcc -iquote -Xcc /Users/runner/work/Pane-Terminal/Pane-Terminal/.ci/DerivedData/Build/Intermediates.noindex/Pane.build/Debug/PaneCompatibilityTests.build/PaneCompatibilityTests-generated-files.hmap -Xcc -I/Users/runner/work/Pane-Terminal/Pane-Terminal/.ci/DerivedData/Build/Intermediates.noindex/Pane.build/Debug/PaneCompatibilityTests.build/PaneCompatibilityTests-own-target-headers.hmap -Xcc -I/Users/runner/work/Pane-Terminal/Pane-Terminal/.ci/DerivedData/Build/Intermediates.noindex/Pane.build/Debug/PaneCompatibilityTests.build/PaneCompatibilityTests-all-non-framework-target-headers.hmap -Xcc -ivfsoverlay -Xcc /Users/runner/work/Pane-Terminal/Pane-Terminal/.ci/DerivedData/Build/Intermediates.noindex/Pane.build/Debug/Pane-856c1189ea33eb216496ff32a51b54ce-VFS/all-product-headers.yaml -Xcc -iquote -Xcc /Users/runner/work/Pane-Terminal/Pane-Terminal/.ci/DerivedData/Build/Intermediates.noindex/Pane.build/Debug/PaneCompatibilityTests.build/PaneCompatibilityTests-project-headers.hmap -Xcc -I/Users/runner/work/Pane-Terminal/Pane-Terminal/.ci/DerivedData/Build/Products/Debug/include -Xcc -I/Users/runner/work/Pane-Terminal/Pane-Terminal/.ci/DerivedData/Build/Intermediates.noindex/Pane.build/Debug/PaneCompatibilityTests.build/DerivedSources-normal/arm64 -Xcc -I/Users/runner/work/Pane-Terminal/Pane-Terminal/.ci/DerivedData/Build/Intermediates.noindex/Pane.build/Debug/PaneCompatibilityTests.build/DerivedSources/arm64 -Xcc -I/Users/runner/work/Pane-Terminal/Pane-Terminal/.ci/DerivedData/Build/Intermediates.noindex/Pane.build/Debug/PaneCompatibilityTests.build/DerivedSources -emit-objc-header -emit-objc-header-path /Users/runner/work/Pane-Terminal/Pane-Terminal/.ci/DerivedData/Build/Intermediates.noindex/Pane.build/Debug/PaneCompatibilityTests.build/Objects-normal/arm64/PaneCompatibilityTests-Swift.h -working-directory /Users/runner/work/Pane-Terminal/Pane-Terminal -experimental-emit-module-separately -disable-cmo
Native Pane test targets	Run PaneTests	2026-08-03T15:33:40.8291480Z 
Native Pane test targets	Run PaneTests	2026-08-03T15:33:40.8394350Z ConstructStubExecutorLinkFileList /Users/runner/work/Pane-Terminal/Pane-Terminal/.ci/DerivedData/Build/Intermediates.noindex/Pane.build/Debug/Pane.build/Pane-ExecutorLinkFileList-normal-arm64.txt (in target 'Pane' from project 'Pane')
Native Pane test targets	Run PaneTests	2026-08-03T15:33:40.8498430Z     cd /Users/runner/work/Pane-Terminal/Pane-Terminal
Native Pane test targets	Run PaneTests	2026-08-03T15:33:40.8601550Z     construct-stub-executor-link-file-list /Users/runner/work/Pane-Terminal/Pane-Terminal/.ci/DerivedData/Build/Products/Debug/Pane.app/Contents/MacOS/Pane.debug.dylib /Applications/Xcode_26.4.1.app/Contents/Developer/Platforms/MacOSX.platform/Developer/usr/lib/libPreviewsJITStubExecutor_no_swift_entry_point.a /Applications/Xcode_26.4.1.app/Contents/Developer/Platforms/MacOSX.platform/Developer/usr/lib/libPreviewsJITStubExecutor.a --output /Users/runner/work/Pane-Terminal/Pane-Terminal/.ci/DerivedData/Build/Intermediates.noindex/Pane.build/Debug/Pane.build/Pane-ExecutorLinkFileList-normal-arm64.txt
Native Pane test targets	Run PaneTests	2026-08-03T15:33:40.8705200Z note: Using stub executor library with Swift entry point. (in target 'Pane' from project 'Pane')
Native Pane test targets	Run PaneTests	2026-08-03T15:33:40.8864610Z 
Native Pane test targets	Run PaneTests	2026-08-03T15:33:40.9033760Z Ld /Users/runner/work/Pane-Terminal/Pane-Terminal/.ci/DerivedData/Build/Products/Debug/Pane.app/Contents/MacOS/Pane normal (in target 'Pane' from project 'Pane')
Native Pane test targets	Run PaneTests	2026-08-03T15:33:40.9231370Z     cd /Users/runner/work/Pane-Terminal/Pane-Terminal
Native Pane test targets	Run PaneTests	2026-08-03T15:33:40.9877420Z     /Applications/Xcode_26.4.1.app/Contents/Developer/Toolchains/XcodeDefault.xctoolchain/usr/bin/clang -Xlinker -reproducible -target arm64-apple-macos14.0 -isysroot /Applications/Xcode_26.4.1.app/Contents/Developer/Platforms/MacOSX.platform/Developer/SDKs/MacOSX26.4.sdk -Os -L/Users/runner/work/Pane-Terminal/Pane-Terminal/.ci/DerivedData/Build/Products/Debug -F/Users/runner/work/Pane-Terminal/Pane-Terminal/.ci/DerivedData/Build/Products/Debug/PackageFrameworks -F/Users/runner/work/Pane-Terminal/Pane-Terminal/.ci/DerivedData/Build/Products/Debug -Xlinker -rpath -Xlinker @executable_path -Xlinker -rpath -Xlinker /Users/runner/work/Pane-Terminal/Pane-Terminal/.ci/DerivedData/Build/Products/Debug/PackageFrameworks -Xlinker -rpath -Xlinker @executable_path/../Frameworks -rdynamic -e ___debug_blank_executor_main -Xlinker -sectcreate -Xlinker __TEXT -Xlinker __debug_dylib -Xlinker /Users/runner/work/Pane-Terminal/Pane-Terminal/.ci/DerivedData/Build/Intermediates.noindex/Pane.build/Debug/Pane.build/Pane-DebugDylibPath-normal-arm64.txt -Xlinker -sectcreate -Xlinker __TEXT -Xlinker __debug_instlnm -Xlinker /Users/runner/work/Pane-Terminal/Pane-Terminal/.ci/DerivedData/Build/Intermediates.noindex/Pane.build/Debug/Pane.build/Pane-DebugDylibInstallName-normal-arm64.txt -Xlinker -filelist -Xlinker /Users/runner/work/Pane-Terminal/Pane-Terminal/.ci/DerivedData/Build/Intermediates.noindex/Pane.build/Debug/Pane.build/Pane-ExecutorLinkFileList-normal-arm64.txt /Users/runner/work/Pane-Terminal/Pane-Terminal/.ci/DerivedData/Build/Products/Debug/Pane.app/Contents/MacOS/Pane.debug.dylib -o /Users/runner/work/Pane-Terminal/Pane-Terminal/.ci/DerivedData/Build/Products/Debug/Pane.app/Contents/MacOS/Pane
Native Pane test targets	Run PaneTests	2026-08-03T15:33:40.9900140Z 
Native Pane test targets	Run PaneTests	2026-08-03T15:33:41.0001580Z CopySwiftLibs /Users/runner/work/Pane-Terminal/Pane-Terminal/.ci/DerivedData/Build/Products/Debug/Pane.app (in target 'Pane' from project 'Pane')
Native Pane test targets	Run PaneTests	2026-08-03T15:33:41.0104920Z     cd /Users/runner/work/Pane-Terminal/Pane-Terminal
Native Pane test targets	Run PaneTests	2026-08-03T15:33:41.0226050Z     builtin-swiftStdLibTool --copy --verbose --scan-executable /Users/runner/work/Pane-Terminal/Pane-Terminal/.ci/DerivedData/Build/Products/Debug/Pane.app/Contents/MacOS/Pane.debug.dylib --scan-folder /Users/runner/work/Pane-Terminal/Pane-Terminal/.ci/DerivedData/Build/Products/Debug/Pane.app/Contents/Frameworks --scan-folder /Users/runner/work/Pane-Terminal/Pane-Terminal/.ci/DerivedData/Build/Products/Debug/Pane.app/Contents/PlugIns --scan-folder /Users/runner/work/Pane-Terminal/Pane-Terminal/.ci/DerivedData/Build/Products/Debug/Pane.app/Contents/Library/SystemExtensions --scan-folder /Users/runner/work/Pane-Terminal/Pane-Terminal/.ci/DerivedData/Build/Products/Debug/Pane.app/Contents/Extensions --platform macosx --toolchain /var/run/com.apple.security.cryptexd/mnt/com.apple.MobileAsset.MetalToolchain-v17.5.188.0.fqPWJT/Metal.xctoolchain --toolchain /Applications/Xcode_26.4.1.app/Contents/Developer/Toolchains/XcodeDefault.xctoolchain --destination /Users/runner/work/Pane-Terminal/Pane-Terminal/.ci/DerivedData/Build/Products/Debug/Pane.app/Contents/Frameworks --strip-bitcode --strip-bitcode-tool /Applications/Xcode_26.4.1.app/Contents/Developer/Toolchains/XcodeDefault.xctoolchain/usr/bin/bitcode_strip --emit-dependency-info /Users/runner/work/Pane-Terminal/Pane-Terminal/.ci/DerivedData/Build/Intermediates.noindex/Pane.build/Debug/Pane.build/SwiftStdLibToolInputDependencies.dep --filter-for-swift-os --back-deploy-swift-span
Native Pane test targets	Run PaneTests	2026-08-03T15:33:41.0339560Z Ignoring --strip-bitcode because --sign was not passed
Native Pane test targets	Run PaneTests	2026-08-03T15:33:41.0440360Z 
Native Pane test targets	Run PaneTests	2026-08-03T15:33:41.0542590Z ExtractAppIntentsMetadata (in target 'Pane' from project 'Pane')
Native Pane test targets	Run PaneTests	2026-08-03T15:33:41.0644970Z     cd /Users/runner/work/Pane-Terminal/Pane-Terminal
Native Pane test targets	Run PaneTests	2026-08-03T15:33:41.0752510Z     /Applications/Xcode_26.4.1.app/Contents/Developer/Toolchains/XcodeDefault.xctoolchain/usr/bin/appintentsmetadataprocessor --toolchain-dir /var/run/com.apple.security.cryptexd/mnt/com.apple.MobileAsset.MetalToolchain-v17.5.188.0.fqPWJT/Metal.xctoolchain --module-name Pane --sdk-root /Applications/Xcode_26.4.1.app/Contents/Developer/Platforms/MacOSX.platform/Developer/SDKs/MacOSX26.4.sdk --xcode-version 17E202 --platform-family macOS --deployment-target 14.0 --bundle-identifier com.gilbertkrantz.Pane --output /Users/runner/work/Pane-Terminal/Pane-Terminal/.ci/DerivedData/Build/Products/Debug/Pane.app/Contents/Resources --target-triple arm64-apple-macos14.0 --binary-file /Users/runner/work/Pane-Terminal/Pane-Terminal/.ci/DerivedData/Build/Products/Debug/Pane.app/Contents/MacOS/Pane --dependency-file /Users/runner/work/Pane-Terminal/Pane-Terminal/.ci/DerivedData/Build/Intermediates.noindex/Pane.build/Debug/Pane.build/Objects-normal/arm64/Pane_dependency_info.dat --stringsdata-file /Users/runner/work/Pane-Terminal/Pane-Terminal/.ci/DerivedData/Build/Intermediates.noindex/Pane.build/Debug/Pane.build/Objects-normal/arm64/ExtractedAppShortcutsMetadata.stringsdata --source-file-list /Users/runner/work/Pane-Terminal/Pane-Terminal/.ci/DerivedData/Build/Intermediates.noindex/Pane.build/Debug/Pane.build/Objects-normal/arm64/Pane.SwiftFileList --metadata-file-list /Users/runner/work/Pane-Terminal/Pane-Terminal/.ci/DerivedData/Build/Intermediates.noindex/Pane.build/Debug/Pane.build/Pane.DependencyMetadataFileList --static-metadata-file-list /Users/runner/work/Pane-Terminal/Pane-Terminal/.ci/DerivedData/Build/Intermediates.noindex/Pane.build/Debug/Pane.build/Pane.DependencyStaticMetadataFileList --swift-const-vals-list /Users/runner/work/Pane-Terminal/Pane-Terminal/.ci/DerivedData/Build/Intermediates.noindex/Pane.build/Debug/Pane.build/Objects-normal/arm64/Pane.SwiftConstValuesFileList --compile-time-extraction --deployment-aware-processing --validate-assistant-intents --no-app-shortcuts-localization
Native Pane test targets	Run PaneTests	2026-08-03T15:33:41.0863720Z 2026-08-03 15:33:39.321 appintentsmetadataprocessor[2443:11424] Starting appintentsmetadataprocessor export
Native Pane test targets	Run PaneTests	2026-08-03T15:33:41.0966550Z 2026-08-03 15:33:39.324 appintentsmetadataprocessor[2443:11424] warning: Metadata extraction skipped. No AppIntents.framework dependency found.
Native Pane test targets	Run PaneTests	2026-08-03T15:33:41.1070490Z 
Native Pane test targets	Run PaneTests	2026-08-03T15:33:41.1463880Z Copy /Users/runner/work/Pane-Terminal/Pane-Terminal/.ci/DerivedData/Build/Products/Debug/Pane.app/Contents/PlugIns/PaneTests.xctest/Contents/Resources/SwiftTerm_SwiftTerm.bundle /Users/runner/work/Pane-Terminal/Pane-Terminal/.ci/DerivedData/Build/Products/Debug/SwiftTerm_SwiftTerm.bundle (in target 'PaneTests' from project 'Pane')
Native Pane test targets	Run PaneTests	2026-08-03T15:33:41.1600660Z     cd /Users/runner/work/Pane-Terminal/Pane-Terminal
Native Pane test targets	Run PaneTests	2026-08-03T15:33:41.1718030Z     builtin-copy -exclude .DS_Store -exclude CVS -exclude .svn -exclude .git -exclude .hg -strip-unsigned-binaries -strip-deterministic -strip-tool /Applications/Xcode_26.4.1.app/Contents/Developer/Toolchains/XcodeDefault.xctoolchain/usr/bin/strip -resolve-src-symlinks /Users/runner/work/Pane-Terminal/Pane-Terminal/.ci/DerivedData/Build/Products/Debug/SwiftTerm_SwiftTerm.bundle /Users/runner/work/Pane-Terminal/Pane-Terminal/.ci/DerivedData/Build/Products/Debug/Pane.app/Contents/PlugIns/PaneTests.xctest/Contents/Resources
Native Pane test targets	Run PaneTests	2026-08-03T15:33:41.1822090Z 
Native Pane test targets	Run PaneTests	2026-08-03T15:33:41.1925460Z Ld /Users/runner/work/Pane-Terminal/Pane-Terminal/.ci/DerivedData/Build/Products/Debug/Pane.app/Contents/PlugIns/PaneTests.xctest/Contents/MacOS/PaneTests normal (in target 'PaneTests' from project 'Pane')
Native Pane test targets	Run PaneTests	2026-08-03T15:33:41.2035030Z     cd /Users/runner/work/Pane-Terminal/Pane-Terminal
Native Pane test targets	Run PaneTests	2026-08-03T15:33:41.2154140Z     /Applications/Xcode_26.4.1.app/Contents/Developer/Toolchains/XcodeDefault.xctoolchain/usr/bin/clang -Xlinker -reproducible -target arm64-apple-macos14.0 -bundle -isysroot /Applications/Xcode_26.4.1.app/Contents/Developer/Platforms/MacOSX.platform/Developer/SDKs/MacOSX26.4.sdk -Os -L/Users/runner/work/Pane-Terminal/Pane-Terminal/.ci/DerivedData/Build/Intermediates.noindex/EagerLinkingTBDs/Debug -L/Users/runner/work/Pane-Terminal/Pane-Terminal/.ci/DerivedData/Build/Products/Debug -L/Applications/Xcode_26.4.1.app/Contents/Developer/Platforms/MacOSX.platform/Developer/usr/lib -F/Users/runner/work/Pane-Terminal/Pane-Terminal/.ci/DerivedData/Build/Intermediates.noindex/EagerLinkingTBDs/Debug -F/Users/runner/work/Pane-Terminal/Pane-Terminal/.ci/DerivedData/Build/Products/Debug/PackageFrameworks -F/Users/runner/work/Pane-Terminal/Pane-Terminal/.ci/DerivedData/Build/Products/Debug -iframework /Applications/Xcode_26.4.1.app/Contents/Developer/Platforms/MacOSX.platform/Developer/Library/Frameworks -filelist /Users/runner/work/Pane-Terminal/Pane-Terminal/.ci/DerivedData/Build/Intermediates.noindex/Pane.build/Debug/PaneTests.build/Objects-normal/arm64/PaneTests.LinkFileList -Xlinker -rpath -Xlinker /usr/lib/swift -Xlinker -rpath -Xlinker /Users/runner/work/Pane-Terminal/Pane-Terminal/.ci/DerivedData/Build/Products/Debug/PackageFrameworks -Xlinker -rpath -Xlinker @loader_path/../Frameworks -Xlinker -rpath -Xlinker @executable_path/../Frameworks -Xlinker -dead_strip -bundle_loader /Users/runner/work/Pane-Terminal/Pane-Terminal/.ci/DerivedData/Build/Products/Debug/Pane.app/Contents/MacOS/Pane -Xlinker -object_path_lto -Xlinker /Users/runner/work/Pane-Terminal/Pane-Terminal/.ci/DerivedData/Build/Intermediates.noindex/Pane.build/Debug/PaneTests.build/Objects-normal/arm64/PaneTests_lto.o -rdynamic -Xlinker -dependency_info -Xlinker /Users/runner/work/Pane-Terminal/Pane-Terminal/.ci/DerivedData/Build/Intermediates.noindex/Pane.build/Debug/PaneTests.build/Objects-normal/arm64/PaneTests_dependency_info.dat -fobjc-link-runtime -L/Applications/Xcode_26.4.1.app/Contents/Developer/Toolchains/XcodeDefault.xctoolchain/usr/lib/swift/macosx -L/usr/lib/swift -Xlinker -add_ast_path -Xlinker /Users/runner/work/Pane-Terminal/Pane-Terminal/.ci/DerivedData/Build/Intermediates.noindex/Pane.build/Debug/PaneTests.build/Objects-normal/arm64/PaneTests.swiftmodule @/Users/runner/work/Pane-Terminal/Pane-Terminal/.ci/DerivedData/Build/Intermediates.noindex/Pane.build/Debug/PaneTests.build/Objects-normal/arm64/PaneTests-linker-args.resp -Wl,-no_warn_duplicate_libraries -Xlinker -needed_framework -Xlinker XCTest -framework XCTest -Xlinker -needed-lXCTestSwiftSupport -lXCTestSwiftSupport /Users/runner/work/Pane-Terminal/Pane-Terminal/.ci/DerivedData/Build/Products/Debug/Pane.app/Contents/MacOS/Pane.debug.dylib -o /Users/runner/work/Pane-Terminal/Pane-Terminal/.ci/DerivedData/Build/Products/Debug/Pane.app/Contents/PlugIns/PaneTests.xctest/Contents/MacOS/PaneTests
Native Pane test targets	Run PaneTests	2026-08-03T15:33:41.2167980Z 
Native Pane test targets	Run PaneTests	2026-08-03T15:33:41.2309100Z CpResource /Users/runner/work/Pane-Terminal/Pane-Terminal/.ci/DerivedData/Build/Products/Debug/Pane.app/Contents/PlugIns/PaneCompatibilityTests.xctest/Contents/Resources/pane-fixture /Users/runner/work/Pane-Terminal/Pane-Terminal/Tests/Compatibility/Fixtures/pane-fixture (in target 'PaneCompatibilityTests' from project 'Pane')
Native Pane test targets	Run PaneTests	2026-08-03T15:33:41.2418650Z     cd /Users/runner/work/Pane-Terminal/Pane-Terminal
Native Pane test targets	Run PaneTests	2026-08-03T15:33:41.2522190Z     builtin-copy -exclude .DS_Store -exclude CVS -exclude .svn -exclude .git -exclude .hg -strip-unsigned-binaries -strip-deterministic -strip-tool /Applications/Xcode_26.4.1.app/Contents/Developer/Toolchains/XcodeDefault.xctoolchain/usr/bin/strip -resolve-src-symlinks /Users/runner/work/Pane-Terminal/Pane-Terminal/Tests/Compatibility/Fixtures/pane-fixture /Users/runner/work/Pane-Terminal/Pane-Terminal/.ci/DerivedData/Build/Products/Debug/Pane.app/Contents/PlugIns/PaneCompatibilityTests.xctest/Contents/Resources
Native Pane test targets	Run PaneTests	2026-08-03T15:33:41.2624820Z 
Native Pane test targets	Run PaneTests	2026-08-03T15:33:41.2726510Z Ld /Users/runner/work/Pane-Terminal/Pane-Terminal/.ci/DerivedData/Build/Products/Debug/Pane.app/Contents/PlugIns/PaneCompatibilityTests.xctest/Contents/MacOS/PaneCompatibilityTests normal (in target 'PaneCompatibilityTests' from project 'Pane')
Native Pane test targets	Run PaneTests	2026-08-03T15:33:41.2829900Z     cd /Users/runner/work/Pane-Terminal/Pane-Terminal
Native Pane test targets	Run PaneTests	2026-08-03T15:33:41.2955510Z     /Applications/Xcode_26.4.1.app/Contents/Developer/Toolchains/XcodeDefault.xctoolchain/usr/bin/clang -Xlinker -reproducible -target arm64-apple-macos14.0 -bundle -isysroot /Applications/Xcode_26.4.1.app/Contents/Developer/Platforms/MacOSX.platform/Developer/SDKs/MacOSX26.4.sdk -Os -L/Users/runner/work/Pane-Terminal/Pane-Terminal/.ci/DerivedData/Build/Intermediates.noindex/EagerLinkingTBDs/Debug -L/Users/runner/work/Pane-Terminal/Pane-Terminal/.ci/DerivedData/Build/Products/Debug -L/Applications/Xcode_26.4.1.app/Contents/Developer/Platforms/MacOSX.platform/Developer/usr/lib -F/Users/runner/work/Pane-Terminal/Pane-Terminal/.ci/DerivedData/Build/Intermediates.noindex/EagerLinkingTBDs/Debug -F/Users/runner/work/Pane-Terminal/Pane-Terminal/.ci/DerivedData/Build/Products/Debug/PackageFrameworks -F/Users/runner/work/Pane-Terminal/Pane-Terminal/.ci/DerivedData/Build/Products/Debug -iframework /Applications/Xcode_26.4.1.app/Contents/Developer/Platforms/MacOSX.platform/Developer/Library/Frameworks -filelist /Users/runner/work/Pane-Terminal/Pane-Terminal/.ci/DerivedData/Build/Intermediates.noindex/Pane.build/Debug/PaneCompatibilityTests.build/Objects-normal/arm64/PaneCompatibilityTests.LinkFileList -Xlinker -rpath -Xlinker /usr/lib/swift -Xlinker -rpath -Xlinker /Users/runner/work/Pane-Terminal/Pane-Terminal/.ci/DerivedData/Build/Products/Debug/PackageFrameworks -Xlinker -rpath -Xlinker @loader_path/../Frameworks -Xlinker -rpath -Xlinker @executable_path/../Frameworks -Xlinker -dead_strip -bundle_loader /Users/runner/work/Pane-Terminal/Pane-Terminal/.ci/DerivedData/Build/Products/Debug/Pane.app/Contents/MacOS/Pane -Xlinker -object_path_lto -Xlinker /Users/runner/work/Pane-Terminal/Pane-Terminal/.ci/DerivedData/Build/Intermediates.noindex/Pane.build/Debug/PaneCompatibilityTests.build/Objects-normal/arm64/PaneCompatibilityTests_lto.o -rdynamic -Xlinker -dependency_info -Xlinker /Users/runner/work/Pane-Terminal/Pane-Terminal/.ci/DerivedData/Build/Intermediates.noindex/Pane.build/Debug/PaneCompatibilityTests.build/Objects-normal/arm64/PaneCompatibilityTests_dependency_info.dat -fobjc-link-runtime -L/Applications/Xcode_26.4.1.app/Contents/Developer/Toolchains/XcodeDefault.xctoolchain/usr/lib/swift/macosx -L/usr/lib/swift -Xlinker -add_ast_path -Xlinker /Users/runner/work/Pane-Terminal/Pane-Terminal/.ci/DerivedData/Build/Intermediates.noindex/Pane.build/Debug/PaneCompatibilityTests.build/Objects-normal/arm64/PaneCompatibilityTests.swiftmodule @/Users/runner/work/Pane-Terminal/Pane-Terminal/.ci/DerivedData/Build/Intermediates.noindex/Pane.build/Debug/PaneCompatibilityTests.build/Objects-normal/arm64/PaneCompatibilityTests-linker-args.resp -Wl,-no_warn_duplicate_libraries -Xlinker -needed_framework -Xlinker XCTest -framework XCTest -Xlinker -needed-lXCTestSwiftSupport -lXCTestSwiftSupport /Users/runner/work/Pane-Terminal/Pane-Terminal/.ci/DerivedData/Build/Products/Debug/Pane.app/Contents/MacOS/Pane.debug.dylib -o /Users/runner/work/Pane-Terminal/Pane-Terminal/.ci/DerivedData/Build/Products/Debug/Pane.app/Contents/PlugIns/PaneCompatibilityTests.xctest/Contents/MacOS/PaneCompatibilityTests
Native Pane test targets	Run PaneTests	2026-08-03T15:33:41.3075190Z 
Native Pane test targets	Run PaneTests	2026-08-03T15:33:41.3115060Z Copy /Users/runner/work/Pane-Terminal/Pane-Terminal/.ci/DerivedData/Build/Products/Debug/Pane.app/Contents/PlugIns/PaneCompatibilityTests.xctest/Contents/Resources/SwiftTerm_SwiftTerm.bundle /Users/runner/work/Pane-Terminal/Pane-Terminal/.ci/DerivedData/Build/Products/Debug/SwiftTerm_SwiftTerm.bundle (in target 'PaneCompatibilityTests' from project 'Pane')
Native Pane test targets	Run PaneTests	2026-08-03T15:33:41.3218830Z     cd /Users/runner/work/Pane-Terminal/Pane-Terminal
Native Pane test targets	Run PaneTests	2026-08-03T15:33:41.3331310Z     builtin-copy -exclude .DS_Store -exclude CVS -exclude .svn -exclude .git -exclude .hg -strip-unsigned-binaries -strip-deterministic -strip-tool /Applications/Xcode_26.4.1.app/Contents/Developer/Toolchains/XcodeDefault.xctoolchain/usr/bin/strip -resolve-src-symlinks /Users/runner/work/Pane-Terminal/Pane-Terminal/.ci/DerivedData/Build/Products/Debug/SwiftTerm_SwiftTerm.bundle /Users/runner/work/Pane-Terminal/Pane-Terminal/.ci/DerivedData/Build/Products/Debug/Pane.app/Contents/PlugIns/PaneCompatibilityTests.xctest/Contents/Resources
Native Pane test targets	Run PaneTests	2026-08-03T15:33:41.3437680Z 
Native Pane test targets	Run PaneTests	2026-08-03T15:33:41.3539770Z ProcessInfoPlistFile /Users/runner/work/Pane-Terminal/Pane-Terminal/.ci/DerivedData/Build/Products/Debug/Pane.app/Contents/PlugIns/PaneTests.xctest/Contents/Info.plist /Users/runner/work/Pane-Terminal/Pane-Terminal/.ci/DerivedData/Build/Intermediates.noindex/Pane.build/Debug/PaneTests.build/empty-PaneTests.plist (in target 'PaneTests' from project 'Pane')
Native Pane test targets	Run PaneTests	2026-08-03T15:33:41.3641780Z     cd /Users/runner/work/Pane-Terminal/Pane-Terminal
Native Pane test targets	Run PaneTests	2026-08-03T15:33:41.3746120Z     builtin-infoPlistUtility /Users/runner/work/Pane-Terminal/Pane-Terminal/.ci/DerivedData/Build/Intermediates.noindex/Pane.build/Debug/PaneTests.build/empty-PaneTests.plist -producttype com.apple.product-type.bundle.unit-test -expandbuildsettings -platform macosx -additionalcontentfile /Users/runner/work/Pane-Terminal/Pane-Terminal/.ci/DerivedData/Build/Intermediates.noindex/Pane.build/Debug/PaneTests.build/assetcatalog_generated_info.plist -scanforprivacyfile /Users/runner/work/Pane-Terminal/Pane-Terminal/.ci/DerivedData/Build/Products/Debug/Pane.app/Contents/PlugIns/PaneTests.xctest/Contents/Resources/SwiftTerm_SwiftTerm.bundle -o /Users/runner/work/Pane-Terminal/Pane-Terminal/.ci/DerivedData/Build/Products/Debug/Pane.app/Contents/PlugIns/PaneTests.xctest/Contents/Info.plist
Native Pane test targets	Run PaneTests	2026-08-03T15:33:41.3849970Z 
Native Pane test targets	Run PaneTests	2026-08-03T15:33:41.3951990Z ProcessInfoPlistFile /Users/runner/work/Pane-Terminal/Pane-Terminal/.ci/DerivedData/Build/Products/Debug/Pane.app/Contents/PlugIns/PaneCompatibilityTests.xctest/Contents/Info.plist /Users/runner/work/Pane-Terminal/Pane-Terminal/.ci/DerivedData/Build/Intermediates.noindex/Pane.build/Debug/PaneCompatibilityTests.build/empty-PaneCompatibilityTests.plist (in target 'PaneCompatibilityTests' from project 'Pane')
Native Pane test targets	Run PaneTests	2026-08-03T15:33:41.4056490Z     cd /Users/runner/work/Pane-Terminal/Pane-Terminal
Native Pane test targets	Run PaneTests	2026-08-03T15:33:41.4163620Z     builtin-infoPlistUtility /Users/runner/work/Pane-Terminal/Pane-Terminal/.ci/DerivedData/Build/Intermediates.noindex/Pane.build/Debug/PaneCompatibilityTests.build/empty-PaneCompatibilityTests.plist -producttype com.apple.product-type.bundle.unit-test -expandbuildsettings -platform macosx -scanforprivacyfile /Users/runner/work/Pane-Terminal/Pane-Terminal/.ci/DerivedData/Build/Products/Debug/Pane.app/Contents/PlugIns/PaneCompatibilityTests.xctest/Contents/Resources/SwiftTerm_SwiftTerm.bundle -o /Users/runner/work/Pane-Terminal/Pane-Terminal/.ci/DerivedData/Build/Products/Debug/Pane.app/Contents/PlugIns/PaneCompatibilityTests.xctest/Contents/Info.plist
Native Pane test targets	Run PaneTests	2026-08-03T15:33:41.4266490Z 
Native Pane test targets	Run PaneTests	2026-08-03T15:33:41.4368590Z ExtractAppIntentsMetadata (in target 'PaneCompatibilityTests' from project 'Pane')
Native Pane test targets	Run PaneTests	2026-08-03T15:33:41.4517160Z     cd /Users/runner/work/Pane-Terminal/Pane-Terminal
Native Pane test targets	Run PaneTests	2026-08-03T15:33:41.4672350Z     /Applications/Xcode_26.4.1.app/Contents/Developer/Toolchains/XcodeDefault.xctoolchain/usr/bin/appintentsmetadataprocessor --toolchain-dir /var/run/com.apple.security.cryptexd/mnt/com.apple.MobileAsset.MetalToolchain-v17.5.188.0.fqPWJT/Metal.xctoolchain --module-name PaneCompatibilityTests --sdk-root /Applications/Xcode_26.4.1.app/Contents/Developer/Platforms/MacOSX.platform/Developer/SDKs/MacOSX26.4.sdk --xcode-version 17E202 --platform-family macOS --deployment-target 14.0 --bundle-identifier com.gilbertkrantz.PaneCompatibilityTests --output /Users/runner/work/Pane-Terminal/Pane-Terminal/.ci/DerivedData/Build/Products/Debug/Pane.app/Contents/PlugIns/PaneCompatibilityTests.xctest/Contents/Resources --target-triple arm64-apple-macos14.0 --binary-file /Users/runner/work/Pane-Terminal/Pane-Terminal/.ci/DerivedData/Build/Products/Debug/Pane.app/Contents/PlugIns/PaneCompatibilityTests.xctest/Contents/MacOS/PaneCompatibilityTests --dependency-file /Users/runner/work/Pane-Terminal/Pane-Terminal/.ci/DerivedData/Build/Intermediates.noindex/Pane.build/Debug/PaneCompatibilityTests.build/Objects-normal/arm64/PaneCompatibilityTests_dependency_info.dat --stringsdata-file /Users/runner/work/Pane-Terminal/Pane-Terminal/.ci/DerivedData/Build/Intermediates.noindex/Pane.build/Debug/PaneCompatibilityTests.build/Objects-normal/arm64/ExtractedAppShortcutsMetadata.stringsdata --source-file-list /Users/runner/work/Pane-Terminal/Pane-Terminal/.ci/DerivedData/Build/Intermediates.noindex/Pane.build/Debug/PaneCompatibilityTests.build/Objects-normal/arm64/PaneCompatibilityTests.SwiftFileList --metadata-file-list /Users/runner/work/Pane-Terminal/Pane-Terminal/.ci/DerivedData/Build/Intermediates.noindex/Pane.build/Debug/PaneCompatibilityTests.build/PaneCompatibilityTests.DependencyMetadataFileList --static-metadata-file-list /Users/runner/work/Pane-Terminal/Pane-Terminal/.ci/DerivedData/Build/Intermediates.noindex/Pane.build/Debug/PaneCompatibilityTests.build/PaneCompatibilityTests.DependencyStaticMetadataFileList --swift-const-vals-list /Users/runner/work/Pane-Terminal/Pane-Terminal/.ci/DerivedData/Build/Intermediates.noindex/Pane.build/Debug/PaneCompatibilityTests.build/Objects-normal/arm64/PaneCompatibilityTests.SwiftConstValuesFileList --compile-time-extraction --deployment-aware-processing --validate-assistant-intents --no-app-shortcuts-localization
Native Pane test targets	Run PaneTests	2026-08-03T15:33:41.4686800Z 2026-08-03 15:33:39.880 appintentsmetadataprocessor[2451:11472] Starting appintentsmetadataprocessor export
Native Pane test targets	Run PaneTests	2026-08-03T15:33:41.4789480Z 2026-08-03 15:33:39.882 appintentsmetadataprocessor[2451:11472] warning: Metadata extraction skipped. No AppIntents.framework dependency found.
Native Pane test targets	Run PaneTests	2026-08-03T15:33:41.4888900Z 
Native Pane test targets	Run PaneTests	2026-08-03T15:33:41.5018060Z CopySwiftLibs /Users/runner/work/Pane-Terminal/Pane-Terminal/.ci/DerivedData/Build/Products/Debug/Pane.app/Contents/PlugIns/PaneCompatibilityTests.xctest (in target 'PaneCompatibilityTests' from project 'Pane')
Native Pane test targets	Run PaneTests	2026-08-03T15:33:41.5125820Z     cd /Users/runner/work/Pane-Terminal/Pane-Terminal
Native Pane test targets	Run PaneTests	2026-08-03T15:33:41.5238700Z     builtin-swiftStdLibTool --copy --verbose --scan-executable /Users/runner/work/Pane-Terminal/Pane-Terminal/.ci/DerivedData/Build/Products/Debug/Pane.app/Contents/PlugIns/PaneCompatibilityTests.xctest/Contents/MacOS/PaneCompatibilityTests --scan-folder /Users/runner/work/Pane-Terminal/Pane-Terminal/.ci/DerivedData/Build/Products/Debug/Pane.app/Contents/PlugIns/PaneCompatibilityTests.xctest/Contents/Frameworks --scan-folder /Users/runner/work/Pane-Terminal/Pane-Terminal/.ci/DerivedData/Build/Products/Debug/Pane.app/Contents/PlugIns/PaneCompatibilityTests.xctest/Contents/PlugIns --scan-folder /Users/runner/work/Pane-Terminal/Pane-Terminal/.ci/DerivedData/Build/Products/Debug/Pane.app/Contents/PlugIns/PaneCompatibilityTests.xctest/Contents/Library/SystemExtensions --scan-folder /Users/runner/work/Pane-Terminal/Pane-Terminal/.ci/DerivedData/Build/Products/Debug/Pane.app/Contents/PlugIns/PaneCompatibilityTests.xctest/Contents/Extensions --platform macosx --toolchain /var/run/com.apple.security.cryptexd/mnt/com.apple.MobileAsset.MetalToolchain-v17.5.188.0.fqPWJT/Metal.xctoolchain --toolchain /Applications/Xcode_26.4.1.app/Contents/Developer/Toolchains/XcodeDefault.xctoolchain --destination /Users/runner/work/Pane-Terminal/Pane-Terminal/.ci/DerivedData/Build/Products/Debug/Pane.app/Contents/PlugIns/PaneCompatibilityTests.xctest/Contents/Frameworks --strip-bitcode --scan-executable /Applications/Xcode_26.4.1.app/Contents/Developer/Platforms/MacOSX.platform/Developer/usr/lib/libXCTestSwiftSupport.dylib --strip-bitcode-tool /Applications/Xcode_26.4.1.app/Contents/Developer/Toolchains/XcodeDefault.xctoolchain/usr/bin/bitcode_strip --emit-dependency-info /Users/runner/work/Pane-Terminal/Pane-Terminal/.ci/DerivedData/Build/Intermediates.noindex/Pane.build/Debug/PaneCompatibilityTests.build/SwiftStdLibToolInputDependencies.dep --filter-for-swift-os --back-deploy-swift-span
Native Pane test targets	Run PaneTests	2026-08-03T15:33:41.5325200Z Ignoring --strip-bitcode because --sign was not passed
Native Pane test targets	Run PaneTests	2026-08-03T15:33:41.5325470Z 
Native Pane test targets	Run PaneTests	2026-08-03T15:33:41.5325650Z ExtractAppIntentsMetadata (in target 'PaneTests' from project 'Pane')
Native Pane test targets	Run PaneTests	2026-08-03T15:33:41.5326570Z     cd /Users/runner/work/Pane-Terminal/Pane-Terminal
Native Pane test targets	Run PaneTests	2026-08-03T15:33:41.5334850Z     /Applications/Xcode_26.4.1.app/Contents/Developer/Toolchains/XcodeDefault.xctoolchain/usr/bin/appintentsmetadataprocessor --toolchain-dir /var/run/com.apple.security.cryptexd/mnt/com.apple.MobileAsset.MetalToolchain-v17.5.188.0.fqPWJT/Metal.xctoolchain --module-name PaneTests --sdk-root /Applications/Xcode_26.4.1.app/Contents/Developer/Platforms/MacOSX.platform/Developer/SDKs/MacOSX26.4.sdk --xcode-version 17E202 --platform-family macOS --deployment-target 14.0 --bundle-identifier com.gilbertkrantz.PaneTests --output /Users/runner/work/Pane-Terminal/Pane-Terminal/.ci/DerivedData/Build/Products/Debug/Pane.app/Contents/PlugIns/PaneTests.xctest/Contents/Resources --target-triple arm64-apple-macos14.0 --binary-file /Users/runner/work/Pane-Terminal/Pane-Terminal/.ci/DerivedData/Build/Products/Debug/Pane.app/Contents/PlugIns/PaneTests.xctest/Contents/MacOS/PaneTests --dependency-file /Users/runner/work/Pane-Terminal/Pane-Terminal/.ci/DerivedData/Build/Intermediates.noindex/Pane.build/Debug/PaneTests.build/Objects-normal/arm64/PaneTests_dependency_info.dat --stringsdata-file /Users/runner/work/Pane-Terminal/Pane-Terminal/.ci/DerivedData/Build/Intermediates.noindex/Pane.build/Debug/PaneTests.build/Objects-normal/arm64/ExtractedAppShortcutsMetadata.stringsdata --source-file-list /Users/runner/work/Pane-Terminal/Pane-Terminal/.ci/DerivedData/Build/Intermediates.noindex/Pane.build/Debug/PaneTests.build/Objects-normal/arm64/PaneTests.SwiftFileList --metadata-file-list /Users/runner/work/Pane-Terminal/Pane-Terminal/.ci/DerivedData/Build/Intermediates.noindex/Pane.build/Debug/PaneTests.build/PaneTests.DependencyMetadataFileList --static-metadata-file-list /Users/runner/work/Pane-Terminal/Pane-Terminal/.ci/DerivedData/Build/Intermediates.noindex/Pane.build/Debug/PaneTests.build/PaneTests.DependencyStaticMetadataFileList --swift-const-vals-list /Users/runner/work/Pane-Terminal/Pane-Terminal/.ci/DerivedData/Build/Intermediates.noindex/Pane.build/Debug/PaneTests.build/Objects-normal/arm64/PaneTests.SwiftConstValuesFileList --compile-time-extraction --deployment-aware-processing --validate-assistant-intents --no-app-shortcuts-localization
Native Pane test targets	Run PaneTests	2026-08-03T15:33:41.5356250Z 2026-08-03 15:33:39.886 appintentsmetadataprocessor[2452:11473] Starting appintentsmetadataprocessor export
Native Pane test targets	Run PaneTests	2026-08-03T15:33:41.5357390Z 2026-08-03 15:33:39.888 appintentsmetadataprocessor[2452:11473] warning: Metadata extraction skipped. No AppIntents.framework dependency found.
Native Pane test targets	Run PaneTests	2026-08-03T15:33:41.5357860Z 
Native Pane test targets	Run PaneTests	2026-08-03T15:33:41.5358470Z CopySwiftLibs /Users/runner/work/Pane-Terminal/Pane-Terminal/.ci/DerivedData/Build/Products/Debug/Pane.app/Contents/PlugIns/PaneTests.xctest (in target 'PaneTests' from project 'Pane')
Native Pane test targets	Run PaneTests	2026-08-03T15:33:41.5359320Z     cd /Users/runner/work/Pane-Terminal/Pane-Terminal
Native Pane test targets	Run PaneTests	2026-08-03T15:33:41.5393750Z     builtin-swiftStdLibTool --copy --verbose --scan-executable /Users/runner/work/Pane-Terminal/Pane-Terminal/.ci/DerivedData/Build/Products/Debug/Pane.app/Contents/PlugIns/PaneTests.xctest/Contents/MacOS/PaneTests --scan-folder /Users/runner/work/Pane-Terminal/Pane-Terminal/.ci/DerivedData/Build/Products/Debug/Pane.app/Contents/PlugIns/PaneTests.xctest/Contents/Frameworks --scan-folder /Users/runner/work/Pane-Terminal/Pane-Terminal/.ci/DerivedData/Build/Products/Debug/Pane.app/Contents/PlugIns/PaneTests.xctest/Contents/PlugIns --scan-folder /Users/runner/work/Pane-Terminal/Pane-Terminal/.ci/DerivedData/Build/Products/Debug/Pane.app/Contents/PlugIns/PaneTests.xctest/Contents/Library/SystemExtensions --scan-folder /Users/runner/work/Pane-Terminal/Pane-Terminal/.ci/DerivedData/Build/Products/Debug/Pane.app/Contents/PlugIns/PaneTests.xctest/Contents/Extensions --platform macosx --toolchain /var/run/com.apple.security.cryptexd/mnt/com.apple.MobileAsset.MetalToolchain-v17.5.188.0.fqPWJT/Metal.xctoolchain --toolchain /Applications/Xcode_26.4.1.app/Contents/Developer/Toolchains/XcodeDefault.xctoolchain --destination /Users/runner/work/Pane-Terminal/Pane-Terminal/.ci/DerivedData/Build/Products/Debug/Pane.app/Contents/PlugIns/PaneTests.xctest/Contents/Frameworks --strip-bitcode --scan-executable /Applications/Xcode_26.4.1.app/Contents/Developer/Platforms/MacOSX.platform/Developer/usr/lib/libXCTestSwiftSupport.dylib --strip-bitcode-tool /Applications/Xcode_26.4.1.app/Contents/Developer/Toolchains/XcodeDefault.xctoolchain/usr/bin/bitcode_strip --emit-dependency-info /Users/runner/work/Pane-Terminal/Pane-Terminal/.ci/DerivedData/Build/Intermediates.noindex/Pane.build/Debug/PaneTests.build/SwiftStdLibToolInputDependencies.dep --filter-for-swift-os --back-deploy-swift-span
Native Pane test targets	Run PaneTests	2026-08-03T15:33:41.5403070Z Ignoring --strip-bitcode because --sign was not passed
Native Pane test targets	Run PaneTests	2026-08-03T15:33:41.5403340Z 
Native Pane test targets	Run PaneTests	2026-08-03T15:33:41.5403990Z RegisterExecutionPolicyException /Users/runner/work/Pane-Terminal/Pane-Terminal/.ci/DerivedData/Build/Products/Debug/Pane.app/Contents/PlugIns/PaneCompatibilityTests.xctest (in target 'PaneCompatibilityTests' from project 'Pane')
Native Pane test targets	Run PaneTests	2026-08-03T15:33:41.5404930Z     cd /Users/runner/work/Pane-Terminal/Pane-Terminal
Native Pane test targets	Run PaneTests	2026-08-03T15:33:41.5405670Z     builtin-RegisterExecutionPolicyException /Users/runner/work/Pane-Terminal/Pane-Terminal/.ci/DerivedData/Build/Products/Debug/Pane.app/Contents/PlugIns/PaneCompatibilityTests.xctest
Native Pane test targets	Run PaneTests	2026-08-03T15:33:41.5406450Z 
Native Pane test targets	Run PaneTests	2026-08-03T15:33:41.5407100Z Touch /Users/runner/work/Pane-Terminal/Pane-Terminal/.ci/DerivedData/Build/Products/Debug/Pane.app/Contents/PlugIns/PaneCompatibilityTests.xctest (in target 'PaneCompatibilityTests' from project 'Pane')
Native Pane test targets	Run PaneTests	2026-08-03T15:33:41.5409170Z     cd /Users/runner/work/Pane-Terminal/Pane-Terminal
Native Pane test targets	Run PaneTests	2026-08-03T15:33:41.5410290Z     /usr/bin/touch -c /Users/runner/work/Pane-Terminal/Pane-Terminal/.ci/DerivedData/Build/Products/Debug/Pane.app/Contents/PlugIns/PaneCompatibilityTests.xctest
Native Pane test targets	Run PaneTests	2026-08-03T15:33:41.5413750Z 
Native Pane test targets	Run PaneTests	2026-08-03T15:33:41.5414370Z RegisterExecutionPolicyException /Users/runner/work/Pane-Terminal/Pane-Terminal/.ci/DerivedData/Build/Products/Debug/Pane.app/Contents/PlugIns/PaneTests.xctest (in target 'PaneTests' from project 'Pane')
Native Pane test targets	Run PaneTests	2026-08-03T15:33:41.5422040Z     cd /Users/runner/work/Pane-Terminal/Pane-Terminal
Native Pane test targets	Run PaneTests	2026-08-03T15:33:41.5423000Z     builtin-RegisterExecutionPolicyException /Users/runner/work/Pane-Terminal/Pane-Terminal/.ci/DerivedData/Build/Products/Debug/Pane.app/Contents/PlugIns/PaneTests.xctest
Native Pane test targets	Run PaneTests	2026-08-03T15:33:41.5424450Z 
Native Pane test targets	Run PaneTests	2026-08-03T15:33:41.5425020Z Touch /Users/runner/work/Pane-Terminal/Pane-Terminal/.ci/DerivedData/Build/Products/Debug/Pane.app/Contents/PlugIns/PaneTests.xctest (in target 'PaneTests' from project 'Pane')
Native Pane test targets	Run PaneTests	2026-08-03T15:33:41.5425800Z     cd /Users/runner/work/Pane-Terminal/Pane-Terminal
Native Pane test targets	Run PaneTests	2026-08-03T15:33:41.5429650Z     /usr/bin/touch -c /Users/runner/work/Pane-Terminal/Pane-Terminal/.ci/DerivedData/Build/Products/Debug/Pane.app/Contents/PlugIns/PaneTests.xctest
Native Pane test targets	Run PaneTests	2026-08-03T15:33:41.5430210Z 
Native Pane test targets	Run PaneTests	2026-08-03T15:33:41.5431040Z RegisterExecutionPolicyException /Users/runner/work/Pane-Terminal/Pane-Terminal/.ci/DerivedData/Build/Products/Debug/Pane.app (in target 'Pane' from project 'Pane')
Native Pane test targets	Run PaneTests	2026-08-03T15:33:41.5433830Z     cd /Users/runner/work/Pane-Terminal/Pane-Terminal
Native Pane test targets	Run PaneTests	2026-08-03T15:33:41.5434490Z     builtin-RegisterExecutionPolicyException /Users/runner/work/Pane-Terminal/Pane-Terminal/.ci/DerivedData/Build/Products/Debug/Pane.app
Native Pane test targets	Run PaneTests	2026-08-03T15:33:41.5435350Z 
Native Pane test targets	Run PaneTests	2026-08-03T15:33:41.5437980Z Validate /Users/runner/work/Pane-Terminal/Pane-Terminal/.ci/DerivedData/Build/Products/Debug/Pane.app (in target 'Pane' from project 'Pane')
Native Pane test targets	Run PaneTests	2026-08-03T15:33:41.5439450Z     cd /Users/runner/work/Pane-Terminal/Pane-Terminal
Native Pane test targets	Run PaneTests	2026-08-03T15:33:41.5443670Z     builtin-validationUtility /Users/runner/work/Pane-Terminal/Pane-Terminal/.ci/DerivedData/Build/Products/Debug/Pane.app -no-validate-extension -infoplist-subpath Contents/Info.plist
Native Pane test targets	Run PaneTests	2026-08-03T15:33:41.5446960Z 
Native Pane test targets	Run PaneTests	2026-08-03T15:33:41.5450160Z Touch /Users/runner/work/Pane-Terminal/Pane-Terminal/.ci/DerivedData/Build/Products/Debug/Pane.app (in target 'Pane' from project 'Pane')
Native Pane test targets	Run PaneTests	2026-08-03T15:33:41.5452010Z     cd /Users/runner/work/Pane-Terminal/Pane-Terminal
Native Pane test targets	Run PaneTests	2026-08-03T15:33:41.5455680Z     /usr/bin/touch -c /Users/runner/work/Pane-Terminal/Pane-Terminal/.ci/DerivedData/Build/Products/Debug/Pane.app
Native Pane test targets	Run PaneTests	2026-08-03T15:33:41.5456140Z 
Native Pane test targets	Run PaneTests	2026-08-03T15:33:41.5456590Z RegisterWithLaunchServices /Users/runner/work/Pane-Terminal/Pane-Terminal/.ci/DerivedData/Build/Products/Debug/Pane.app (in target 'Pane' from project 'Pane')
Native Pane test targets	Run PaneTests	2026-08-03T15:33:41.5457420Z     cd /Users/runner/work/Pane-Terminal/Pane-Terminal
Native Pane test targets	Run PaneTests	2026-08-03T15:33:41.5460680Z     /System/Library/Frameworks/CoreServices.framework/Versions/Current/Frameworks/LaunchServices.framework/Versions/Current/Support/lsregister -f -R -trusted /Users/runner/work/Pane-Terminal/Pane-Terminal/.ci/DerivedData/Build/Products/Debug/Pane.app
Native Pane test targets	Run PaneTests	2026-08-03T15:33:41.5463290Z 
Native Pane test targets	Run PaneTests	2026-08-03T15:33:41.5473230Z note: Disabling hardened runtime with ad-hoc codesigning. (in target 'Pane' from project 'Pane')
Native Pane test targets	Run PaneTests	2026-08-03T15:34:16.2054400Z 2026-08-03 15:34:16.204 xcodebuild[1142:6475] [MT] IDETestOperationsObserverDebug: 36.021 elapsed -- Testing started completed.
Native Pane test targets	Run PaneTests	2026-08-03T15:34:16.2153540Z 2026-08-03 15:34:16.204 xcodebuild[1142:6475] [MT] IDETestOperationsObserverDebug: 0.000 sec, +0.000 sec -- start
Native Pane test targets	Run PaneTests	2026-08-03T15:34:16.2252850Z 2026-08-03 15:34:16.204 xcodebuild[1142:6475] [MT] IDETestOperationsObserverDebug: 36.021 sec, +36.021 sec -- end
Native Pane test targets	Run PaneTests	2026-08-03T15:34:16.2455240Z ** TEST FAILED **
Native Pane test targets	Run PaneTests	2026-08-03T15:34:16.2455440Z 
Native Pane test targets	Run PaneTests	2026-08-03T15:34:16.2556400Z 
Native Pane test targets	Run PaneTests	2026-08-03T15:34:16.2556720Z Test session results, code coverage, and logs:
Native Pane test targets	Run PaneTests	2026-08-03T15:34:16.2657990Z 	/Users/runner/work/Pane-Terminal/Pane-Terminal/.ci/PaneTests.xcresult
Native Pane test targets	Run PaneTests	2026-08-03T15:34:16.2758220Z 
Native Pane test targets	Run PaneTests	2026-08-03T15:34:26.8694260Z Testing started
Native Pane test targets	Run PaneTests	2026-08-03T15:34:26.8696810Z Test suite 'CommandBlockTimelineTests' started on 'My Mac - Pane (2466)'
Native Pane test targets	Run PaneTests	2026-08-03T15:34:26.8698780Z Test case 'CommandBlockTimelineTests.testBlockPresentationKeepsSuccessQuietAndFailureExplicit()' passed on 'My Mac - Pane (2466)' (0.003 seconds)
Native Pane test targets	Run PaneTests	2026-08-03T15:34:26.8717650Z Test case 'CommandBlockTimelineTests.testClearFinalizedPreservesRunningAndQueuedCommands()' passed on 'My Mac - Pane (2466)' (0.002 seconds)
Native Pane test targets	Run PaneTests	2026-08-03T15:34:26.8719440Z Test case 'CommandBlockTimelineTests.testCommandsStartInSubmissionOrder()' passed on 'My Mac - Pane (2466)' (0.001 seconds)
Native Pane test targets	Run PaneTests	2026-08-03T15:34:26.8721880Z Test case 'CommandBlockTimelineTests.testCompletionStatusLabelsAreHonest()' passed on 'My Mac - Pane (2466)' (0.001 seconds)
Native Pane test targets	Run PaneTests	2026-08-03T15:34:26.8723260Z Test case 'CommandBlockTimelineTests.testFinalOutputIsCommittedOnlyWhenTheActiveCommandFinishes()' passed on 'My Mac - Pane (2466)' (0.001 seconds)
Native Pane test targets	Run PaneTests	2026-08-03T15:34:26.8726590Z Test case 'CommandBlockTimelineTests.testInterruptedRunningCommandRetainsMemoryOnlyTerminalSnapshot()' passed on 'My Mac - Pane (2466)' (0.001 seconds)
Native Pane test targets	Run PaneTests	2026-08-03T15:34:26.8730500Z Test case 'CommandBlockTimelineTests.testInterruptUnfinishedLeavesCompletedBlocksUntouched()' passed on 'My Mac - Pane (2466)' (0.001 seconds)
Native Pane test targets	Run PaneTests	2026-08-03T15:34:26.8734520Z Test case 'CommandBlockTimelineTests.testQueuedCommandAcceptsContinuationAndCanBeInterrupted()' passed on 'My Mac - Pane (2466)' (0.002 seconds)
Native Pane test targets	Run PaneTests	2026-08-03T15:34:26.8738040Z Test case 'CommandBlockTimelineTests.testQueuedCommandBecomesRunningAndCompletes()' passed on 'My Mac - Pane (2466)' (0.001 seconds)
Native Pane test targets	Run PaneTests	2026-08-03T15:34:26.8741710Z Test case 'CommandBlockTimelineTests.testRestoredCollapsedStateIsPreserved()' passed on 'My Mac - Pane (2466)' (0.001 seconds)
Native Pane test targets	Run PaneTests	2026-08-03T15:34:26.8745500Z Test case 'CommandBlockTimelineTests.testSearchMatchesCommandOutputDirectoryAndFailureState()' passed on 'My Mac - Pane (2466)' (0.001 seconds)
Native Pane test targets	Run PaneTests	2026-08-03T15:34:26.8748620Z Test case 'CommandBlockTimelineTests.testStatusScopeSearchesOnlyStatusPresentation()' passed on 'My Mac - Pane (2466)' (0.023 seconds)
Native Pane test targets	Run PaneTests	2026-08-03T15:34:26.8753560Z Test suite 'TerminalReplaySanitizerTests' started on 'My Mac - Pane (2466)'
Native Pane test targets	Run PaneTests	2026-08-03T15:34:26.8755770Z Test case 'TerminalReplaySanitizerTests/preservesOSC8HyperlinksButRemovesOtherEightBitControlStrings()' passed on 'My Mac - Pane (2466)' (0.001 seconds)
Native Pane test targets	Run PaneTests	2026-08-03T15:34:26.8768720Z Test case 'TerminalReplaySanitizerTests/plainLineOutputDoesNotRequireRichRendering()' passed on 'My Mac - Pane (2466)' (0.001 seconds)
Native Pane test targets	Run PaneTests	2026-08-03T15:34:26.8771230Z Test case 'TerminalReplaySanitizerTests/boundedCaptureRetainsNewestBytesAndKeepsTruncationSticky()' passed on 'My Mac - Pane (2466)' (0.001 seconds)
Native Pane test targets	Run PaneTests	2026-08-03T15:34:26.8773850Z Test case 'TerminalReplaySanitizerTests/carriageReturnRewriteRequiresRichRendering()' passed on 'My Mac - Pane (2466)' (0.010 seconds)
Native Pane test targets	Run PaneTests	2026-08-03T15:34:26.8776440Z Test case 'TerminalReplaySanitizerTests/removesSideEffectSequences()' passed on 'My Mac - Pane (2466)' (0.010 seconds)
Native Pane test targets	Run PaneTests	2026-08-03T15:34:26.8778580Z Test case 'TerminalReplaySanitizerTests/preservesVisualSequencesAndText()' passed on 'My Mac - Pane (2466)' (0.010 seconds)
Native Pane test targets	Run PaneTests	2026-08-03T15:34:26.8781150Z Test case 'TerminalReplaySanitizerTests/frozenReplayUsesCapturedGeometryAndPreservesCellStyles()' passed on 'My Mac - Pane (2466)' (0.011 seconds)
Native Pane test targets	Run PaneTests	2026-08-03T15:34:26.8783530Z Test suite 'AutocompleteRequestGateTests' started on 'My Mac - Pane (2466)'
Native Pane test targets	Run PaneTests	2026-08-03T15:34:26.8785830Z Test case 'AutocompleteRequestGateTests.testClearInvalidatesRequestAndStartsNoEmptyRequest()' passed on 'My Mac - Pane (2466)' (0.002 seconds)
Native Pane test targets	Run PaneTests	2026-08-03T15:34:26.8787370Z Test case 'AutocompleteRequestGateTests.testOlderGenerationCannotPublishOverNewerInput()' passed on 'My Mac - Pane (2466)' (0.013 seconds)
Native Pane test targets	Run PaneTests	2026-08-03T15:34:26.8788360Z Test case 'AutocompleteRequestGateTests.testQueryValidationIsTrimmedButCaseSensitive()' passed on 'My Mac - Pane (2466)' (0.001 seconds)
Native Pane test targets	Run PaneTests	2026-08-03T15:34:26.8789370Z Test case 'AutocompleteRequestGateTests.testRequestIsScopedToSessionAndTab()' passed on 'My Mac - Pane (2466)' (0.001 seconds)
Native Pane test targets	Run PaneTests	2026-08-03T15:34:26.8790270Z Test case 'AutocompleteRequestGateTests.testSubmissionInvalidationRejectsPendingResult()' passed on 'My Mac - Pane (2466)' (0.001 seconds)
Native Pane test targets	Run PaneTests	2026-08-03T15:34:26.8791180Z Test suite 'WorkspaceSnapshotStoreTests' started on 'My Mac - Pane (2466)'
Native Pane test targets	Run PaneTests	2026-08-03T15:34:26.8792930Z Test case 'WorkspaceSnapshotStoreTests.testAtomicSaveBoundsDraftAndRestoresSnapshot()' passed on 'My Mac - Pane (2466)' (0.014 seconds)
Native Pane test targets	Run PaneTests	2026-08-03T15:34:26.8794010Z Test case 'WorkspaceSnapshotStoreTests.testCorruptPrimaryFallsBackToLastKnownGoodBackup()' passed on 'My Mac - Pane (2466)' (0.007 seconds)
Native Pane test targets	Run PaneTests	2026-08-03T15:34:26.8794980Z Test case 'WorkspaceSnapshotStoreTests.testFaultBeforeReplacementPreservesOnlyValidSnapshot()' passed on 'My Mac - Pane (2466)' (0.007 seconds)
Native Pane test targets	Run PaneTests	2026-08-03T15:34:26.8796040Z Test case 'WorkspaceSnapshotStoreTests.testMixedSnapshotDropsMalformedEntryAndRepairsSelection()' passed on 'My Mac - Pane (2466)' (0.006 seconds)
Native Pane test targets	Run PaneTests	2026-08-03T15:34:26.8797420Z Test case 'WorkspaceSnapshotStoreTests.testSaveBoundsTabsAndDraftWithoutSplittingGraphemeClusters()' passed on 'My Mac - Pane (2466)' (0.006 seconds)
Native Pane test targets	Run PaneTests	2026-08-03T15:34:26.8799790Z Test case 'WorkspaceSnapshotStoreTests.testUnsupportedSchemaIsQuarantinedWithoutCrashLoop()' passed on 'My Mac - Pane (2466)' (0.002 seconds)
Native Pane test targets	Run PaneTests	2026-08-03T15:34:26.8801870Z Test suite 'InputModeTests' started on 'My Mac - Pane (2466)'
Native Pane test targets	Run PaneTests	2026-08-03T15:34:26.8804070Z Test case 'InputModeTests.testForegroundSnapshotCarriesEchoStateForSecureInputDetection()' passed on 'My Mac - Pane (2466)' (0.001 seconds)
Native Pane test targets	Run PaneTests	2026-08-03T15:34:26.8806760Z Test case 'InputModeTests.testForegroundSnapshotRecognizesInteractivePrograms()' passed on 'My Mac - Pane (2466)' (0.001 seconds)
Native Pane test targets	Run PaneTests	2026-08-03T15:34:26.8809210Z Test case 'InputModeTests.testForegroundSnapshotRecognizesShellForeground()' passed on 'My Mac - Pane (2466)' (0.001 seconds)
Native Pane test targets	Run PaneTests	2026-08-03T15:34:26.8811620Z Test case 'InputModeTests.testForegroundSnapshotUsesRawTermiosAsTerminalSignal()' passed on 'My Mac - Pane (2466)' (0.001 seconds)
Native Pane test targets	Run PaneTests	2026-08-03T15:34:26.8813510Z Test case 'InputModeTests.testKnownInteractiveFallbackRecognizesNormalBufferAgentTUIs()' passed on 'My Mac - Pane (2466)' (0.001 seconds)
Native Pane test targets	Run PaneTests	2026-08-03T15:34:26.8814500Z Test case 'InputModeTests.testModeAttributionExplanationsAreUserFacing()' passed on 'My Mac - Pane (2466)' (0.002 seconds)
Native Pane test targets	Run PaneTests	2026-08-03T15:34:26.8816440Z Test case 'InputModeTests.testModeSwitcherPresentationExposesSelectionToAccessibility()' passed on 'My Mac - Pane (2466)' (0.001 seconds)
Native Pane test targets	Run PaneTests	2026-08-03T15:34:26.8819110Z Test case 'InputModeTests.testModeSwitcherPresentationRespectsReducedMotion()' passed on 'My Mac - Pane (2466)' (0.001 seconds)
Native Pane test targets	Run PaneTests	2026-08-03T15:34:26.8821440Z Test case 'InputModeTests.testModeSwitcherPresentationRestoresSliderGeometry()' passed on 'My Mac - Pane (2466)' (0.001 seconds)
Native Pane test targets	Run PaneTests	2026-08-03T15:34:26.8823460Z Test case 'InputModeTests.testModeTitlesAreUserFacing()' passed on 'My Mac - Pane (2466)' (0.001 seconds)
Native Pane test targets	Run PaneTests	2026-08-03T15:34:26.8825420Z Test case 'InputModeTests.testRawInteractiveInputIsNotMistakenForSecureInput()' passed on 'My Mac - Pane (2466)' (0.000 seconds)
Native Pane test targets	Run PaneTests	2026-08-03T15:34:26.8827740Z Test case 'InputModeTests.testSecureInputAttributionIsExplicit()' passed on 'My Mac - Pane (2466)' (0.000 seconds)
Native Pane test targets	Run PaneTests	2026-08-03T15:34:26.8829850Z Test case 'InputModeTests.testTerminalInputRequirementModelsBlockFirstStates()' passed on 'My Mac - Pane (2466)' (0.001 seconds)
Native Pane test targets	Run PaneTests	2026-08-03T15:34:26.8832840Z Test case 'InputModeTests.testTerminalPresentationIsIndependentFromInputRequirement()' passed on 'My Mac - Pane (2466)' (0.000 seconds)
Native Pane test targets	Run PaneTests	2026-08-03T15:34:26.8834100Z Test case 'InputModeTests.testTerminalSecurityStateReflectsDisabledEcho()' passed on 'My Mac - Pane (2466)' (0.000 seconds)
Native Pane test targets	Run PaneTests	2026-08-03T15:34:26.8835550Z Test case 'InputModeTests.testToggleMovesBetweenBlocksAndTerminalModes()' passed on 'My Mac - Pane (2466)' (0.001 seconds)
Native Pane test targets	Run PaneTests	2026-08-03T15:34:26.8837780Z Test suite 'RuntimeStateStoreTests' started on 'My Mac - Pane (2466)'
Native Pane test targets	Run PaneTests	2026-08-03T15:34:26.8839860Z Test case 'RuntimeStateStoreTests.testActiveSessionsAreMarkedInterruptedOnRecovery()' passed on 'My Mac - Pane (2466)' (0.002 seconds)
Native Pane test targets	Run PaneTests	2026-08-03T15:34:26.8842560Z Test case 'RuntimeStateStoreTests.testBehavioralAggregatesAreScopedTimestampedAndIdempotent()' passed on 'My Mac - Pane (2466)' (0.014 seconds)
Native Pane test targets	Run PaneTests	2026-08-03T15:34:26.8852330Z Test case 'RuntimeStateStoreTests.testBehavioralStoreLearnsBoundedTransitionAndFeedback()' passed on 'My Mac - Pane (2466)' (0.017 seconds)
Native Pane test targets	Run PaneTests	2026-08-03T15:34:26.8853960Z Test case 'RuntimeStateStoreTests.testCollapsedStateUpdatePersistsForRestoration()' passed on 'My Mac - Pane (2466)' (0.095 seconds)
Native Pane test targets	Run PaneTests	2026-08-03T15:34:26.8860000Z Test case 'RuntimeStateStoreTests.testCommandEventPersistenceNeverRegressesFinality()' passed on 'My Mac - Pane (2466)' (0.030 seconds)
Native Pane test targets	Run PaneTests	2026-08-03T15:34:26.8861630Z Test case 'RuntimeStateStoreTests.testControllerDisabledPersistenceUsesMemoryWithoutCreatingDatabase()' passed on 'My Mac - Pane (2466)' (0.001 seconds)
Native Pane test targets	Run PaneTests	2026-08-03T15:34:26.8863010Z Test case 'RuntimeStateStoreTests.testControllerHonorsSummaryAndFilePathCollectionControls()' passed on 'My Mac - Pane (2466)' (0.015 seconds)
Native Pane test targets	Run PaneTests	2026-08-03T15:34:26.8867830Z Test case 'RuntimeStateStoreTests.testControllerReportsCommandHistoryAndVisibleRecoveryIndependently()' passed on 'My Mac - Pane (2466)' (0.033 seconds)
Native Pane test targets	Run PaneTests	2026-08-03T15:34:26.8871250Z Test case 'RuntimeStateStoreTests.testControllerRestoreIsWorkspaceScopedGlobalOnlyByOptInAndDisabledWithoutPaths()' passed on 'My Mac - Pane (2466)' (0.015 seconds)
Native Pane test targets	Run PaneTests	2026-08-03T15:34:26.8874770Z Test case 'RuntimeStateStoreTests.testControllerRestoresDurableWorkspaceHistoryAcrossRecreation()' passed on 'My Mac - Pane (2466)' (0.013 seconds)
Native Pane test targets	Run PaneTests	2026-08-03T15:34:26.8876580Z Test case 'RuntimeStateStoreTests.testCoordinatorShutdownClosesStoreDeterministically()' passed on 'My Mac - Pane (2466)' (0.008 seconds)
Native Pane test targets	Run PaneTests	2026-08-03T15:34:26.8877790Z Test case 'RuntimeStateStoreTests.testCorruptDatabaseIsMovedAsideWithoutStartupLoop()' passed on 'My Mac - Pane (2466)' (0.015 seconds)
Native Pane test targets	Run PaneTests	2026-08-03T15:34:26.8880060Z Test case 'RuntimeStateStoreTests.testDeletingWorkspaceOnlyRemovesMatchingSessions()' passed on 'My Mac - Pane (2466)' (0.103 seconds)
Native Pane test targets	Run PaneTests	2026-08-03T15:34:26.8882870Z Test case 'RuntimeStateStoreTests.testDisablingPredictionHistoryClearsLiveAutocompleteHistory()' passed on 'My Mac - Pane (2466)' (0.002 seconds)
Native Pane test targets	Run PaneTests	2026-08-03T15:34:26.8885810Z Test suite 'SensitiveDataSanitizerTests' started on 'My Mac - Pane (2487)'
Native Pane test targets	Run PaneTests	2026-08-03T15:34:26.8888180Z Test case 'SensitiveDataSanitizerTests.testEnvironmentSanitizationUsesAllowlistAndDropsSensitiveValues()' passed on 'My Mac - Pane (2487)' (0.002 seconds)
Native Pane test targets	Run PaneTests	2026-08-03T15:34:26.8891190Z Test case 'SensitiveDataSanitizerTests.testOrdinaryCommandsArePreserved()' passed on 'My Mac - Pane (2487)' (0.001 seconds)
Native Pane test targets	Run PaneTests	2026-08-03T15:34:26.8894240Z Test case 'SensitiveDataSanitizerTests.testRedactsAuthorizationHeadersAndDatabaseURLs()' passed on 'My Mac - Pane (2487)' (0.001 seconds)
Native Pane test targets	Run PaneTests	2026-08-03T15:34:26.8896620Z Test case 'SensitiveDataSanitizerTests.testRedactsPrivateKeys()' passed on 'My Mac - Pane (2487)' (0.001 seconds)
Native Pane test targets	Run PaneTests	2026-08-03T15:34:26.8899590Z Test case 'SensitiveDataSanitizerTests.testRedactsSecretCommandArgumentsAndEnvironmentAssignments()' passed on 'My Mac - Pane (2487)' (0.001 seconds)
Native Pane test targets	Run PaneTests	2026-08-03T15:34:26.8902930Z Test case 'SensitiveDataSanitizerTests.testTerminalSessionHistoryNeverRetainsSecretCommandArguments()' passed on 'My Mac - Pane (2487)' (0.002 seconds)
Native Pane test targets	Run PaneTests	2026-08-03T15:34:26.8905700Z Test suite 'LargeOutputHardeningTests' started on 'My Mac - Pane (2487)'
Native Pane test targets	Run PaneTests	2026-08-03T15:34:26.8908720Z Test case 'RuntimeStateStoreTests.testEightConcurrentStoreOpensShareMigrationWithoutBusyFailure()' failed on 'My Mac - Pane (2466)' (0.413 seconds)
Native Pane test targets	Run PaneTests	2026-08-03T15:34:26.8910620Z Test case 'RuntimeStateStoreTests.testEphemeralStoreCreatesNoPersistenceFiles()' passed on 'My Mac - Pane (2466)' (0.002 seconds)
Native Pane test targets	Run PaneTests	2026-08-03T15:34:26.8913200Z Test case 'LargeOutputHardeningTests.testCompletedOutputUsesBoundedUTF8SafeHeadTailExcerpt()' passed on 'My Mac - Pane (2487)' (0.103 seconds)
Native Pane test targets	Run PaneTests	2026-08-03T15:34:26.8915150Z Test case 'RuntimeStateStoreTests.testFutureSchemaIsPreservedAndFallsBackToMemory()' passed on 'My Mac - Pane (2466)' (0.004 seconds)
Native Pane test targets	Run PaneTests	2026-08-03T15:34:26.8918060Z Test case 'RuntimeStateStoreTests.testInjectedMigrationCommitFaultRollsBackAndCanRetry()' passed on 'My Mac - Pane (2466)' (0.012 seconds)
Native Pane test targets	Run PaneTests	2026-08-03T15:34:26.9011850Z Test case 'RuntimeStateStoreTests.testInMemoryRestoreScopesWorkspacesUnlessGlobalRequested()' passed on 'My Mac - Pane (2466)' (0.001 seconds)
Native Pane test targets	Run PaneTests	2026-08-03T15:34:26.9016810Z Test case 'RuntimeStateStoreTests.testInMemoryStoreRestoresRecentWorkspaceContextWithoutTypedInput()' passed on 'My Mac - Pane (2466)' (0.001 seconds)
Native Pane test targets	Run PaneTests	2026-08-03T15:34:26.9020400Z Test case 'RuntimeStateStoreTests.testPartiallyMigratedVersionThreeDatabaseFinishesSchemaFiveMigration()' passed on 'My Mac - Pane (2466)' (0.023 seconds)
Native Pane test targets	Run PaneTests	2026-08-03T15:34:26.9023700Z Test case 'RuntimeStateStoreTests.testRestoreAcrossWorkspacesDefaultsOffInSettings()' passed on 'My Mac - Pane (2466)' (0.003 seconds)
Native Pane test targets	Run PaneTests	2026-08-03T15:34:26.9026600Z Test case 'RuntimeStateStoreTests.testRestoreLimitsPreferNewestSessionsCommandsAndOutput()' passed on 'My Mac - Pane (2466)' (0.001 seconds)
Native Pane test targets	Run PaneTests	2026-08-03T15:34:26.9030060Z Test case 'RuntimeStateStoreTests.testRuntimeSettingsMigratesLegacyPredictionHistoryOnce()' passed on 'My Mac - Pane (2466)' (0.003 seconds)
Native Pane test targets	Run PaneTests	2026-08-03T15:34:26.9032120Z Test case 'RuntimeStateStoreTests.testRuntimeSettingsPersistOnlyPreferenceFlags()' passed on 'My Mac - Pane (2466)' (0.044 seconds)
Native Pane test targets	Run PaneTests	2026-08-03T15:34:26.9033680Z Test case 'RuntimeStateStoreTests.testSensitiveBehavioralCommandIsExcluded()' passed on 'My Mac - Pane (2466)' (0.010 seconds)
Native Pane test targets	Run PaneTests	2026-08-03T15:34:26.9034870Z Test case 'RuntimeStateStoreTests.testSessionLifecycleDefaultsToActiveAndCanCloseCleanly()' passed on 'My Mac - Pane (2466)' (0.001 seconds)
Native Pane test targets	Run PaneTests	2026-08-03T15:34:26.9038090Z Test case 'RuntimeStateStoreTests.testSharedCoordinatorRecoversPriorLaunchOnlyOnce()' passed on 'My Mac - Pane (2466)' (0.014 seconds)
Native Pane test targets	Run PaneTests	2026-08-03T15:34:26.9041030Z Test case 'RuntimeStateStoreTests.testSQLiteRetentionKeepsNewestBoundedCommandEvents()' passed on 'My Mac - Pane (2466)' (0.031 seconds)
Native Pane test targets	Run PaneTests	2026-08-03T15:34:26.9042560Z Test case 'RuntimeStateStoreTests.testSQLiteSessionAndWorkspaceDeletionCascadeCommandEvents()' passed on 'My Mac - Pane (2466)' (0.010 seconds)
Native Pane test targets	Run PaneTests	2026-08-03T15:34:26.9231770Z Test case 'LargeOutputHardeningTests.testIndexedSearchHandlesTenThousandBlocksAtSessionScope()' passed on 'My Mac - Pane (2487)' (0.122 seconds)
Native Pane test targets	Run PaneTests	2026-08-03T15:34:26.9234530Z Test case 'RuntimeStateStoreTests.testSQLiteStoreSurvivesRecreationAndSanitizesAtStorageBoundary()' passed on 'My Mac - Pane (2466)' (0.016 seconds)
Native Pane test targets	Run PaneTests	2026-08-03T15:34:26.9236200Z Test suite 'TerminalSessionHardeningTests' started on 'My Mac - Pane (2466)'
Native Pane test targets	Run PaneTests	2026-08-03T15:34:26.9237450Z Test case 'LargeOutputHardeningTests.testIndexedSearchRejectsStaleDebouncedGeneration()' passed on 'My Mac - Pane (2487)' (0.055 seconds)
Native Pane test targets	Run PaneTests	2026-08-03T15:34:26.9239010Z Test case 'LargeOutputHardeningTests.testLifecyclePublishesSessionLevelPruningNotice()' passed on 'My Mac - Pane (2487)' (0.001 seconds)
Native Pane test targets	Run PaneTests	2026-08-03T15:34:26.9240570Z Test case 'LargeOutputHardeningTests.testPolicyPrunesByCombinedOutputAndReplayBytesDeterministically()' passed on 'My Mac - Pane (2487)' (0.001 seconds)
Native Pane test targets	Run PaneTests	2026-08-03T15:34:26.9242390Z Test case 'LargeOutputHardeningTests.testPolicyPrunesOldestFinalizedBlocksButNeverRunningOrQueued()' passed on 'My Mac - Pane (2487)' (0.001 seconds)
Native Pane test targets	Run PaneTests	2026-08-03T15:34:26.9243910Z Test case 'TerminalSessionHardeningTests.testSecureInputDisablesAutocomplete()' passed on 'My Mac - Pane (2466)' (0.055 seconds)
Native Pane test targets	Run PaneTests	2026-08-03T15:34:26.9247470Z Test case 'LargeOutputHardeningTests.testRichReplayAndPlainOutputShareOneBoundedCapture()' passed on 'My Mac - Pane (2487)' (0.112 seconds)
Native Pane test targets	Run PaneTests	2026-08-03T15:34:26.9250960Z Test suite 'BlockStreamParserTests' started on 'My Mac - Pane (2487)'
Native Pane test targets	Run PaneTests	2026-08-03T15:34:26.9252480Z Test case 'BlockStreamParserTests.testMalformedMarkerIsConsumedWithoutCreatingLifecycleEvent()' passed on 'My Mac - Pane (2487)' (0.001 seconds)
Native Pane test targets	Run PaneTests	2026-08-03T15:34:26.9254450Z Test case 'BlockStreamParserTests.testOnlyAPossiblePartialMarkerIsRetainedAcrossChunks()' passed on 'My Mac - Pane (2487)' (0.001 seconds)
Native Pane test targets	Run PaneTests	2026-08-03T15:34:26.9255760Z Test case 'BlockStreamParserTests.testOrdinaryShortOutputIsEmittedImmediately()' passed on 'My Mac - Pane (2487)' (0.001 seconds)
Native Pane test targets	Run PaneTests	2026-08-03T15:34:26.9259160Z Test case 'BlockStreamParserTests.testOversizedTerminatedMarkerDoesNotHideFollowingValidMarker()' passed on 'My Mac - Pane (2487)' (0.001 seconds)
Native Pane test targets	Run PaneTests	2026-08-03T15:34:26.9260420Z Test case 'BlockStreamParserTests.testOversizedUnterminatedMarkerIsDiscardedAndParserRecovers()' passed on 'My Mac - Pane (2487)' (0.002 seconds)
Native Pane test targets	Run PaneTests	2026-08-03T15:34:26.9264780Z Test case 'BlockStreamParserTests.testParsesMarkersAcrossChunkBoundariesAndPreservesOutput()' passed on 'My Mac - Pane (2487)' (0.001 seconds)
Native Pane test targets	Run PaneTests	2026-08-03T15:34:26.9267940Z Test case 'BlockStreamParserTests.testStartMarkerDecodesDirectTerminalCommand()' passed on 'My Mac - Pane (2487)' (0.001 seconds)
Native Pane test targets	Run PaneTests	2026-08-03T15:34:26.9269830Z Test suite 'TerminalWorkspaceControllerTests' started on 'My Mac - Pane (2487)'
Native Pane test targets	Run PaneTests	2026-08-03T15:34:26.9271980Z Test case 'TerminalWorkspaceControllerTests.testAutomaticTabPresentationPrefersDirectoryAndPreservesFullMetadata()' passed on 'My Mac - Pane (2487)' (0.002 seconds)
Native Pane test targets	Run PaneTests	2026-08-03T15:34:26.9274290Z Test case 'TerminalWorkspaceControllerTests.testBackgroundSessionRejectsDelayedFocusRequest()' passed on 'My Mac - Pane (2487)' (0.009 seconds)
Native Pane test targets	Run PaneTests	2026-08-03T15:34:26.9275670Z Test case 'TerminalWorkspaceControllerTests.testBackgroundTabCreationPreservesSelection()' passed on 'My Mac - Pane (2487)' (0.028 seconds)
Native Pane test targets	Run PaneTests	2026-08-03T15:34:26.9277440Z Test case 'TerminalWorkspaceControllerTests.testClosingBackgroundTabPreservesSelection()' passed on 'My Mac - Pane (2487)' (0.032 seconds)
Native Pane test targets	Run PaneTests	2026-08-03T15:34:26.9278990Z Test case 'TerminalWorkspaceControllerTests.testClosingFinalTabCreatesReplacement()' passed on 'My Mac - Pane (2487)' (0.013 seconds)
Native Pane test targets	Run PaneTests	2026-08-03T15:34:26.9280920Z Test case 'TerminalWorkspaceControllerTests.testClosingSelectedTabSelectsNeighbor()' passed on 'My Mac - Pane (2487)' (0.018 seconds)
Native Pane test targets	Run PaneTests	2026-08-03T15:34:26.9282610Z Test case 'TerminalWorkspaceControllerTests.testCreatingTabSelectsIt()' passed on 'My Mac - Pane (2487)' (0.008 seconds)
Native Pane test targets	Run PaneTests	2026-08-03T15:34:26.9284540Z Test case 'TerminalWorkspaceControllerTests.testDuplicateTabUsesSameDirectoryWithNewSession()' passed on 'My Mac - Pane (2487)' (0.021 seconds)
Native Pane test targets	Run PaneTests	2026-08-03T15:34:26.9290250Z Test case 'TerminalWorkspaceControllerTests.testHostHeavyAutomaticTitleUsesMiddleTruncation()' passed on 'My Mac - Pane (2487)' (0.002 seconds)
Native Pane test targets	Run PaneTests	2026-08-03T15:34:26.9293630Z Test case 'TerminalWorkspaceControllerTests.testNearestExistingDirectoryFallsBackToExistingParent()' passed on 'My Mac - Pane (2487)' (0.001 seconds)
Native Pane test targets	Run PaneTests	2026-08-03T15:34:26.9296780Z Test case 'TerminalWorkspaceControllerTests.testRapidSelectionLeavesExactlyOneSelectedSession()' passed on 'My Mac - Pane (2487)' (0.037 seconds)
Native Pane test targets	Run PaneTests	2026-08-03T15:34:26.9299380Z Test case 'TerminalWorkspaceControllerTests.testReorderingPreservesSelectedIdentity()' passed on 'My Mac - Pane (2487)' (0.102 seconds)
Native Pane test targets	Run PaneTests	2026-08-03T15:34:26.9301390Z Test case 'TerminalWorkspaceControllerTests.testRestorationPreservesOrderSelectionMetadataAndUsesFreshSessions()' passed on 'My Mac - Pane (2487)' (0.044 seconds)
Native Pane test targets	Run PaneTests	2026-08-03T15:34:26.9303010Z Test case 'TerminalWorkspaceControllerTests.testRestoredTerminalModeWaitsForFreshShellReadiness()' passed on 'My Mac - Pane (2487)' (0.203 seconds)
Native Pane test targets	Run PaneTests	2026-08-03T15:34:26.9305100Z Test case 'TerminalWorkspaceControllerTests.testTabActivityPresentationKeepsSemanticInputAndFailureSymbols()' passed on 'My Mac - Pane (2487)' (0.001 seconds)
Native Pane test targets	Run PaneTests	2026-08-03T15:34:26.9306610Z Test case 'TerminalWorkspaceControllerTests.testTabActivityPresentationUsesQuietIdleAndAccentRunningDots()' passed on 'My Mac - Pane (2487)' (0.001 seconds)
Native Pane test targets	Run PaneTests	2026-08-03T15:34:26.9308440Z Test case 'TerminalWorkspaceControllerTests.testTabLifecycleExposesCrashSimulationCheckpoints()' passed on 'My Mac - Pane (2487)' (0.038 seconds)
Native Pane test targets	Run PaneTests	2026-08-03T15:34:26.9310790Z Test case 'TerminalWorkspaceControllerTests.testTabReorderDoesNotRecreateSession()' passed on 'My Mac - Pane (2487)' (0.009 seconds)
Native Pane test targets	Run PaneTests	2026-08-03T15:34:26.9342970Z Test case 'TerminalWorkspaceControllerTests.testUnsupportedSnapshotRecoversOneUsableDefaultTab()' passed on 'My Mac - Pane (2487)' (0.016 seconds)
Native Pane test targets	Run PaneTests	2026-08-03T15:34:26.9549110Z Test case 'TerminalWorkspaceControllerTests.testWorkspaceCreatesInitialTab()' passed on 'My Mac - Pane (2487)' (0.014 seconds)
Native Pane test targets	Run PaneTests	2026-08-03T15:34:26.9551750Z Test suite 'CommandAutocompleteTests' started on 'My Mac - Pane (2487)'
Native Pane test targets	Run PaneTests	2026-08-03T15:34:26.9553500Z Test case 'CommandAutocompleteTests.testAcceptEscapesPathSpaces()' passed on 'My Mac - Pane (2487)' (0.002 seconds)
Native Pane test targets	Run PaneTests	2026-08-03T15:34:26.9557060Z Test case 'CommandAutocompleteTests.testAcceptingFullCommandHistoryReplacesDraftInsteadOfDuplicatingPrefix()' passed on 'My Mac - Pane (2487)' (0.001 seconds)
Native Pane test targets	Run PaneTests	2026-08-03T15:34:26.9560130Z Test case 'CommandAutocompleteTests.testAcceptingTokenHistoryStillReplacesOnlyCurrentToken()' passed on 'My Mac - Pane (2487)' (0.001 seconds)
Native Pane test targets	Run PaneTests	2026-08-03T15:34:26.9562920Z Test case 'CommandAutocompleteTests.testAcceptReplacesOnlyCurrentTokenAndPreservesMultilineDraft()' passed on 'My Mac - Pane (2487)' (0.005 seconds)
Native Pane test targets	Run PaneTests	2026-08-03T15:34:26.9565610Z Test case 'CommandAutocompleteTests.testBoundedProcessOutputStopsMonitoringAtEOF()' passed on 'My Mac - Pane (2487)' (0.001 seconds)
Native Pane test targets	Run PaneTests	2026-08-03T15:34:26.9568810Z Test case 'CommandAutocompleteTests.testBuiltInsAreDeterministicAndResultCountIsCapped()' passed on 'My Mac - Pane (2487)' (0.001 seconds)
Native Pane test targets	Run PaneTests	2026-08-03T15:34:26.9571490Z Test case 'CommandAutocompleteTests.testCanonicalDeduplicationMeetsThousandCandidateLatencyTarget()' passed on 'My Mac - Pane (2487)' (0.017 seconds)
Native Pane test targets	Run PaneTests	2026-08-03T15:34:26.9574520Z Test case 'CommandAutocompleteTests.testCanonicalIdentityHandlesUnicodeAndRejectsSplitSurrogateRange()' passed on 'My Mac - Pane (2487)' (0.001 seconds)
Native Pane test targets	Run PaneTests	2026-08-03T15:34:26.9577320Z Test case 'CommandAutocompleteTests.testCanonicalIdentityPreservesSemanticDifferences()' passed on 'My Mac - Pane (2487)' (0.001 seconds)
Native Pane test targets	Run PaneTests	2026-08-03T15:34:26.9580870Z Test case 'CommandAutocompleteTests.testCapturedSuggestionsAreDeduplicatedAndCappedWithoutReordering()' passed on 'My Mac - Pane (2487)' (0.001 seconds)
Native Pane test targets	Run PaneTests	2026-08-03T15:34:26.9600320Z Test case 'CommandAutocompleteTests.testCapturedSuggestionsPreserveCompsysContext()' passed on 'My Mac - Pane (2487)' (0.001 seconds)
Native Pane test targets	Run PaneTests	2026-08-03T15:34:26.9606690Z Test case 'CommandAutocompleteTests.testCompletionRankerMergesEvidenceAndPrefersProjectProvider()' passed on 'My Mac - Pane (2487)' (0.001 seconds)
Native Pane test targets	Run PaneTests	2026-08-03T15:34:26.9640310Z Test case 'CommandAutocompleteTests.testCompletionServiceDoesNotPublishAfterContextBecomesInvalid()' passed on 'My Mac - Pane (2487)' (0.007 seconds)
Native Pane test targets	Run PaneTests	2026-08-03T15:34:26.9643260Z Test case 'CommandAutocompleteTests.testCompletionServicePreservesWholeDraftEditForPartialHistoryPrefix()' passed on 'My Mac - Pane (2487)' (0.008 seconds)
Native Pane test targets	Run PaneTests	2026-08-03T15:34:26.9645000Z Test case 'CommandAutocompleteTests.testCompletionServicePublishesLocalThenMergesValidZsh()' passed on 'My Mac - Pane (2487)' (0.162 seconds)
Native Pane test targets	Run PaneTests	2026-08-03T15:34:26.9646450Z Test case 'CommandAutocompleteTests.testCompletionServiceTreatsValidEmptyZshAsAnEmptyContribution()' passed on 'My Mac - Pane (2487)' (0.006 seconds)
Native Pane test targets	Run PaneTests	2026-08-03T15:34:26.9648210Z Test case 'CommandAutocompleteTests.testCompletionSourceMappingCoversEverySource()' passed on 'My Mac - Pane (2487)' (0.001 seconds)
Native Pane test targets	Run PaneTests	2026-08-03T15:34:26.9650420Z Test case 'CommandAutocompleteTests.testComposerContextResponsiveLayoutStillShowsNameAt320Points()' passed on 'My Mac - Pane (2487)' (0.001 seconds)
Native Pane test targets	Run PaneTests	2026-08-03T15:34:26.9661670Z Test case 'CommandAutocompleteTests.testComposerContextResponsiveLayoutUsesIconOnlyBelow320Points()' passed on 'My Mac - Pane (2487)' (0.001 seconds)
Native Pane test targets	Run PaneTests	2026-08-03T15:34:26.9664980Z Test case 'CommandAutocompleteTests.testComposerContextResponsiveLayoutUsesLargeTextCapAt500Points()' passed on 'My Mac - Pane (2487)' (0.001 seconds)
Native Pane test targets	Run PaneTests	2026-08-03T15:34:26.9669200Z Test case 'CommandAutocompleteTests.testComposerContextResponsiveLayoutUsesMediumTextCapBelow500Points()' passed on 'My Mac - Pane (2487)' (0.002 seconds)
Native Pane test targets	Run PaneTests	2026-08-03T15:34:26.9673710Z Test case 'CommandAutocompleteTests.testComposerIdleLayoutIsACompactTwoStoryStack()' passed on 'My Mac - Pane (2487)' (0.001 seconds)
Native Pane test targets	Run PaneTests	2026-08-03T15:34:26.9675690Z Test case 'CommandAutocompleteTests.testCopyBranchCopiesOnlyBranchName()' passed on 'My Mac - Pane (2487)' (0.001 seconds)
Native Pane test targets	Run PaneTests	2026-08-03T15:34:26.9678350Z Test case 'CommandAutocompleteTests.testCopyBranchHiddenWithoutBranch()' passed on 'My Mac - Pane (2487)' (0.001 seconds)
Native Pane test targets	Run PaneTests	2026-08-03T15:34:26.9681270Z Test case 'CommandAutocompleteTests.testCopyPathCopiesAbsolutePath()' passed on 'My Mac - Pane (2487)' (0.001 seconds)
Native Pane test targets	Run PaneTests	2026-08-03T15:34:26.9682270Z Test case 'CommandAutocompleteTests.testDetachedHeadTooltip()' passed on 'My Mac - Pane (2487)' (0.001 seconds)
Native Pane test targets	Run PaneTests	2026-08-03T15:34:26.9683940Z Test case 'CommandAutocompleteTests.testDifferentReplacementRangesProducingSameResultMerge()' passed on 'My Mac - Pane (2487)' (0.001 seconds)
Native Pane test targets	Run PaneTests	2026-08-03T15:34:26.9695920Z Test case 'CommandAutocompleteTests.testExecutableIndexDoesNotReuseRelativePATHAcrossDirectories()' passed on 'My Mac - Pane (2487)' (0.002 seconds)
Native Pane test targets	Run PaneTests	2026-08-03T15:34:26.9699040Z Test case 'CommandAutocompleteTests.testExecutableIndexInvalidatesWhenPATHChanges()' passed on 'My Mac - Pane (2487)' (0.002 seconds)
Native Pane test targets	Run PaneTests	2026-08-03T15:34:26.9702890Z Test case 'CommandAutocompleteTests.testExecutablesAreOnlySuggestedAtACommandPosition()' passed on 'My Mac - Pane (2487)' (0.002 seconds)
Native Pane test targets	Run PaneTests	2026-08-03T15:34:26.9706200Z Test case 'CommandAutocompleteTests.testFileSystemSuggestionsResolveAgainstProvidedCurrentDirectory()' passed on 'My Mac - Pane (2487)' (0.002 seconds)
Native Pane test targets	Run PaneTests	2026-08-03T15:34:26.9710380Z Test case 'CommandAutocompleteTests.testFolderNameUsedWithoutProject()' passed on 'My Mac - Pane (2487)' (0.001 seconds)
Native Pane test targets	Run PaneTests	2026-08-03T15:34:26.9713690Z Test case 'CommandAutocompleteTests.testFullCommandHistoryCarriesWholeDraftReplacementRange()' passed on 'My Mac - Pane (2487)' (0.011 seconds)
Native Pane test targets	Run PaneTests	2026-08-03T15:34:26.9717810Z Test case 'CommandAutocompleteTests.testFullPathUsesTildeForDisplay()' passed on 'My Mac - Pane (2487)' (0.001 seconds)
Native Pane test targets	Run PaneTests	2026-08-03T15:34:26.9719930Z Test case 'TerminalSessionHardeningTests.testSecureInputDoesNotReappearAfterRestore()' passed on 'My Mac - Pane (2466)' (1.184 seconds)
Native Pane test targets	Run PaneTests	2026-08-03T15:34:26.9724190Z Test case 'CommandAutocompleteTests.testGitContextStopsReadingWhenEmptyRemoteOutputReachesEOF()' failed on 'My Mac - Pane (2487)' (1.083 seconds)
Native Pane test targets	Run PaneTests	2026-08-03T15:34:26.9727820Z Test case 'CommandAutocompleteTests.testHistorySuggestionsSupportMultilineDrafts()' passed on 'My Mac - Pane (2487)' (0.001 seconds)
Native Pane test targets	Run PaneTests	2026-08-03T15:34:26.9729810Z Test case 'CommandAutocompleteTests.testHistorySuggestionsUseCurrentSessionRecencyAndCommandContext()' passed on 'My Mac - Pane (2487)' (0.001 seconds)
Native Pane test targets	Run PaneTests	2026-08-03T15:34:26.9731980Z Test case 'CommandAutocompleteTests.testHomeDirectoryDisplaysHome()' passed on 'My Mac - Pane (2487)' (0.001 seconds)
Native Pane test targets	Run PaneTests	2026-08-03T15:34:26.9754090Z Test case 'CommandAutocompleteTests.testKeyboardSelectionCyclesWithoutChangingSuggestionOrder()' passed on 'My Mac - Pane (2487)' (0.001 seconds)
Native Pane test targets	Run PaneTests	2026-08-03T15:34:26.9755290Z Test case 'CommandAutocompleteTests.testKeyboardSelectionMovesBackwardAndResetsForEmptyResults()' passed on 'My Mac - Pane (2487)' (0.001 seconds)
Native Pane test targets	Run PaneTests	2026-08-03T15:34:26.9757440Z Test case 'CommandAutocompleteTests.testLateProviderResponseCannotOverwriteNewRequest()' passed on 'My Mac - Pane (2487)' (0.084 seconds)
Native Pane test targets	Run PaneTests	2026-08-03T15:34:26.9769990Z Test case 'CommandAutocompleteTests.testLocalProviderCompletesProjectScriptWithoutDuplicatingCommandPrefix()' passed on 'My Mac - Pane (2487)' (0.005 seconds)
Native Pane test targets	Run PaneTests	2026-08-03T15:34:26.9774480Z Test case 'CommandAutocompleteTests.testLongBranchIsTruncatedOnlyInTooltip()' passed on 'My Mac - Pane (2487)' (0.001 seconds)
Native Pane test targets	Run PaneTests	2026-08-03T15:34:26.9776070Z Test case 'CommandAutocompleteTests.testNextCommandAndDirectoryRemainDistinct()' passed on 'My Mac - Pane (2487)' (0.001 seconds)
Native Pane test targets	Run PaneTests	2026-08-03T15:34:26.9779050Z Test case 'CommandAutocompleteTests.testNormalizedCommandFrequencyDoesNotUseSubstringMatching()' passed on 'My Mac - Pane (2487)' (0.006 seconds)
Native Pane test targets	Run PaneTests	2026-08-03T15:34:26.9780060Z Test case 'CommandAutocompleteTests.testOpenInFinderDisabledForMissingDirectory()' passed on 'My Mac - Pane (2487)' (0.001 seconds)
Native Pane test targets	Run PaneTests	2026-08-03T15:34:26.9782080Z Test case 'CommandAutocompleteTests.testPATHSuggestionsIncludeOnlyExecutableFilesAndDeduplicateNames()' passed on 'My Mac - Pane (2487)' (0.003 seconds)
Native Pane test targets	Run PaneTests	2026-08-03T15:34:26.9783170Z Test case 'CommandAutocompleteTests.testProjectContextFindsNestedPackageScriptsAndMakeTargets()' passed on 'My Mac - Pane (2487)' (0.005 seconds)
Native Pane test targets	Run PaneTests	2026-08-03T15:34:26.9784380Z Test case 'CommandAutocompleteTests.testProjectDefinitionAndGitCachesHaveIndependentFreshness()' passed on 'My Mac - Pane (2487)' (0.004 seconds)
Native Pane test targets	Run PaneTests	2026-08-03T15:34:26.9785290Z Test case 'CommandAutocompleteTests.testProjectNameTakesPriorityOverFolderName()' passed on 'My Mac - Pane (2487)' (0.001 seconds)
Native Pane test targets	Run PaneTests	2026-08-03T15:34:26.9786410Z Test case 'CommandAutocompleteTests.testProjectScriptAndHistoryProducingSameCommandMerge()' passed on 'My Mac - Pane (2487)' (0.001 seconds)
Native Pane test targets	Run PaneTests	2026-08-03T15:34:26.9788450Z Test case 'TerminalSessionHardeningTests.testSecureInputNeverEntersPersistentState()' passed on 'My Mac - Pane (2466)' (1.130 seconds)
Native Pane test targets	Run PaneTests	2026-08-03T15:34:26.9789520Z Test case 'CommandAutocompleteTests.testRecentCommandOutranksOlderCommandUsingTimestamps()' passed on 'My Mac - Pane (2487)' (0.001 seconds)
Native Pane test targets	Run PaneTests	2026-08-03T15:34:26.9793110Z Test case 'CommandAutocompleteTests.testRootDirectoryDisplaysSlash()' passed on 'My Mac - Pane (2487)' (0.001 seconds)
Native Pane test targets	Run PaneTests	2026-08-03T15:34:26.9794250Z Test case 'CommandAutocompleteTests.testSameReplacementAtDifferentRangesDoesNotMergeWhenResultsDiffer()' passed on 'My Mac - Pane (2487)' (0.001 seconds)
Native Pane test targets	Run PaneTests	2026-08-03T15:34:26.9795400Z Test case 'CommandAutocompleteTests.testSecureEligibilityRejectsProviderWork()' passed on 'My Mac - Pane (2487)' (0.001 seconds)
Native Pane test targets	Run PaneTests	2026-08-03T15:34:26.9810760Z Test case 'CommandAutocompleteTests.testSingleSuggestionRequiresTwoTabsBeforeAccepting()' passed on 'My Mac - Pane (2487)' (0.000 seconds)
Native Pane test targets	Run PaneTests	2026-08-03T15:34:26.9813490Z Test case 'CommandAutocompleteTests.testSlowProviderTimesOutWithoutBlockingUsefulResults()' passed on 'My Mac - Pane (2487)' (0.009 seconds)
Native Pane test targets	Run PaneTests	2026-08-03T15:34:26.9817070Z Test case 'CommandAutocompleteTests.testStagedProvidersNeverPublishDuplicateRowsAndKeepStableIdentity()' passed on 'My Mac - Pane (2487)' (0.024 seconds)
Native Pane test targets	Run PaneTests	2026-08-03T15:34:26.9819970Z Test case 'CommandAutocompleteTests.testTooltipIncludesBranch()' passed on 'My Mac - Pane (2487)' (0.001 seconds)
Native Pane test targets	Run PaneTests	2026-08-03T15:34:26.9821060Z Test case 'CommandAutocompleteTests.testTooltipOmitsBranchOutsideGitRepository()' passed on 'My Mac - Pane (2487)' (0.001 seconds)
Native Pane test targets	Run PaneTests	2026-08-03T15:34:26.9822470Z Test case 'CommandAutocompleteTests.testTrailingWhitespaceDoesNotCreateDuplicate()' passed on 'My Mac - Pane (2487)' (0.001 seconds)
Native Pane test targets	Run PaneTests	2026-08-03T15:34:26.9824500Z Test case 'CommandAutocompleteTests.testValidEmptyCapturedResultDoesNotBecomeLocalHeuristicSuggestions()' passed on 'My Mac - Pane (2487)' (0.001 seconds)
Native Pane test targets	Run PaneTests	2026-08-03T15:34:26.9834220Z Test case 'CommandAutocompleteTests.testWarmZshRequestFramePreservesBufferCursorAndDeadline()' passed on 'My Mac - Pane (2487)' (0.001 seconds)
Native Pane test targets	Run PaneTests	2026-08-03T15:34:26.9835700Z Test case 'CommandAutocompleteTests.testWarmZshResponseFrameDecodesLengthPrefixedCandidate()' passed on 'My Mac - Pane (2487)' (0.001 seconds)
Native Pane test targets	Run PaneTests	2026-08-03T15:34:26.9836520Z Test suite 'PTYControllerTests' started on 'My Mac - Pane (2487)'
Native Pane test targets	Run PaneTests	2026-08-03T15:34:26.9837710Z Test case 'PTYControllerTests.testOneHundredProcessGenerationsReturnToBaseline()' passed on 'My Mac - Pane (2487)' (0.020 seconds)
Native Pane test targets	Run PaneTests	2026-08-03T15:34:26.9839190Z Test case 'PTYControllerTests.testStaleCallbacksAndDuplicateTerminationNeverReachConsumer()' passed on 'My Mac - Pane (2487)' (0.001 seconds)
Native Pane test targets	Run PaneTests	2026-08-03T15:34:26.9840310Z Test case 'PTYControllerTests.testStartWriteResizeAndTerminateAreOwnedByController()' passed on 'My Mac - Pane (2487)' (0.001 seconds)
Native Pane test targets	Run PaneTests	2026-08-03T15:34:26.9841850Z Test suite 'BlockOutputSanitizerTests' started on 'My Mac - Pane (2487)'
Native Pane test targets	Run PaneTests	2026-08-03T15:34:26.9842780Z Test case 'BlockOutputSanitizerTests.testCarriageReturnProgressKeepsOnlyTheLastFrame()' passed on 'My Mac - Pane (2487)' (0.001 seconds)
Native Pane test targets	Run PaneTests	2026-08-03T15:34:26.9845460Z Test case 'BlockOutputSanitizerTests.testEraseLineRemovesLongerPreviousProgressFrame()' passed on 'My Mac - Pane (2487)' (0.001 seconds)
Native Pane test targets	Run PaneTests	2026-08-03T15:34:26.9846620Z Test case 'BlockOutputSanitizerTests.testRemovesANSIAndNormalizesCarriageReturns()' passed on 'My Mac - Pane (2487)' (0.001 seconds)
Native Pane test targets	Run PaneTests	2026-08-03T15:34:26.9847660Z Test case 'BlockOutputSanitizerTests.testRemovesOperatingSystemCommands()' passed on 'My Mac - Pane (2487)' (0.001 seconds)
Native Pane test targets	Run PaneTests	2026-08-03T15:34:26.9848440Z Test suite 'ShellConfigurationTests' started on 'My Mac - Pane (2487)'
Native Pane test targets	Run PaneTests	2026-08-03T15:34:26.9849350Z Test case 'ShellConfigurationTests.testLoginShellUsesExpectedExecutableAndTerminalEnvironment()' passed on 'My Mac - Pane (2487)' (0.001 seconds)
Native Pane test targets	Run PaneTests	2026-08-03T15:34:26.9852070Z Test case 'ShellConfigurationTests.testPreservesZDotDirectoryForOhMyZshConfiguration()' passed on 'My Mac - Pane (2487)' (0.001 seconds)
Native Pane test targets	Run PaneTests	2026-08-03T15:34:26.9854290Z Test suite 'ResourceLifecycleHardeningTests' started on 'My Mac - Pane (2487)'
Native Pane test targets	Run PaneTests	2026-08-03T15:34:26.9856950Z Test case 'ResourceLifecycleHardeningTests.testGitLaunchFailureClosesPipeWithoutCreatingChild()' passed on 'My Mac - Pane (2487)' (0.008 seconds)
Native Pane test targets	Run PaneTests	2026-08-03T15:34:26.9860150Z Test case 'ResourceLifecycleHardeningTests.testGitTimeoutAndCancellationKillChildAndClosePipe()' passed on 'My Mac - Pane (2487)' (0.822 seconds)
Native Pane test targets	Run PaneTests	2026-08-03T15:34:26.9863780Z Test case 'ResourceLifecycleHardeningTests.testHundredCreateCloseCyclesWhenNightlyEnabled()' skipped on 'My Mac - Pane (2487)' (0.103 seconds)
Native Pane test targets	Run PaneTests	2026-08-03T15:34:26.9865850Z Test case 'ResourceLifecycleHardeningTests.testHundredGitContextRefreshesConvergeProcessesAndDescriptors()' failed on 'My Mac - Pane (2487)' (0.720 seconds)
Native Pane test targets	Run PaneTests	2026-08-03T15:34:26.9867580Z Test case 'ResourceLifecycleHardeningTests.testShortCreateCloseCycleConvergesResourcesAndDescriptors()' passed on 'My Mac - Pane (2487)' (0.143 seconds)
Native Pane test targets	Run PaneTests	2026-08-03T15:34:26.9869450Z Test suite 'BlocksViewScrollTests' started on 'My Mac - Pane (2487)'
Native Pane test targets	Run PaneTests	2026-08-03T15:34:26.9872500Z Test case 'BlocksViewScrollTests.testBulkTimelineMountsNewestBlockWithLargeOutputCards()' passed on 'My Mac - Pane (2487)' (0.722 seconds)
Native Pane test targets	Run PaneTests	2026-08-03T15:34:26.9877360Z Test case 'BlocksViewScrollTests.testCompletedCommandPinsTimelineToItsTrueBottom()' passed on 'My Mac - Pane (2487)' (0.699 seconds)
Native Pane test targets	Run PaneTests	2026-08-03T15:34:26.9879700Z Test case 'BlocksViewScrollTests.testHugeOutputUsesCappedInlineScroller()' passed on 'My Mac - Pane (2487)' (2.384 seconds)
Native Pane test targets	Run PaneTests	2026-08-03T15:34:26.9881290Z Test suite 'SessionRecoveryTests' started on 'My Mac - Pane (2487)'
Native Pane test targets	Run PaneTests	2026-08-03T15:34:26.9882600Z Test case 'SessionRecoveryTests.testDirectoryFallbackUsesLatestUsableCommandDirectory()' passed on 'My Mac - Pane (2487)' (0.001 seconds)
Native Pane test targets	Run PaneTests	2026-08-03T15:34:26.9885300Z Test case 'SessionRecoveryTests.testDuplicateBlockIDsRestoreOnlyTheMostCompleteNewestRecord()' passed on 'My Mac - Pane (2487)' (0.001 seconds)
Native Pane test targets	Run PaneTests	2026-08-03T15:34:26.9888240Z Test case 'TerminalSessionHardeningTests.testTerminalSessionLifecycleStressMaintainsInvariants()' passed on 'My Mac - Pane (2466)' (5.789 seconds)
Native Pane test targets	Run PaneTests	2026-08-03T15:34:26.9891330Z Test case 'SessionRecoveryTests.testThreeHistoricalSessionsRestoreInOrderWithIndependentLifecycle()' passed on 'My Mac - Pane (2487)' (0.001 seconds)
Native Pane test targets	Run PaneTests	2026-08-03T15:34:26.9893310Z Test suite 'BlockLifecycleControllerTests' started on 'My Mac - Pane (2487)'
Native Pane test targets	Run PaneTests	2026-08-03T15:34:26.9894260Z Test suite 'TerminalSessionIntegrationTests' started on 'My Mac - Pane (2466)'
Native Pane test targets	Run PaneTests	2026-08-03T15:34:26.9897310Z Test case 'BlockLifecycleControllerTests.testQueueStartAndCompletionHaveOneAuthoritativeLifecycle()' passed on 'My Mac - Pane (2487)' (0.001 seconds)
Native Pane test targets	Run PaneTests	2026-08-03T15:34:26.9901110Z Test case 'BlockLifecycleControllerTests.testRestartInterruptsRunningAndQueuedBlocksAndRetainsSanitizedReplay()' passed on 'My Mac - Pane (2487)' (0.010 seconds)
Native Pane test targets	Run PaneTests	2026-08-03T15:34:26.9904360Z Test case 'BlockLifecycleControllerTests.testSecondCommandCannotStartWhileAnotherBlockIsRunning()' passed on 'My Mac - Pane (2487)' (0.001 seconds)
Native Pane test targets	Run PaneTests	2026-08-03T15:34:26.9907910Z Test suite 'ResourcePerformanceTests' started on 'My Mac - Pane (2487)'
Native Pane test targets	Run PaneTests	2026-08-03T15:34:26.9909920Z Test case 'ResourcePerformanceTests.testCompletionCancellationWaitsForTrackedTaskCleanup()' passed on 'My Mac - Pane (2487)' (0.072 seconds)
Native Pane test targets	Run PaneTests	2026-08-03T15:34:26.9912310Z Test case 'ResourcePerformanceTests.testGitCacheUsesVisibilitySpecificTTL()' passed on 'My Mac - Pane (2487)' (0.001 seconds)
Native Pane test targets	Run PaneTests	2026-08-03T15:34:26.9914930Z Test case 'ResourcePerformanceTests.testLifecycleEventRingRetainsNewestEventsInOrder()' passed on 'My Mac - Pane (2487)' (0.001 seconds)
Native Pane test targets	Run PaneTests	2026-08-03T15:34:26.9918070Z Test case 'ResourcePerformanceTests.testPerformanceThresholdsMatchP2ReleaseGuardrails()' passed on 'My Mac - Pane (2487)' (0.001 seconds)
Native Pane test targets	Run PaneTests	2026-08-03T15:34:26.9919850Z Test case 'ResourcePerformanceTests.testProcessMetricsAndSoakSamplingAreBoundedAndPopulated()' passed on 'My Mac - Pane (2487)' (0.016 seconds)
Native Pane test targets	Run PaneTests	2026-08-03T15:34:26.9921820Z Test case 'ResourcePerformanceTests.testResourceCountersAreBalancedAndSnapshotIsCodable()' passed on 'My Mac - Pane (2487)' (0.001 seconds)
Native Pane test targets	Run PaneTests	2026-08-03T15:34:26.9923990Z Test suite 'CommandHistoryTests' started on 'My Mac - Pane (2487)'
Native Pane test targets	Run PaneTests	2026-08-03T15:34:26.9925810Z Test case 'CommandHistoryTests.testConsecutiveDuplicateIsStoredOnce()' passed on 'My Mac - Pane (2487)' (0.001 seconds)
Native Pane test targets	Run PaneTests	2026-08-03T15:34:26.9928080Z Test case 'CommandHistoryTests.testContinuationCanReplaceMostRecentEntry()' passed on 'My Mac - Pane (2487)' (0.001 seconds)
Native Pane test targets	Run PaneTests	2026-08-03T15:34:26.9930210Z Test case 'CommandHistoryTests.testEmptyCommandIsNotStored()' passed on 'My Mac - Pane (2487)' (0.001 seconds)
Native Pane test targets	Run PaneTests	2026-08-03T15:34:26.9932550Z Test case 'CommandHistoryTests.testHistoryRetainsOnlyNewestConfiguredEntries()' passed on 'My Mac - Pane (2487)' (0.001 seconds)
Native Pane test targets	Run PaneTests	2026-08-03T15:34:26.9934930Z Test case 'CommandHistoryTests.testNavigatesBackwardAndForwardAndRestoresDraft()' passed on 'My Mac - Pane (2487)' (0.001 seconds)
Native Pane test targets	Run PaneTests	2026-08-03T15:34:26.9937000Z Test suite 'TerminalInteractionControllerTests' started on 'My Mac - Pane (2487)'
Native Pane test targets	Run PaneTests	2026-08-03T15:34:26.9939290Z Test case 'TerminalInteractionControllerTests.testAlternateScreenAtIdleTemporarilyOwnsInput()' passed on 'My Mac - Pane (2487)' (0.001 seconds)
Native Pane test targets	Run PaneTests	2026-08-03T15:34:26.9942380Z Test case 'TerminalInteractionControllerTests.testAlternateScreenBlockToTerminalSwitchDoesNotLoseInput()' passed on 'My Mac - Pane (2487)' (0.001 seconds)
Native Pane test targets	Run PaneTests	2026-08-03T15:34:26.9943550Z Test case 'TerminalInteractionControllerTests.testBasicCommandReturnsComposerOwnership()' passed on 'My Mac - Pane (2487)' (0.001 seconds)
Native Pane test targets	Run PaneTests	2026-08-03T15:34:26.9947020Z Test case 'TerminalInteractionControllerTests.testDeterministicRandomizedTransitionsPreserveInvariants()' passed on 'My Mac - Pane (2487)' (0.088 seconds)
Native Pane test targets	Run PaneTests	2026-08-03T15:34:26.9949410Z Test case 'TerminalInteractionControllerTests.testDirectInputFinishingWhileTerminalMountedReturnsCorrectOwner()' passed on 'My Mac - Pane (2487)' (0.001 seconds)
Native Pane test targets	Run PaneTests	2026-08-03T15:34:26.9951540Z Test case 'TerminalInteractionControllerTests.testLifecycleStatesRejectPresentationAndCommandEvents()' passed on 'My Mac - Pane (2487)' (0.015 seconds)
Native Pane test targets	Run PaneTests	2026-08-03T15:34:26.9953210Z Test case 'TerminalInteractionControllerTests.testManualFullTerminalIsStickyAcrossCommands()' passed on 'My Mac - Pane (2487)' (0.001 seconds)
Native Pane test targets	Run PaneTests	2026-08-03T15:34:26.9955990Z Test case 'TerminalInteractionControllerTests.testManualFullTerminalRemainsStickyAcrossAlternateScreenCompletion()' passed on 'My Mac - Pane (2487)' (0.001 seconds)
Native Pane test targets	Run PaneTests	2026-08-03T15:34:26.9957640Z Test case 'TerminalInteractionControllerTests.testProjectedPresentationAndInputComeFromInteractionController()' passed on 'My Mac - Pane (2487)' (0.052 seconds)
Native Pane test targets	Run PaneTests	2026-08-03T15:34:26.9959340Z Test case 'TerminalInteractionControllerTests.testRepeatedFocusRequestInvalidatesOlderAsyncWork()' passed on 'My Mac - Pane (2487)' (0.001 seconds)
Native Pane test targets	Run PaneTests	2026-08-03T15:34:26.9961870Z Test case 'TerminalInteractionControllerTests.testRestartDuringDirectInputDoesNotLeaveDeadFirstResponder()' passed on 'My Mac - Pane (2487)' (0.001 seconds)
Native Pane test targets	Run PaneTests	2026-08-03T15:34:26.9965450Z Test case 'TerminalInteractionControllerTests.testReturningFromFullTerminalRestoresActiveDirectInteraction()' passed on 'My Mac - Pane (2487)' (0.001 seconds)
Native Pane test targets	Run PaneTests	2026-08-03T15:34:26.9969790Z Test case 'TerminalInteractionControllerTests.testSecurePromptHasNoComposerOwner()' passed on 'My Mac - Pane (2487)' (0.001 seconds)
Native Pane test targets	Run PaneTests	2026-08-03T15:34:26.9972630Z Test case 'TerminalInteractionControllerTests.testShellExitAndShutdownRemoveInputOwnership()' passed on 'My Mac - Pane (2487)' (0.000 seconds)
Native Pane test targets	Run PaneTests	2026-08-03T15:34:26.9975780Z Test case 'TerminalInteractionControllerTests.testUpdateNSViewCannotStealNewerFocusRequest()' passed on 'My Mac - Pane (2487)' (0.001 seconds)
Native Pane test targets	Run PaneTests	2026-08-03T15:34:26.9977520Z Test suite 'CommandClickableTextViewTests' started on 'My Mac - Pane (2487)'
Native Pane test targets	Run PaneTests	2026-08-03T15:34:26.9979670Z Test case 'CommandClickableTextViewTests.testCompletedSnapshotUsesPlainBlockOutputPresentation()' passed on 'My Mac - Pane (2487)' (0.017 seconds)
Native Pane test targets	Run PaneTests	2026-08-03T15:34:26.9982420Z Test case 'CommandClickableTextViewTests.testHeightUsesTheProposedWidthInsteadOfTheInitialZeroWidth()' passed on 'My Mac - Pane (2487)' (0.003 seconds)
Native Pane test targets	Run PaneTests	2026-08-03T15:34:26.9984530Z Test case 'TerminalSessionIntegrationTests.testActiveBlockStreamsThroughReadOnlyTerminalThenFreezesOneSnapshot()' passed on 'My Mac - Pane (2466)' (0.592 seconds)
Native Pane test targets	Run PaneTests	2026-08-03T15:34:26.9985470Z Test suite 'AlternateScreenTranscriptFilterTests' started on 'My Mac - Pane (2487)'
Native Pane test targets	Run PaneTests	2026-08-03T15:34:26.9986280Z Test case 'AlternateScreenTranscriptFilterTests.testAllSupportedPrivateModesToggleAcrossSingleByteChunks()' passed on 'My Mac - Pane (2487)' (0.003 seconds)
Native Pane test targets	Run PaneTests	2026-08-03T15:34:26.9987380Z Test case 'TerminalSessionIntegrationTests.testAlternateScreenEmbedsDirectTerminalWithoutLeavingBlocksLayout()' passed on 'My Mac - Pane (2466)' (0.084 seconds)
Native Pane test targets	Run PaneTests	2026-08-03T15:34:26.9988570Z Test case 'AlternateScreenTranscriptFilterTests.testAlternateScreenFramesAreReplacedWithoutMergingNormalContent()' passed on 'My Mac - Pane (2487)' (0.002 seconds)
Native Pane test targets	Run PaneTests	2026-08-03T15:34:26.9989640Z Test case 'AlternateScreenTranscriptFilterTests.testCombinedPrivateModeSequenceIsRecognized()' passed on 'My Mac - Pane (2487)' (0.105 seconds)
Native Pane test targets	Run PaneTests	2026-08-03T15:34:26.9991240Z Test case 'AlternateScreenTranscriptFilterTests.testLifecycleMarkerPassesThroughWhileAlternateScreenIsActive()' passed on 'My Mac - Pane (2487)' (0.001 seconds)
Native Pane test targets	Run PaneTests	2026-08-03T15:34:26.9992400Z Test case 'AlternateScreenTranscriptFilterTests.testOversizedSequenceDoesNotResetAlternateScreenState()' passed on 'My Mac - Pane (2487)' (0.006 seconds)
Native Pane test targets	Run PaneTests	2026-08-03T15:34:26.9994630Z Test case 'AlternateScreenTranscriptFilterTests.testOversizedUnterminatedOSCIsDiscardedAndNormalParsingRecovers()' passed on 'My Mac - Pane (2487)' (0.003 seconds)
Native Pane test targets	Run PaneTests	2026-08-03T15:34:26.9995880Z Test case 'AlternateScreenTranscriptFilterTests.testRepeatedEnterEmitsOnePlaceholderPerInactiveToActiveTransition()' passed on 'My Mac - Pane (2487)' (0.001 seconds)
Native Pane test targets	Run PaneTests	2026-08-03T15:34:26.9997020Z Test case 'AlternateScreenTranscriptFilterTests.testUnrelatedEscapeSequencesRemainByteForByteIdentical()' passed on 'My Mac - Pane (2487)' (0.001 seconds)
Native Pane test targets	Run PaneTests	2026-08-03T15:34:26.9997810Z Test suite 'CommandSerializerTests' started on 'My Mac - Pane (2487)'
Native Pane test targets	Run PaneTests	2026-08-03T15:34:26.9998470Z Test case 'CommandSerializerTests.testActiveInputDoesNotInjectBracketedPasteMarkers()' passed on 'My Mac - Pane (2487)' (0.001 seconds)
Native Pane test targets	Run PaneTests	2026-08-03T15:34:26.9999380Z Test case 'CommandSerializerTests.testAppendsExactlyOneCarriageReturn()' passed on 'My Mac - Pane (2487)' (0.001 seconds)
Native Pane test targets	Run PaneTests	2026-08-03T15:34:27.0000320Z Test case 'CommandSerializerTests.testDoesNotNormalizeExistingLineEndings()' passed on 'My Mac - Pane (2487)' (0.001 seconds)
Native Pane test targets	Run PaneTests	2026-08-03T15:34:27.0001220Z Test case 'CommandSerializerTests.testEmptyCommandSerializesAsBlankShellLine()' passed on 'My Mac - Pane (2487)' (0.001 seconds)
Native Pane test targets	Run PaneTests	2026-08-03T15:34:27.0002150Z Test case 'CommandSerializerTests.testPreservesMultilineCommand()' passed on 'My Mac - Pane (2487)' (0.001 seconds)
Native Pane test targets	Run PaneTests	2026-08-03T15:34:27.0003070Z Test suite 'PTYGenerationGateTests' started on 'My Mac - Pane (2487)'
Native Pane test targets	Run PaneTests	2026-08-03T15:34:27.0004690Z Test case 'PTYGenerationGateTests.testStaleGenerationBytesAreRejectedAndTerminationIsExactlyOnce()' passed on 'My Mac - Pane (2487)' (0.002 seconds)
Native Pane test targets	Run PaneTests	2026-08-03T15:34:27.0005860Z Test case 'TerminalSessionIntegrationTests.testAlternateScreenInputSurvivesRapidBlocksTerminalReparenting()' passed on 'My Mac - Pane (2466)' (6.279 seconds)
Native Pane test targets	Run PaneTests	2026-08-03T15:34:27.0006880Z Test case 'TerminalSessionIntegrationTests.testAlternateScreenLayoutRemovesBottomComposer()' passed on 'My Mac - Pane (2466)' (0.344 seconds)
Native Pane test targets	Run PaneTests	2026-08-03T15:34:27.0007950Z Test case 'TerminalSessionIntegrationTests.testAlternateScreenOverridesTransientAutomaticSecureClassification()' passed on 'My Mac - Pane (2466)' (0.127 seconds)
Native Pane test targets	Run PaneTests	2026-08-03T15:34:27.0009380Z Test case 'TerminalSessionIntegrationTests.testApplicationExitPersistsSensitiveCommandAsNonRerunnablePlaceholder()' passed on 'My Mac - Pane (2466)' (1.097 seconds)
Native Pane test targets	Run PaneTests	2026-08-03T15:34:27.0011190Z Test case 'TerminalSessionIntegrationTests.testAuthoritativeHostAppliesViewportInsetsWithoutRecreatingTerminal()' passed on 'My Mac - Pane (2466)' (0.004 seconds)
Native Pane test targets	Run PaneTests	2026-08-03T15:34:27.0012340Z Test case 'TerminalSessionIntegrationTests.testAuthoritativeTerminalAndHostIdentitySurviveRemounting()' passed on 'My Mac - Pane (2466)' (0.004 seconds)
Native Pane test targets	Run PaneTests	2026-08-03T15:34:27.0013880Z Test case 'TerminalSessionIntegrationTests.testAutocompleteCapturesCompletionDefinedInTheWarmShell()' passed on 'My Mac - Pane (2466)' (0.687 seconds)
Native Pane test targets	Run PaneTests	2026-08-03T15:34:27.0014910Z Test case 'TerminalSessionIntegrationTests.testBlocksComposerHasAFullWidthEditableTextView()' passed on 'My Mac - Pane (2466)' (0.438 seconds)
Native Pane test targets	Run PaneTests	2026-08-03T15:34:27.0015950Z Test case 'TerminalSessionIntegrationTests.testCancellingContinuationUnwedgesNextCommand()' passed on 'My Mac - Pane (2466)' (0.117 seconds)
Native Pane test targets	Run PaneTests	2026-08-03T15:34:27.0017600Z Test case 'TerminalSessionIntegrationTests.testCharacterChoiceUsesCompactAuthoritativeBlockAndPreservesPrompt()' passed on 'My Mac - Pane (2466)' (0.404 seconds)
Native Pane test targets	Run PaneTests	2026-08-03T15:34:27.0020680Z Test case 'TerminalSessionIntegrationTests.testCommandAndRestartExposeCrashSimulationCheckpoints()' passed on 'My Mac - Pane (2466)' (1.175 seconds)
Native Pane test targets	Run PaneTests	2026-08-03T15:34:27.0032710Z Test case 'TerminalSessionIntegrationTests.testCommandsShareOnePersistentPTYBackedShell()' passed on 'My Mac - Pane (2466)' (0.226 seconds)
Native Pane test targets	Run PaneTests	2026-08-03T15:34:27.0035830Z Test case 'TerminalSessionIntegrationTests.testCompletedBlockPreservesStderrAndNonzeroExitCode()' passed on 'My Mac - Pane (2466)' (0.077 seconds)
Native Pane test targets	Run PaneTests	2026-08-03T15:34:27.0038750Z Test case 'TerminalSessionIntegrationTests.testCompletedCommandPersistsAndRestoresOnlyPredictionHistory()' passed on 'My Mac - Pane (2466)' (0.101 seconds)
Native Pane test targets	Run PaneTests	2026-08-03T15:34:27.0041540Z Test case 'TerminalSessionIntegrationTests.testComposerControlCInterruptsForegroundCommand()' passed on 'My Mac - Pane (2466)' (0.449 seconds)
Native Pane test targets	Run PaneTests	2026-08-03T15:34:27.0044410Z Test case 'TerminalSessionIntegrationTests.testControlledShutdownPersistsActiveCommandOnceAndRejectsSubmissions()' passed on 'My Mac - Pane (2466)' (1.190 seconds)
Native Pane test targets	Run PaneTests	2026-08-03T15:34:27.0047320Z Test case 'TerminalSessionIntegrationTests.testCopyOutputAndCombinedCopySanitizeBearerTokens()' passed on 'My Mac - Pane (2466)' (0.094 seconds)
Native Pane test targets	Run PaneTests	2026-08-03T15:34:27.0049400Z Test case 'TerminalSessionIntegrationTests.testDEC1049UsesAnIsolatedAlternateBufferAndRestoresNormalBuffer()' passed on 'My Mac - Pane (2466)' (0.005 seconds)
Native Pane test targets	Run PaneTests	2026-08-03T15:34:27.0050480Z Test case 'TerminalSessionIntegrationTests.testDirectTerminalCommandBecomesOneStructuredBlock()' passed on 'My Mac - Pane (2466)' (0.149 seconds)
Native Pane test targets	Run PaneTests	2026-08-03T15:34:27.0051460Z Test case 'TerminalSessionIntegrationTests.testDismissingSearchRestoresTheCompleteBlocksTimeline()' passed on 'My Mac - Pane (2466)' (0.002 seconds)
Native Pane test targets	Run PaneTests	2026-08-03T15:34:27.0052430Z Test case 'TerminalSessionIntegrationTests.testForegroundMonitorKeepsPaneShellInBlocksMode()' passed on 'My Mac - Pane (2466)' (0.617 seconds)
Native Pane test targets	Run PaneTests	2026-08-03T15:34:27.0053380Z Test case 'TerminalSessionIntegrationTests.testHiddenPrimaryTerminalStillEmitsProtocolReplies()' passed on 'My Mac - Pane (2466)' (0.005 seconds)
Native Pane test targets	Run PaneTests	2026-08-03T15:34:27.0055380Z Test case 'TerminalSessionIntegrationTests.testIncompleteCommandContinuesInComposerAndCompletesOneBlock()' passed on 'My Mac - Pane (2466)' (0.071 seconds)
Native Pane test targets	Run PaneTests	2026-08-03T15:34:27.0057280Z Test case 'TerminalSessionIntegrationTests.testInteractiveLoginShellLoadsZshrcUsedByOhMyZsh()' passed on 'My Mac - Pane (2466)' (0.118 seconds)
Native Pane test targets	Run PaneTests	2026-08-03T15:34:27.0058640Z Test case 'TerminalSessionIntegrationTests.testLiveMirrorDetachDoesNotLoseEarlierOutput()' passed on 'My Mac - Pane (2466)' (0.337 seconds)
Native Pane test targets	Run PaneTests	2026-08-03T15:34:27.0061020Z Test case 'TerminalSessionIntegrationTests.testManualModeChoiceOverridesAlternateScreenAutoReturn()' passed on 'My Mac - Pane (2466)' (0.062 seconds)
Native Pane test targets	Run PaneTests	2026-08-03T15:34:27.0064370Z Test case 'TerminalSessionIntegrationTests.testManualSecureInputSuspendsAndRestoresComposerDraft()' passed on 'My Mac - Pane (2466)' (0.058 seconds)
Native Pane test targets	Run PaneTests	2026-08-03T15:34:27.0067260Z Test case 'TerminalSessionIntegrationTests.testMountReportsReparentingAndRepairsOnlyTerminalFocusIntent()' passed on 'My Mac - Pane (2466)' (0.590 seconds)
Native Pane test targets	Run PaneTests	2026-08-03T15:34:27.0068430Z Test case 'TerminalSessionIntegrationTests.testMultilineDraftProducesOneCompletedBlock()' passed on 'My Mac - Pane (2466)' (0.127 seconds)
Native Pane test targets	Run PaneTests	2026-08-03T15:34:27.0070340Z Test case 'TerminalSessionIntegrationTests.testNoEchoInputBypassesDraftHistoryAutocompleteAndRenderedOutput()' passed on 'My Mac - Pane (2466)' (0.277 seconds)
Native Pane test targets	Run PaneTests	2026-08-03T15:34:27.0071700Z Test case 'TerminalSessionIntegrationTests.testNoninteractiveForegroundProgramDoesNotForceDirectInput()' passed on 'My Mac - Pane (2466)' (0.486 seconds)
Native Pane test targets	Run PaneTests	2026-08-03T15:34:27.0074760Z Test case 'TerminalSessionIntegrationTests.testNormalCopyCommandRemainsUnchanged()' passed on 'My Mac - Pane (2466)' (0.004 seconds)
Native Pane test targets	Run PaneTests	2026-08-03T15:34:27.0076700Z Test case 'TerminalSessionIntegrationTests.testRapidAlternateScreenExitReturnsKeyboardFocusToComposer()' passed on 'My Mac - Pane (2466)' (0.350 seconds)
Native Pane test targets	Run PaneTests	2026-08-03T15:34:27.0079740Z Test case 'TerminalSessionIntegrationTests.testRawTermiosAutomaticallyUsesCompactDirectInput()' passed on 'My Mac - Pane (2466)' (0.313 seconds)
Native Pane test targets	Run PaneTests	2026-08-03T15:34:27.0083690Z Test case 'TerminalSessionIntegrationTests.testRawWaitStatusIsNormalizedForDisplay()' passed on 'My Mac - Pane (2466)' (0.001 seconds)
Native Pane test targets	Run PaneTests	2026-08-03T15:34:27.0086450Z Test case 'TerminalSessionIntegrationTests.testReadOnlyLiveMirrorHidesItsNoninteractiveScroller()' passed on 'My Mac - Pane (2466)' (0.003 seconds)
Native Pane test targets	Run PaneTests	2026-08-03T15:34:27.0089750Z Test case 'TerminalSessionIntegrationTests.testRestartPersistsActiveCommandAsInterruptedWithStableIDAndOutput()' passed on 'My Mac - Pane (2466)' (1.189 seconds)
Native Pane test targets	Run PaneTests	2026-08-03T15:34:27.0093440Z Test case 'TerminalSessionIntegrationTests.testSearchFromFullTerminalReturnsToAuthoritativeTerminal()' passed on 'My Mac - Pane (2466)' (0.048 seconds)
Native Pane test targets	Run PaneTests	2026-08-03T15:34:27.0096840Z Test case 'TerminalSessionIntegrationTests.testSearchPresentationAdvancesFocusGenerationAndRestoresComposer()' passed on 'My Mac - Pane (2466)' (0.001 seconds)
Native Pane test targets	Run PaneTests	2026-08-03T15:34:27.0100360Z Test case 'TerminalSessionIntegrationTests.testSecureInputFocusIntentOverridesAndSafelyReturnsToComposer()' passed on 'My Mac - Pane (2466)' (0.047 seconds)
Native Pane test targets	Run PaneTests	2026-08-03T15:34:27.0102960Z Test case 'TerminalSessionIntegrationTests.testShellBuiltinReadSilentEntersSecureModeWithoutLeakingInput()' passed on 'My Mac - Pane (2466)' (0.117 seconds)
Native Pane test targets	Run PaneTests	2026-08-03T15:34:27.0105690Z Test case 'TerminalSessionIntegrationTests.testShellInitializationBlocksDraftSubmissionUntilReady()' passed on 'My Mac - Pane (2466)' (0.060 seconds)
Native Pane test targets	Run PaneTests	2026-08-03T15:34:27.0108070Z Test case 'TerminalSessionIntegrationTests.testStaleFocusGenerationIsIgnored()' passed on 'My Mac - Pane (2466)' (0.001 seconds)
Native Pane test targets	Run PaneTests	2026-08-03T15:34:27.0109220Z Test case 'TerminalSessionIntegrationTests.testStandardCopyCommandSanitizesSecrets()' passed on 'My Mac - Pane (2466)' (0.004 seconds)
Native Pane test targets	Run PaneTests	2026-08-03T15:34:27.0112420Z Test case 'TerminalSessionIntegrationTests.testTerminalModePassesLiteralTabByteToPTY()' passed on 'My Mac - Pane (2466)' (0.192 seconds)
Native Pane test targets	Run PaneTests	2026-08-03T15:34:27.0115670Z Test case 'TerminalSessionIntegrationTests.testTerminalRepresentableUpdatePreservesSearchFieldFocus()' passed on 'My Mac - Pane (2466)' (0.101 seconds)
Native Pane test targets	Run PaneTests	2026-08-03T15:34:27.0119160Z Test case 'TerminalSessionIntegrationTests.testUnexpectedShellExitPersistsActiveCommandAsInterrupted()' passed on 'My Mac - Pane (2466)' (0.123 seconds)
Native Pane test targets	Run PaneTests	2026-08-03T15:34:27.0993160Z ##[error]Process completed with exit code 65.
